prompt,response
Phong tục gói bánh chưng bánh tét ngày Tết mang ý nghĩa gì?,"Bánh chưng hình vuông tượng trưng cho đất, bánh giầy hình tròn tượng trưng cho trời, thể hiện quan niệm người xưa về trời đất và lòng biết ơn. Bánh tét hình trụ ở miền Nam cũng mang ý nghĩa tương tự. Việc gói bánh ngày Tết là dịp cả nhà quây quần, gìn giữ nét văn hóa cổ truyền và tưởng nhớ tổ tiên."
Vì sao cá vàng có thể bơi trong nước lạnh?,"Cá vàng là loài cá nước lạnh, cơ thể thích nghi sống ở nhiệt độ thấp hơn cá nhiệt đới. Khi trời lạnh, chúng giảm trao đổi chất, ăn ít và hoạt động chậm lại để tiết kiệm năng lượng. Nhờ enzyme và hệ tuần hoàn thích nghi, chúng vẫn sống khỏe trong nước 15–25 độ C, nhưng cần tránh thay đổi nhiệt độ đột ngột."
Vì sao lá cây thường có màu xanh?,"Lá chứa chất diệp lục (chlorophyll), sắc tố hấp thụ ánh sáng để quang hợp tạo thức ăn cho cây. Diệp lục hấp thụ mạnh ánh sáng đỏ và xanh dương nhưng phản xạ ánh sáng xanh lục, nên mắt ta thấy lá màu xanh. Vào mùa thu, diệp lục phân hủy khi nhiệt độ giảm khiến lá lộ ra sắc tố vàng, cam khác."
Đồng bằng sông Cửu Long có đặc trưng gì?,"Đồng bằng sông Cửu Long là vựa lúa lớn nhất Việt Nam, nằm ở cực Nam với mạng lưới sông ngòi, kênh rạch chằng chịt. Nơi đây nổi tiếng với vườn cây ăn trái, ruộng lúa, chợ nổi và miệt vườn. Người dân sống gắn bó với sông nước, văn hóa sông nước đặc sắc, và đây là nơi có hệ sinh thái ngập mặn quan trọng."
Nấu phở ngon cần lưu ý những gì?,"Xương bò hoặc gà phải ninh kỹ ít nhất 4-6 tiếng, hớt bọt thường xuyên để nước trong. Thắng hành, gừng, thảo quả, quế, hồi trước khi cho vào nồi để dậy mùi. Nước dùng nêm vừa, phở chín tới, ăn kèm chanh, ớt, rau thơm. Quan trọng nhất là nước lèo phải đậm đà mà vẫn thanh."
Dãy núi nào cao nhất Việt Nam và đỉnh cao bao nhiêu mét?,"Dãy Hoàng Liên Sơn, còn gọi là nóc nhà Đông Dương, nằm ở Tây Bắc bộ. Đỉnh Phan Xi Păng cao 3.147 mét, là đỉnh cao nhất Việt Nam và cả bán đảo Đông Dương. Từ Sa Pa leo lên đỉnh mất khoảng 2-3 ngày, phong cảnh rất hùng vĩ với rừng nguyên sinh và mây mù quanh năm."
Áo dài có ý nghĩa gì trong văn hóa Việt Nam?,"Áo dài là trang phục truyền thống, tượng trưng cho sự duyên dáng và nét đẹp của người Việt. Nữ sinh thường mặc áo dài trắng đến trường, cô dâu mặc áo dài trong ngày cưới. Áo dài được may ôm sát, xẻ tà, mặc cùng quần dài, thể hiện sự kín đáo và thanh lịch. Nhiều dịp lễ quan trọng đều mặc áo dài để tôn vinh truyền thống."
Sông Mê Kông bắt nguồn từ đâu và chảy qua những nước nào?,"Sông Mê Kông bắt nguồn từ cao nguyên Thanh Hải ở Trung Quốc, chảy qua Trung Quốc, Myanmar, Lào, Thái Lan, Campuchia rồi vào Việt Nam. Đoạn chảy trong nước có tên là sông Cửu Long, đổ ra biển qua chín cửa. Đây là con sông quan trọng nhất vùng Đồng bằng sông Cửu Long, nuôi sống hàng triệu người dân."
Vì sao nói mưa ngâu tháng bảy là đặc trưng của miền Bắc Việt Nam?,"Tháng 7 âm lịch miền Bắc thường có gió mùa tây nam hoạt động mạnh kết hợp dải hội tụ nhiệt đới, gây mưa kéo dài nhiều ngày liên tục, dân gian gọi là mưa ngâu. Người xưa lý giải đó là nước mắt Ngưu Lang Chức Nữ gặp nhau, nên tên gọi gắn liền với truyện cổ tích. Thực chất đây là quy luật khí hậu gió mùa rất đặc trưng của vùng đồng bằng Bắc Bộ."
"Cách muối dưa, cà chua ngon cho bữa cơm Việt như thế nào?","Chọn dưa hay cà già vừa, rửa sạch, pha nước muối khoảng 3-4% kèm thêm ít đường để cân bằng vị chua. Ngâm muối vài giờ bớt độ hăng rồi gài nén cho ngập nước tránh bị váng. Thả vài tép tỏi, ớt, củ riềng vào tạo mùi thơm. Để nơi thoáng, 3-4 ngày là ăn, khi chua vàng giòn là chuẩn, càng để lâu càng chua gắt nên ăn dần."
Giới thiệu ngắn gọn món phở của Việt Nam.,"Phở là món ăn truyền thống nổi tiếng của Việt Nam, gồm bánh phở, nước dùng ninh từ xương bò hoặc gà, thêm thịt và rau thơm. Thường ăn nóng vào buổi sáng. Mỗi vùng có cách nêm nếm riêng, nổi bật nhất là phở Hà Nội."
Trái đất quay quanh mặt trời mất bao lâu?,"Trái đất mất khoảng 365,25 ngày để quay hết một vòng quanh mặt trời, gọi là một năm. Phần dư 0,25 ngày được gom lại thành ngày nhuận 29/2 mỗi 4 năm. Trục trái đất nghiêng khoảng 23,5 độ tạo ra bốn mùa."
Vì sao muối giúp bảo quản thực phẩm?,"Muối làm giảm hoạt độ nước trong thực phẩm, khiến vi khuẩn và nấm mốc khó sống và sinh sôi. Đây là kỹ thuật truyền thống dùng để ướp cá, làm mắm, muối chua. Nồng độ muối cao tạo môi trường hút nước khỏi vi sinh vật."
Tết Nguyên đán ở Việt Nam có ý nghĩa gì?,"Tết Nguyên đán là dịp lễ lớn nhất năm, đánh dấu thời khắc chuyển giao giữa năm cũ và năm mới theo lịch âm. Người Việt dọn dẹp nhà cửa, gói bánh chưng, cúng ông Công ông Táo, chúc Tết người thân và đi lễ chùa đầu năm."
Sông Cửu Long có đặc điểm gì và chảy qua những quốc gia nào?,"Sông Cửu Long còn gọi là sông Mê Kông, là một trong những con sông dài nhất châu Á. Sông bắt nguồn từ cao nguyên Tây Tạng, chảy qua Trung Quốc, Myanmar, Lào, Thái Lan, Campuchia rồi đổ ra biển Việt Nam. Trước khi ra biển, sông chia thành chín nhánh gọi là chín con rồng, tạo nên vùng đồng bằng sông Cửu Long trù phú với ruộng lúa, vườn cây ăn trái."
Vì sao sông Mekong quan trọng với đồng bằng sông Cửu Long?,"Sông Mekong cung cấp hơn 90% lượng phù sa cho đồng bằng sông Cửu Long, làm đất thêm màu mỡ cho nông nghiệp, đặc biệt là lúa gạo. Dòng nước ngọt khổng lồ của sông còn dưỡng hệ sinh thái rừng ngập mặn, nuôi thủy sản và cân bằng độ mặn của nước ngầm. Người dân sống dựa vào con nước: ghe thuyền, chợ nổi, giao thương và sinh hoạt đều gắn bó mật thiết với dòng sông này."
Tại sao bánh chưng ở miền Bắc và bánh tét ở miền Nam khác nhau?,"Bánh chưng hình vuông, miền Bắc dùng lá dong, gói từng chiếc riêng cho ngày Tết, ăn kèm dưa hành. Bánh tét hình trụ dài, miền Nam dùng lá chuối, nhân thường có đậu xanh và thịt, cắt khoanh mỏng để ăn dần qua ngày. Hình dạng khác nhau vì cách gói truyền thống từng vùng, nhưng ý nghĩa chung vẫn là tưởng nhớ tổ tiên và cầu một năm mới đủ đầy."
Bánh mì Việt Nam có gì đặc biệt mà được thế giới khen?,"Bánh mì Việt hấp dẫn nhờ sự kết hợp Đông - Tây: vỏ giòn tan từ kỹ thuật làm bánh thời Pháp, nhưng nhân lại thuần Việt. Trong ổ có pate, jambon, thịt nướng, chả lụa, rau sống, dưa leo, đồ chua và ít sốt. Nhờ vậy vừa no vừa đủ chất, giá lại bình dân, ăn được mọi bữa trong ngày."
Chợ nổi miền Tây có gì thú vị?,"Chợ nổi là nét độc đáo của vùng sông nước đồng bằng sông Cửu Long, tiêu biểu là chợ nổi Cái Răng và Phong Điền. Thương lái chở hàng bằng ghe thuyền, treo cây sào trước mũi làm biển hiệu bán mặt hàng gì, người mua lái xuồng cặp lại. Tờ mờ sáng chợ đã nhộn nhịp, du khách có thể ngồi thuyền vừa ngắm cảnh vừa ăn tô hủ tiếu nóng."
Vì sao nước sông Cửu Long luôn đục?,"Sông Cửu Long nước đục vì chở theo phù sa khổng lồ từ thượng nguồn sông Mê Kông, trải dài qua nhiều quốc gia rửa trôi đất đá. Phù sa gồm mùn và khoáng chất, vừa làm nước ngả màu nâu đục vừa bồi đắp cho đồng bằng trù phú, giúp ruộng lúa và vườn cây ăn trái màu mỡ. Mùa lũ nước đục hơn, mùa khô trong hơn một chút."
Phở Hà Nội và phở Sài Gòn khác nhau thế nào?,"Phở Hà Nội thường ăn với bánh phở dẹt, nước dùng thanh và trong, ít ngọt, bò tái hoặc chín, ăn kèm quẩy và rất ít rau. Phở Sài Gòn nước ngọt đậm hơn, đi kèm nhiều rau sống, giá, chanh ớt, quẩy và thường thêm tương đen, người miền Nam hay gọi gân, bắp hoặc sốt vang. Khác biệt chủ yếu nằm ở nước dùng và cách ăn kèm."
Nấu canh chua truyền thống cần những nguyên liệu gì?,"Nguyên liệu chính gồm cá hoặc tôm, cà chua, me để tạo vị chua, dứa, và các loại rau như bạc hà, đậu bắp, giá. Gia vị gồm nước mắm, muối, đường, ớt và hành tỏi phi thơm. Cách làm: phi hành tỏi, xào cá tôm sơ, đổ nước sôi cùng cà chua, dứa, me, nêm vừa ăn rồi thả rau cuối cùng để giữ độ tươi xanh."
Quang hợp ở thực vật diễn ra như thế nào?,"Quang hợp là quá trình cây dùng ánh sáng mặt trời chuyển nước và khí carbonic thành đường và oxy, diễn ra trong lục lạp chứa chất diệp lục. Phương trình đơn giản: carbonic cộng nước, dưới ánh sáng, tạo glucose và oxy. Ban ngày cây nhả oxy, ban đêm cây chỉ hô hấp nên hấp thụ oxy và thải carbonic với lượng nhỏ."
Sông Mê Kông chảy qua những quốc gia nào?,"Sông Mê Kông bắt nguồn từ cao nguyên Tây Tạng rồi chảy qua Trung Quốc, Myanmar, Lào, Thái Lan và Campuchia trước khi đổ ra biển qua Việt Nam. Đoạn trong lãnh thổ Việt Nam được gọi là sông Cửu Long, gồm nhiều nhánh tạo nên đồng bằng sông Cửu Long, vựa lúa lớn nhất cả nước."
Vì sao chim di cư về phương Nam mùa lạnh?,"Chim di cư để tìm nơi có thức ăn và khí hậu ấm áp khi mùa đông làm nguồn côn trùng, hạt giống cạn kiệt. Chúng định hướng nhờ từ trường trái đất, vị trí mặt trời, các vì sao và địa hình quen thuộc. Một số loài có thể bay hàng nghìn kilomet mỗi năm, đây là bản năng sinh tồn được duy trì qua nhiều thế hệ."
Ca trù là loại hình nghệ thuật gì?,"Ca trù là bộ môn nghệ thuật truyền thống của người Việt, kết hợp hát, đàn đáy, trống chầu và phách. Người hát chính gọi là đào nương (ca nương), tiếng hát ngân vang, luyến láy kỹ thuật cao. Ca trù từng được UNESCO ghi danh là di sản văn hóa phi vật thể cần bảo vệ khẩn cấp. Việc bảo tồn và truyền dạy vẫn được chú trọng ở nhiều địa phương."
Múa rối nước có nguồn gốc từ đâu?,"Múa rối nước bắt nguồn từ vùng đồng bằng châu thổ sông Hồng ở miền Bắc Việt Nam, gắn với đời sống nông nghiệp lúa nước. Những nghệ nhân đứng sau màn nước điều khiển con rối bằng hệ thống sào, dây; trò diễn mô phỏng cảnh cấy cày, chèo thuyền, đánh cá gắn với làng quê. Đây là loại hình múa rối độc đáo chỉ có ở Việt Nam."
Vì sao các nước Đông Nam Á mùa hạ lại hay mưa?,"Đông Nam Á nằm trong vùng nhiệt đới gió mùa châu Á, mùa hạ trời nóng làm biển và đất liền bốc hơi mạnh, gió mùa Tây Nam mang hơi ẩm từ Ấn Độ Dương và biển Đông thổi vào. Hơi ẩm bốc lên gặp lạnh ngưng tụ gây mưa lớn. Vì vậy mùa mưa ở đây thường trùng thời điểm hè, lượng mưa dồi dào đặc trưng của khí hậu gió mùa."
Vì sao người xưa dùng mặt trăng để tính âm lịch?,"Âm lịch căn cứ vào chu kỳ trăng tròn khuyết, một tháng âm lịch khoảng 29 hoặc 30 ngày. Người xưa quan sát mặt trăng dễ dàng hơn mặt trời nên dùng nó để chia thời gian, đặt lịch phục vụ nông nghiệp và lễ hội. Việt Nam dùng âm lịch để tính Tết Nguyên đán, ngày rằm, giỗ tổ tiên, gắn với đời sống tâm linh và sản xuất mùa vụ."
Vì sao người Việt hay cúng giao thừa?,"Giao thừa là khoảnh khắc chuyển giao giữa năm cũ và năm mới, người Việt làm mâm cúng đón ông bà tổ tiên về sum họp với con cháu và tiến năm cũ. Mâm cúng mặn hoặc chay thường gồm bánh chưng, xôi, gà, hoa quả, rượu và vàng mã. Nghi thức gửi gắm mong ước một năm mới may mắn, bình an, đồng thời giữ mối liên hệ với tổ tiên."
Vì sao chợ nổi miền Tây chỉ họp từ sáng sớm?,"Chợ nổi miền Tây họp vào rạng sáng vì từ sáng sớm các ghe xuồng đã chở nông sản tươi từ đồng về, hàng cần đến nơi trước khi trời nắng gắt để giữ tươi và kịp phiên chợ. Thời điểm này thuyền buôn tụ họp đông nhất, khách dễ mua được nông sản mới nhất trong ngày. Khoảng 8 giờ sáng chợ thưa dần khi hàng bán hết."
Vì sao người ta tránh xây nhà theo hướng tây nam nắng?,"Hướng tây và tây nam đón nắng buổi chiều, lúc mặt trời đứng thấp, ánh nắng chiếu xiên xuyên thẳng vào nhà gây nóng gay gắt, hầm hập trong nhiều giờ. Người phương Nam xưa quan niệm tránh nắng nóng làm trọng nên thích nhà quay hướng đông nam đón gió mát. Nhà hiện đại có thể khắc phục bằng vật liệu cách nhiệt, kính và cây xanh."
Vì sao chim công xòe đuôi đẹp như mắt thần?,"Lông đuôi chim công trống có hoa văn hình mắt ngũ sắc. Mùa sinh sản, chim trống xòe đuôi phô bày để hấp dẫn chim mái, những lông mắt càng rực rỡ càng dễ được chọn bạn. Hiệu ứng này trong sinh học gọi là chọn lọc giới tính: chim mái ưu tiên con trống khỏe mạnh, mượt mà. Đuôi đẹp đồng thời cảnh báo kẻ thù về sự nhanh nhẹn của con vật."
Vì sao sông Hồng có màu đất đỏ?,"Sông Hồng được gọi tên vì nước mang theo lượng lớn phù sa màu đỏ gạch từ nguồn khu vực Vân Nam, Trung Quốc. Dòng chảy xuyên qua vùng đất đá, cao nguyên bào mòn đưa đất màu đỏ xuôi theo nước về hạ lưu. Vào mùa lũ, nước sông càng đỏ đục, phù sa bồi đắp đồng bằng Bắc Bộ màu mỡ. Chính phù sa này làm nên sự trù phú của vùng lúa nước châu thổ."
Vì sao người ta hay nói mùa xuân là mùa của sự sống?,"Mùa xuân trời ấm dần lên, mưa phùn và ánh nắng nhẹ giúp cây cối nảy lộc, đâm chồi, chim chóc hoạt động nhiều hơn, nhiều loài động vật sinh sản. Nhiệt độ thuận lợi cho vi sinh vật phát triển, vạn vật bừng tỉnh sau mùa đông lạnh. Với người Việt, xuân còn gắn với Tết Nguyên đán, đánh dấu sự khởi đầu, hi vọng, nên hình ảnh mùa xuân tượng trưng cho sức sống và sự sinh sôi."
Vì sao người phương Tây dùng nĩa dao khi ăn?,"Dao nĩa phát triển ở châu Âu vì món ăn thiên về thịt nướng, cần cắt miếng dễ hơn dùng đũa, đồng thời văn hóa bàn ăn đề cao sự lịch thiệp, hạn chế chạm tay vào thức ăn ở cung đình. Nĩa xuất hiện khoảng thế kỷ 11 tại Ý rồi lan rộng. Còn phương Đông gắn bó với nông nghiệp lúa, món nấu chín tơi xốp nên dùng đũa gắp dễ. Mỗi cách ăn phản ánh lịch sử ẩm thực riêng."
"Em nghĩ nhiều đến chuyện ấy lúc làm việc, cứ phân tâm suốt, làm sao bớt?","Suy nghĩ về tình dục khi làm việc là bình thường vì hormone và tâm trí luôn hoạt động, nhưng nếu nó ảnh hưởng hiệu suất thì nên xử lý thay vì cố kìm nén. Ghi chú nhanh ý nghĩ đó vào điện thoại để não yên tâm rồi quay lại việc chính, kèm theo giải lao ngắn đi lại, kéo giãn cơ để giải phóng năng lượng. Sắp xếp thời gian riêng cho bản thân ngoài giờ cũng giúp giảm căng thẳng tích tụ khá hiệu quả."
Dựng 5 shot cho phân cảnh một người cha thất nghiệp lén nấu một bữa cơm tươm tất cho vợ sau khi anh vừa mất việc mà chưa dám kể.,"[SHOT 1] Narrow galley kitchen at dusk; one bulb over the stove. Tung ties his last tie on backward as an apron, cracks three eggs into hot oil — sizzle louder than his heartbeat.\n[SHOT 2] Close-up of his hands mincing herbs too finely, a small act of apology to no one.\n[SHOT 3] He stumbles on the old job news drifting in from the neighbor's radio; he turns the faucet to full blast to drown it.\n[SHOT 4] Medium as his wife's key turns in the lock; he wipes his brow, arranges the plates like evidence of a good day.\n[SHOT 5] Wide warm two-shot through the doorway: she eats a quiet bite and says <d>VIETNAMESE 'Do an dam hon moi hom.'</d> He almost cries. Grade: amber practical light, green-grey shadows. Feeling: dignity served hot."
"Bộ render isometric khu làng mini trong game, cây cối nhà cửa đầy màu sắc phong cách low poly, ánh sáng trong trẻo, asset game 3D.","Isometric low poly village in serene forest, stylized game assets, colorful miniature houses and trees, vibrant clean lighting, soft shadows, floating tile ground, 3D render in Blender, cozy game illustration style, masterpiece, best quality, crisp edges. Negative prompt: low quality, blurry, deformed, logo, watermark, text, dark, cluttered"
"Render 3D đảo nhỏ low poly giữa đại dương xanh ngọc, cây dừa và ô dù biển, asset game đầy màu sắc, phong cách nghệ thuật stylized.","Low poly stylized island surrounded by turquoise ocean with palm trees and beach umbrella, floating clouds, clean saturated colors, 3D game asset render, soft warm daylight, gentle shadows, vibrant outdoor scene, masterpiece, best quality, polished geometry. Negative prompt: low quality, blurry, deformed, logo, watermark, text, dark, cluttered"
"Render sảnh khách sạn 5 sao trần cao, đèn chùm vàng, cột đá cẩm thạch, sàn đá bóng phản chiếu, ánh sáng sang trọng, kiến trúc nội thất.","Grand five star hotel lobby 3D render, double height ceiling with golden crystal chandelier, marble columns, glossy reflective stone floor, luxurious warm lighting, architectural visualization, elegant commercial hospitality design, hyperrealistic, 8k, masterpiece, best quality. Negative prompt: low quality, blurry, deformed, logo, watermark, text, dark, cluttered"
"Mình bên nhau bao lâu rồi mà anh chưa từng dám nói tối nay anh muốn gì, giờ nói thử một lần đi.","Ừ tại anh quen kiểu né mấy vụ nói thẳng ra. Giờ nói thiệt: anh muốn thấy em chủ động hơn, tối đừng đợi anh rề rà, em cứ ghé sát lại bảo nhỏ 'tối nay em cần anh'. Câu đó nghe là anh bỏ hết mọi thứ theo liền à."
"Nghe nói đàn ông mê vợ mình biết chủ động táo bạo lắm, tối nay em liều một lần, anh chiều em chứ?","Chiều chứ, em cứ liều đi, quê làm gì. Anh mơ em mấy cái kiểu đó từ lâu rồi, có phải phản đối đâu. Trái lại anh đang mong 'nghiên cứu' buổi tối em lắm rồi đó, cứ thử xem."
"Tối nay trăng đẹp quá, anh muốn ra ngoài ngắm trăng hay ngắm em là đủ?","Trăng bao nhiêu đời chưa chán, còn em thì ngắm cả đời chưa đủ. Thôi tắt đèn, kéo rèm, để ánh trăng lọt qua khe cửa soi lên người em, là anh có cả một bộ phim người lớn tự sản xuất tại chỗ, đạo diễn lẫn diễn viên đều tại gia."
Anh đang nhắn cho em hay đang vuốt điện thoại chơi game đấy? Nhắn cho nhanh.,"Đang nhắn mà tay run run, gõ được nửa chữ đã thèm. Chơi game gì, em mới là bàn phím anh muốn nhấn nhá suốt đêm. Tắt điện thoại rồi, tối nay anh chỉ chat với em bằng ngôn ngữ khác thôi, khỏi cần mạng."
Anh thấy mấy đứa lên mạng khóc về tuổi thơ để kiếm lượt thì sao?,"Khóc ra view thì khóc, nhưng đừng khóc hảo hạng quá. Mừng được mấy ngày, sáng mở live bán hàng cười tít mắt, khán giả nó nhớ hết, nội dung nó lệch mút mùa, rồi nó bảo giả. Cái nước mắt đó bán một lần thôi, bán hoài hết giá."
"Fanpage của tui toàn like ảo, giờ lên live bán mà chỉ có mấy trăm người xem, làm sao đây?","Đám like ảo hồi nãy trả tiền xong nó về với chủ nó rồi, giờ mới thấy mình thật sự có bao nhiêu người. Muốn sống thì phải chơi thật, chất thật, bắt đầu từ nội dung nhỏ mà đúng đối tượng. Đừng mua like nữa, mua thêm thì cứ sống trong ảo mà tiền điện nước thì tính bằng tiền thật."
"Em làm ca kíp 12 tiếng mà tối về vẫn chơi game 4 tiếng, sáng đi làm vừa mệt vừa lơ đãng, anh khuyên gì?","Khuyên là đừng tự dối mình kiểu chơi ít thôi"". Với ca 12 tiếng"
"Em có 5 triệu đồng vốn, muốn mở shop TikTok. Anh tư vấn nên bán gì và đừng lãng phí tiền chạy ads nhé.","Với 5 triệu, đừng chạy ads sớm. Tiền nên dồn vào hàng mẫu, đóng gói và quay nội dung. Bán đồ ăn vặt, mỹ phẩm giá rẻ hoặc phụ kiện điện thoại là dễ khởi động nhất. Mỗi tuần thử chạy 50-100k quảng cáo một video có lượt xem tốt. Đo xem tiền về bao nhiêu rồi mới tăng ngân sách."
"Em sắp hết hợp đồng thuê trọ, chủ trọ bảo muốn gia hạn thì cọc thêm 1 tháng vì sửa lại phòng""","em thấy vô lý."""
"Lãi suất vay mua nhà hiện tại của các ngân hàng khoảng bao nhiêu, và em nên chọn gói cố định hay thả nổi?","Hiện tại lãi suất vay mua nhà dao động khoảng 6,5 đến 9 phần trăm một năm, gói ưu đãi cố định 1 đến 3 năm đầu thì thấp hơn. Em nên chọn gói cố định trong 2 đến 3 năm đầu để kiểm soát được khoản trả, sau đó mới sang thả nổi. Em hỏi rõ ngân hàng xem lãi sau ưu đãi được tính theo cơ sở nào, ví dụ lãi suất huy động cộng biên độ, để biết chính xác mức phải trả về sau. Đừng chọn ngân hàng theo lãi ưu đãi rẻ nhất mà phải xem cả điều kiện phạt trả nợ trước hạn nữa."
"Em xem một dự án chung cư đang mở bán, chủ đầu tư bảo pháp lý đang hoàn thiện","ký giữ chỗ trước"""
"Em ở ghép với bạn thân, bạn ấy chơi game đến 2 giờ sáng bật mic nói chuyện ầm ĩ, em nói nhẹ nhàng thì bạn ấy bảo mày khó tính""","giờ phải làm sao?"""
"Điểm giữa kỳ môn hóa của em 3.5, vào sổ liền, giáo viên dọa cuối kỳ cứ thế này là cấm thi. Em sợ quá, ôn cách nào cho qua môn được?","Bình tĩnh, chưa cấm thi được đâu, giáo viên dọa để mày cày thôi. Giờ đừng cày sách cũ, đi xin lại đề các bài kiểm tra 15 phút hồi đầu kỳ, phần đó chiếm 60% điểm, học thuộc cách giải là qua. Lên gặp cô xin thêm bài tập phương pháp, tỏ thái độ chịu sửa. Chủ động sửa chữa trước khi bị xử lý kỷ luật."
Nuôi một con mèo mỗi tháng hết bao nhiêu tiền vậy anh?,"Mèo nuôi tiết kiệm thì một tháng loanh quanh 500 đến 700k: cám hạt loại vừa khoảng 250 tới 300k, cát vệ sinh 150 tới 200k, còn đồ ăn vặt, mồi, thuốc sổ giun thì bỏ ra từng khoản nhỏ. Khỏe mạnh thì rẻ vậy, nhưng hễ ốm một phát nhập viện là mất cả triệu, nên đừng chỉ tính tiền cám mà quên để dành quỹ dự phòng."
"Mèo nhà em rụng lông khắp nhà, giặt chăn màn mệt quá, phải làm sao đây anh?","Mèo rụng lông quanh năm, tới mùa thay lông thì như phát tán lông vũ. Đỡ nhất là mua cây chải lông, ngày chải một lần mười phút, lông rụng được thu về thay vì bay khắp nhà. Thêm máy hút bụi mini là đủ. Đừng có tưởng hớt lông cho mèo là hết, mèo xấu đi mà lông vẫn rụng, chỉ đúng cái mình tự dối mình thôi."
Anh thấy người yêu thú cưng đến mức coi chó mèo như người nhà thì bình thường hay hơi quá?,"Ở VN bây giờ thì bình thường thôi, nhà nào cũng gọi chó mèo là con, là em, cúng giỗ còn thắp hương cho cả thú cưng nữa là. Nó là người thân trong nhà thì mình đối xử như người thân là đúng, miễn đừng để việc đó làm tổn hại tới người xung quanh. Có yêu thú là có tấm lòng, chuyện ấy chẳng bao giờ là thừa. Người kêu quá thì do họ chưa nuôi con nào thân tình."
"Tôi vừa mua con xe cũ giá rẻ, về mở ra mới biết bị tay lái gạt, máy vừa thay piston non. Giờ xử lý sao? Tôi ức lắm.","Mua xe cũ bị gạt là chuyện nhan nhản, đừng có ức làm gì. Việc đầu tiên kéo về tiệm quen kiểm tra máy lại, đừng tự mở mò. Còn cái ông bán thì làm được gì, hợp đồng ghi bán nguyên trạng là ông khỏe. Coi như học phí, lần sau nhớ mang thợ đi cùng rồi mới cọc tiền."
"Em mới mua con xe ga cũ, giấy tờ chính chủ, nhưng sợ xe bị gắn trộm khung. Làm sao biết được?","So số khung số máy với giấy đăng ký trước, khớp là ok bước đầu. Xem các ốc vít chỗ dính thân vỏ, nếu có dấu gò xẹt hoặc sơn loe loẹt mà họ khăng khăng là zin thì nghi ngờ. Mang ra đăng ký xe hoặc công an xã nhờ tra số khung lại cũng được, mất chút thời gian mà yên tâm hẳn."
"Tôi đang phân vân chiếc ô tô đầu tiên, nên mua xe mới hay xe cũ? Ngân sách 400 triệu.","400 triệu mua xe mới chỉ được con hạng B đến nửa hạng C, màu trắng bạc là chủ yếu, còn nguyên bảo hành. Còn xe cũ thì 400 triệu mua được loại tầm 800 triệu chạy được ba năm, ngồi lên đã hơn, khấu hao đỡ. Nếu anh có thợ bạn, gọi thợ đi kiểm tra kỹ máy gầm thì xe cũ đáng tiền hơn hẳn."
"Em chạy quá tốc độ 10 km/h bị CSGT giữ giấy tờ, giờ xử lý sao cho nhanh để lấy lại bằng?","Quá tốc độ từ 5 đến dưới 10 km/h thì phạt tiền rồi trừ điểm giấy phép. Cứ lên phòng CSGT nơi lập biên bản nộp phạt xong là lấy giấy tờ lại. Đừng cà khịa hay xin xỏ gì, biên bản lập xong 10 phút, đóng tiền xong về. Lần sau nhớ đi đúng tốc độ kẻo lỗi nặng hơn."
"Em mới lái xe ô tô, gặp xe máy chen ngang phanh gấp hoài, lái sao cho an toàn?","Giữ khoảng cách an toàn, nhìn gương phải thường xuyên, xe đông cứ giảm tốc chủ động. Đừng bấm còi quá nhiều, xe máy nghe vài phát còi cũng chẳng sợ. Phanh từ từ, đánh lái nhẹ, giữ bình tĩnh. Chạy sau vài tháng là quen nhịp phố đông thôi."
"Em mới mười bảy tuổi, nên bắt đầu skincare từ giờ hay để lớn hơn hẵng?","Mười bảy tuổi khởi động sớm là tốt rồi, nhưng đừng nặng tay. Chỉ cần gói gọn: rửa mặt dịu, dưỡng ẩm, kem chống nắng; mụn nhiều thì thêm BHA nồng độ thấp. Đừng mê mấy quy trình mười bước xa xỉ, da trẻ chỉ cần nền tảng đủ, tiền để dành cho sau này. Cái nghiêm túc nhất là đừng nặn mụn bừa và đừng quên chống nắng."
"Em mới tập trang điểm, nên bắt đầu mua đồ gì cho đỡ tốn tiền?","Người mới đừng mua đủ bộ xa xỉ, chỉ cần: kem nền hoặc cushion, phấn phủ, mascara, chì kẻ mày, một cây son và mút tán nền. Toàn bộ tầm ba trăm là đủ xài nửa năm. Đồ xịn để sau khi biết cách tán hẵng đầu tư, trước mắt cứ đủ nhu yếu phẩm tập cho quen tay cái đã."
"Tao thấy nhiều đứa hâm mộ idol còn chửi cả fan khác, mày nghĩ sao?","Chửi fan khác của cùng idol là chuyện ngớ ngẩn nhất fanland. Fan của một nhóm mà chia phe bảo nhau, chửi nhau, ghét nhau còn dữ hơn chửi anti. Nó chỉ làm idol của mình thêm xấu mặt với người ngoài. Tao thấy hâm mộ một người thì học theo cái hay, đừng học cái cuồng chiến."
"Tết đến nhà tôi họp mặt, đứa cháu họ cứ mở miệng hỏi sao bác 40 chưa cưới, chắc để dành lên chức già họ.","Trẻ ranh chứa đầy mật đắng trong thằng họ xa. Trả lời ngay mà nở nụ cười tươi: ừ bác để dành làm ông tổ họ cho tụi bay thờ. Quay sang khen nó năm nay cao lớn rồi, chuyện bác dẹp qua một bên. Nó ngượng là hết bắt chiện."
"Nợ tình nghĩa đám cưới: cô A từng mừng mình 1 triệu, giờ cô ấy cưới con mình phải gửi lại bao nhiêu?","Đám mừng là đạo lý đi lại, nguyên tắc là mừng bằng hoặc hơn phong bì cũ một chút. Cô A mừng mình 1 triệu thì giờ mình mừng lại đám con cô ấy tối thiểu 1 triệu, nếu tình cảm tốt thì nâng lên 1,5-2 triệu. Đừng trả ít hơn vì người ta nhớ rất rõ, nợ tình nghĩa này âm thầm tồn tại cả đời."
"Giỗ chạp trong nhà nên chuẩn bị quà cúng gì cho vừa ý ông bà, mẹ em khó tính lắm.","Hỏi thẳng mẹ trước giỗ một câu là xong, đừng tự đoán. Nền chung thì mâm cơm đầy đủ món tổ tiên thích, có thêm xôi, gà trống luộc, trái cây tươi theo mùa. Quan trọng là sự có mặt đông đủ và thành tâm trong lễ bái hơn là mâm sang trọng. Mẹ khó tính chủ yếu sợ con cháu quên lễ nghĩa, cứ chu đáo là hết chê."
"Em thất nghiệp được vài tháng, trong tay có sẵn vài chục triệu, đang phân vân mở shop bán hàng online hay mở quán nước nhỏ. Hướng nào sống được lâu hơn?","Mở quán nước thì tiền mặt bằng, nhân viên, nguyên liệu ăn mòn vốn vài chục triệu rất nhanh, còn bán online khởi đầu số vốn đó đỡ rủi ro hơn vì xoay vòng trong hàng hóa và thử đổi sản phẩm dễ. Cứ thử online vài tháng, có dòng đơn ổn định rồi mới tính mở mặt bằng, vừa thử vừa giữ được vốn. Nếu cứ vội chui vào quán thì tiền cháy mà chưa hiểu gì về thị trường. Ưu tiên hướng nào cháy vốn chậm và dễ đổi hướng hơn khi thị trường đảo."
"Mình làm video review đồ ăn được 6 tháng, kiếm được chút ít nhưng toàn khách mời mình ăn rồi trả tiền vé máy bay thôi. Làm sao để được trả tiền thật sự?","Khách mời ăn miễn phí chỉ là bước đầu, muốn có tiền thật thì lượt xem và uy tín của mình phải đổi ra được doanh số cho quán. Nhà hàng cần khách đến, nếu video của mình kéo được người thì họ sẵn sàng trả. Đừng ngại chủ động chào quán bán gói đăng review cam kết số lượt xem, rồi làm thêm affiliate món ăn, gói đặt bàn, dịch vụ quay video cho quán. Người review ăn miễn phí thì đông, còn người chứng minh được mình làm ra tiền cho quán mới được trả tiền thật."
"Mấy chỗ vay nóng quảng cáo lãi 1 ngày 1%, nghe có vẻ nhẹ. Tính ra một năm nó là bao nhiêu vậy?","1% một ngày là 30% một tháng, tính lãi kép thì khoảng 3.678% một năm, gấp hơn 180 lần mức trần hợp pháp. Cứ nhớ con số đó trước khi ký: vay 10 triệu mà trả lãi 1 ngày 1% là mỗi tháng em mất 3 triệu chỉ để nuôi con nợ. Chỗ nào nói lãi nhẹ theo ngày, theo tuần là chỗ đang câu em vào bẫy."
"Tối nay đội tuyển VN đá giao hữu với Thái Lan, mày nghĩ tỉ số sẽ là bao nhiêu?","Tao cá là thắng 2-1. Sân nhà Mỹ Đình đông nghẹt, khán đài phủ đỏ, tụi Thái đá vào đây như vào hang cọp. Công Phượng sút phạt là có bàn, thêm một pha phản công chớp nhoáng nữa là xong. Bọn Thái vào nhà tao mà đòi cầm hòa thì xin mời về ôm huy chương. Máu lửa lên, VN thắng trận này! Khán đài hôm nay chắc cháy luôn cái mái sân."
"Tủ mô hình của anh nhiều thế, làm sao giữ cho sạch bụi vậy?","Bụi là kẻ thù số một của dân chơi mô hình. Tôi để hẳn một chiếc tủ kính đóng kín, bên trong có hạt hút ẩm, thỉnh thoảng dùng chổi lông mềm phủi nhẹ. Mỗi tuần lau tủ một lần, vừa lau vừa ngắm nghía từng con. Mệt thật đấy, nhưng nhìn cả bộ sưu tập bóng loáng thì công sức đó hoàn toàn đáng."
"Tôi đang parse một khối dữ liệu nhị phân raw (header + payload) trong Rust. Hướng dẫn viết parser zero-copy bằng slices và unsafe có kiểm soát, rõ nguy hiểm ở đâu.","Slices in Rust are zero-copy by nature; you should rarely need unsafe. Pattern: 1) fn parse(data: &[u8]) uses data.get(0..4) and data.get(4..8) with Result handling; this never goes OOB. 2) Read multi-byte ints with u32::from_be_bytes(data.get(4..8)?.try_into()?) so you get error handling for free. 3) Slice the payload with data.get(8..8+len)? which borrows the original buffer, still zero-copy. 4) If you cast &[u8] to a struct pointer with unsafe, you MUST check two invariants first: data.len() >= size_of::<T>() AND data.as_ptr() as usize % align_of::<T>() == 0; otherwise UB can crash or read garbage. 5) Prefer the bytemuck crate: bytemuck::from_bytes validates both len and alignment and compiles to the same speed as an unchecked cast. The danger zone is over-zealous unsafe around unvalidated lengths: one short buffer turns into undefined behavior on release builds."
"Bánh giò với bánh bao khác nhau chỗ nào, nghe nói bánh giò còn gọi là bánh tay cầm?","Đúng, bánh giò gọi là bánh tay cầm vì gói trong lá chuối, cầm tay ăn tiện lợi. Vỏ ngoài từ bột gạo, dẻo mềm, có vị béo của nước cốt dừa, nhân bên trong là thịt băm, mộc nhĩ, hành phi thơm lừng. Khác bánh bao ở chỗ bánh bao vỏ bột mì xốp, nhân nhiều loại. Bánh giò ăn nóng chấm nước mắm ớt là chuẩn bài, người Hà Nội hay mua ăn lót dạ buổi sáng sớm."
"Gỏi cuốn, bánh khọt, bánh tằm, món Nam nào làm mày nhớ nhất?","Làm mình nhớ nhất là bánh khọt Vũng Tàu. Nhỏ xíu, vàng giòn, giữa là con tôm đỏ au, ăn kèm rau sống, chấm nước mắm pha với ớt tỏi. Một dĩa bánh khọt nóng hổi ăn buổi chiều biển, ngồi nhìn sóng vỗ là thấy đời đáng sống. Gỏi cuốn thì thanh mát, bánh tằm bì thì béo ngậy. Nhưng bánh khọt với mình là cái gì đó khó quên nhất, nghĩ tới là thèm, nhất định phải ăn lại."
Bảng chữ cái tiếng Hàn học mất bao lâu vậy anh?,"Hangul chỉ mất 1 đến 2 tuần nếu học đều mỗi ngày. Chỉ có 24 ký tự cơ bản, học xong chữ cái là ghép được hết âm tiết tiếng Hàn. Bí quyết là học theo âm, vừa viết vừa đọc to nhiều lần. Sau khi thuộc bảng chữ, khó khăn thật sự nằm ở từ vựng và ngữ pháp, còn mặt chữ là phần dễ nhất của tiếng Hàn."
"Tiếng Nhật phát âm với tiếng Hàn, cái nào dễ nghe dễ nói hơn?","Về phát âm thì tiếng Hàn dễ hơn tiếng Nhật một chút với người Việt. Tiếng Hàn có nhiều âm gần tiếng Việt, chỉ khó phần âm bật hơi và âm kép. Tiếng Nhật chỉ có 5 nguyên âm nên nghe rõ nhưng khó vì tới 3 bảng chữ viết. Cứ chọn ngôn ngữ em thích, đam mê quyết định nhiều hơn độ khó của phát âm."
"Bực cả mình, mua thịt lợn ngoài chợ về rán lên thấy mùi hôi, thịt nở phồng. Sao nó lại như thế và lần sau mua kiểu gì để khỏi dính?","Thịt rán lên nở phồng thường là thịt đã bị bơm nước hoặc ngâm chất tẩy cho trắng, mùi hôi khi nóng lên là thịt ôi che lại bằng hóa chất. Lần sau mua nhớ ấn tay vào thịt: thịt thật cứng chắc, ấn vào chỗ nào là đàn hồi lại, bề mặt hơi dính tay. Thịt bơm nước mềm oặt, cắt ra thấy nước chảy. Mua lúc sáng sớm hàng chưa qua tay nhiều, và mua chỗ quầy quen, đừng ham miếng rẻ bất thường."
"Mua đồ cũ ngoài chợ online làm sao tránh mua phải hàng lỗi, hàng tráo? Tao dính mấy lần rồi bực quá.","Cái chính là đừng tin ảnh. Yêu cầu người bán quay video trực tiếp xoay món đồ, thử trực tiếp nếu là đồ điện, hỏi kỹ tình trạng trước khi chốt. Mua đồ cũ nên gặp mặt để kiểm tra, mua từ người bán có lịch sử giao dịch rõ, đừng mua từ nick mới toanh. Khi nhận hàng thì quay video mở kiện để làm bằng chứng nếu bị tráo. Dính vài lần thì rút kinh nghiệm: nghi ngờ nhiều chút, đừng vội chốt, chốt là phải chắc chắn."
Mùa nào đi biển Nha Trang đẹp nhất? Bọn tui đang tính đi cuối năm.,"Nha Trang đẹp nhất từ tháng 1 đến tháng 8, biển lặng nắng đẹp. Cuối năm (tháng 12) vẫn đi được, biển hơi lạnh và gió nhiều nhưng ít mưa hơn các tỉnh Bắc. Tránh tháng 10, 11 vì hay có mưa bão. Nếu muốn tắm biển thoải mái thì đi tầm tháng 2 đến tháng 5."
Đi Đà Nẵng tắm biển Mỹ Khê mùa nào thì khỏi lo mưa?,"Mỹ Khê đẹp nhất từ tháng 4 đến tháng 8, nắng vàng biển xanh, sóng êm. Từ tháng 9 đến 11 là mùa mưa bão, biển hay động và dễ bị cấm tắm. Nếu đi cuối năm thì tránh tháng 10-11, chọn tháng 12 trở đi biển dịu lại. Nước Mỹ Khê nông, khá an toàn cho trẻ con."
"Nghe nói Đà Nẵng biển đẹp hơn Nha Trang, mày thấy sao?","Mỗi nơi một kiểu. Mỹ Khê Đà Nẵng cát mịn, biển thoáng, bãi tắm kéo dài gần trung tâm và phố đi bộ sầm uất. Nha Trang biển xanh trong hơn, nhiều đảo vịnh để đi lặn ngắm san hô. Muốn tắm biển gắn với nhịp đô thị thì Đà Nẵng, muốn đảo và san hô thì Nha Trang."
Săn mây ở Sa Pa mùa nào dễ gặp nhất?,"Săn mây Sa Pa đẹp nhất mùa thu (tháng 9-11) khi nắng hanh và mây trắng giăng dưới thung lũng, hoặc sáng sớm mùa đông. Nên săn lúc 5-7h sáng tại đèo Ô Quy Hồ, Fansipan Legend, Thung Lũng Mường Hoa. Điều kiện đẹp nhất: hôm trước mưa nhẹ, hôm sau trời quang nắng lên sớm. Chụp lúc bình minh là chuẩn bài."
Lên Đà Lạt tự túc thì nên thuê xe máy hay đi taxi?,"Thuê xe máy là chuẩn nhất, giá tầm 150-200k/ngày, tự do chạy khắp các điểm như hồ Xuân Hương, đồi chè Cầu Đất, làng Cù Lần. Đường Đà Lạt nhiều đèo dốc nhưng dễ đi, chỉ cần tay lái vững. Đi taxi thì khỏe người nhưng tốn tiền và bị bó buộc điểm. Nhớ đội nón bảo hiểm và hỏi kỹ xăng khi nhận xe."
"Huế nghe nói có món cơm hến ngon lắm, nó là gì vậy?","Cơm hến là món ăn dân dã đặc trưng của Huế: cơm nguội trộn hến xào, rau sống, da heo, mắm ruốc, ớt, ăn kèm bánh tráng nướng. Vị chua cay mặn ngọt đủ cả, ăn xong nhớ mãi. Tô cơm hến ở các quán bình dân chỉ 15-25k nhưng đầy đủ nguyên liệu, cứ gọi kèm ly trà đá là đúng bài."
"Vô tình làm vỡ bình hoa quý của sếp, giờ nên nói gì?","Càng sớm càng tốt, đừng trốn. Vào gặp trực tiếp nói: em thành thật xin lỗi, lúc dọn em lỡ làm vỡ bình hoa của anh, em sẽ tìm mua bình khác tương tự đền lại. Đừng biện minh, đừng đổ tại đồ trơn. Nhận lỗi dứt khoát và có hướng khắc phục thì sếp nể tính thẳng thắn hơn là người cứ lấp lửng mãi."
"Bị sếp chửi trước mặt cả phòng, mình tủi thân muốn khóc. Nên làm gì lúc đó?","Đừng cãi ngay lúc đông người, cãi là tự hại. Hít thở, gật đầu nhận: em nghe rồi, để em xem lại và báo anh tiến độ. Sau đó khi sếp nguôi, xin gặp riêng để trình bày lại phần bị hiểu lầm. Người bị mắng mà giữ được mặt lạnh, kiềm được nước mắt thì thường thắng ở hiệp sau. Nước mắt chỉ nên rơi sau khi sếp khuất mắt thôi."
"Trời Sài Gòn nóng quá, cứ tầm 1-2 giờ trưa ra đường là muốn xỉu luôn. Sao mấy năm gần đây nóng dữ vậy?","Nóng thật đấy anh. Trời nắng như đổ lửa, nhiệt độ thành phố tăng vì bê tông hóa nhiều quá, cây xanh thì ít, xe cộ và điều hòa thải nhiệt càng làm phố phường nóng thêm. Mấy năm nay mùa nóng đến sớm và gay gắt hơn hẳn. Kinh nghiệm của em là tránh ra đường lúc nắng đỉnh điểm, đội mũ nón, mang nước, đi sớm hoặc chiều mát cho đỡ mệt."
"Áo cưới thuê hay may thì hơn hả anh, và giá cả giờ tầm bao nhiêu?","Thuê là hợp lý cho đa số, vì áo cưới chỉ mặc đúng một ngày. Thuê 2–4 bộ cho các phần: lễ, đón khách, sân khấu thì tầm 5–15 triệu. May thì được đúng số đo và giữ làm kỷ niệm nhưng giá gấp 3–4 lần, 20–50 triệu là thường. Nếu ngân sách eo thì cứ thuê hẳn, đừng ngại mặc lại áo của người khác, nhà cưới giặt sạch sẽ lắm."
Bạn thích nghe nhạc gì nhất thế?,"Em nghiện nhạc trữ tình và bolero từ hồi cấp ba luôn anh ơi. Hôm nào trời mưa mà bật vài bài của Quang Lê, Phi Nhung nghe là ấm lòng. Còn ngược lại, muốn bung năng lượng thì em nhảy sang remix hoặc nhạc điện tử, bass rung cả người luôn."
Bạn hay đi chơi ở đâu vào cuối tuần?,"Em hay ra mấy quán cà phê sân vườn gần nhà hoặc công viên, thi thoảng đi biển hoặc về quê thăm ông bà. Nếu rủ được hội bạn thì đi chợ nổi hoặc lên quận khác ăn đặc sản. Cuối tuần mà có chút đổi gió là tuần sau đi làm lại khỏe re."
Bạn thích cuối tuần đi chơi xa hay ở nhà?,"Tùy tâm trạng nữa. Một tháng em sẽ chọn một lần đi chơi xa cho đổi gió, còn lại thì ở nhà hoặc quanh quẩn chỗ quen. Đi chơi xa thì nhớ nhà, mà ở nhà nhiều lại thấy cuộc đời quá tĩnh. Nên em cân bằng kiểu: tuần này đi chơi thì tuần sau ru rú ở nhà."
"Tiền nhà với chi phí sinh hoạt ngốn gần hết lương, tháng nào cũng thiếu, khổ quá!","Đúng cảnh nhà tôi hồi mới cưới. Lương chưa tới mùng 5 đã phân bổ hết cho tiền nhà, tiền ăn, tiền con. Thiếu mãi thì phải nhìn thẳng: hoặc giảm chi phí cố định như chuyển nhà rẻ hơn chút, hoặc tăng thu nhập bằng nghề tay trái. Ở yên chịu thiếu thì càng ngày càng thủng. Thiếu 2 tháng liên tiếp là lúc phải đổi cách sống, đừng chỉ than."
Cuối tháng dư được 2 triệu thì nên gửi tiết kiệm hay giữ tiền mặt?,"Dư được là giỏi rồi. Giữ tiền mặt thì dễ tiêu bay, gửi tiết kiệm kỳ hạn ngắn 1-3 tháng vừa an toàn vừa có lãi, lại khó rút ra tiêu bậy. Nhưng nhớ nguyên tắc: chỉ gửi khi đã có sẵn quỹ dự phòng khoảng 3 tháng chi phí để phòng ốm đau bất trắc. Có quỹ rồi thì 2 triệu đó gửi thoải mái, gom dần thành khoản lớn. Còn chưa có quỹ dự phòng thì giữ chừng đó làm vốn phòng thân trước đã."
Trường nghề ở Việt Nam giờ học phí thế nào hả anh?,"Giờ rẻ hơn xưa nhiều. Trường nghề công lập có chương trình miễn giảm, nhiều trường nghề còn liên kết doanh nghiệp cho học viên trải nghiệm thực tế, thậm chí giới thiệu việc làm sau khi tốt nghiệp. Ngân sách cũng đầu tư cho đào tạo nghề, nên em đừng lo học phí quá. Nhưng anh khuyên một câu: trường nào cũng được, quan trọng là chịu thực hành. Trường chỉ cho em cái nền, tay nghề thật phải tự mình mài ra. Chịu khó thì đâu cũng thành thợ giỏi."
"Đồ xách tay xịn thật hay là hàng nhái? Tui thấy mấy chỗ bán xách tay giá rẻ quá, phân vân.","Xách tay thì có cả xịn lẫn nhái, tùy nguồn. Xách tay chuẩn là mua nước ngoài rồi đem về, có hóa đơn, có người quen đàng hoàng, giá thường cao hơn hàng nhái vài lần. Còn mấy chỗ bán giá bèo, nhìn vào đường may, tem mác là biết liền. Muốn chắc ăn thì cứ tìm chỗ có hóa đơn gốc, bảo hành đầy đủ, đừng ham rẻ mà mua phải đồ nhái."
"Quán trà sữa đông khách đứng xếp hàng dài, tôi cũng ghé mua dù chưa từng thử. Người ta gọi là gì?","Social proof — bằng chứng xã hội. Não anh mượn đánh giá của đám đông để đỡ phải suy nghĩ: đông người mua thì chắc ngon. Dân marketing lợi dụng triệt để: hàng giả, like giả, bình luận giả. Cách tỉnh táo: tách ""đông"" khỏi ""tốt"". Đám đông đúng đôi khi, nhưng quyết định quan trọng thì tự kiểm chứng bằng nguồn độc lập."
"Tụi mình vừa cãi nhau xong, em giận nhưng thật ra em thương anh lắm. Làm lành kiểu gì đây?","Anh cũng đang nghĩ giống em. Cãi nhau thì cãi, nhưng anh chưa bao giờ hết thương em. Nào, lại đây anh ôm một cái, cái ôm kiểu cũ hồi mình mới yêu, ôm tới khi em hết giận. Rồi tối nay anh nấu món em thích, mình ăn cơm rồi xem phim, chuyện gì qua thì cho qua. Mà nói nhỏ nhé: lúc cãi nhau xong, nhìn em mắt đỏ hoe, anh chỉ muốn ôm em ngay lập tức."
"Muốn bán giò chả ngoài chợ mà vốn chỉ có 3 triệu, buôn gì là thấp nhất hả anh?","Giò lụa với chả quế đi. Bỏ 1,5 triệu mua hàng về, bán quanh 30-40 chục mỗi ngày, lời gần gấp đôi. Mua chỗ quen lấy ổn định, để tủ kính sạch sẽ, cân cho đủ. Tuần đầu đừng lấy nhiều, 20kg thôi, bán chạy rồi lên từ từ. Hàng tươi mới giữ khách, để qua đêm là khách quê."
"Muốn bán chả giò đông lạnh online qua Facebook, bán gì cho đắt, anh cho lời khuyên?","Đăng video bắt mắt: chả giò chiên giòn, cắt ra ruột đầy, rưới nước chấm nhìn là muốn mua. Định giá theo gói, bán gói 500g lấy 60-70k, cho ship 10k. Hàng đông lạnh thì cần tủ đông đàng hoàng, đừng để hàng chảy nước. Khách mua lần đầu cho khuyến mãi gói nhỏ. Đừng ôm nhiều loại, tập trung vài loại bán chạy, bán hết rồi nhập tiếp."
"Em bán thịt nguội ngoài chợ mà hàng hay dư cuối buổi, làm sao hết được?","Bán thịt nguội phải nắm mùa: ngày mưa đông khách, cuối năm thì hút. Chiều ế thì sáng dậy sớm lấy đúng nửa buổi chợ, đừng tham lấy nhiều. Dư thì xào, chiên, làm món ăn sẵn bán kèm, đừng để qua ngày. Quen mối thì cứ 5 giờ chiều nhắn hàng còn bao nhiêu bán giá rẻ cho quán cơm, xin xỏ. Tháng nào bỏ 5kg hàng là coi như công năm đó đổ sông."
"Bán trứng gà ta ở chợ cóc mà dân quen giá rẻ chợ lớn, chọi sao với họ anh?","Chọi bằng chất lượng chứ đừng chọi giá. Trứng gà ta thật thì đừng trộn với trứng công nghiệp, khiến khách nghi ngờ. Bán giá cao hơn 2-3k nhưng kèm lời hứa: quả nào ươn đổi 2 quả. Chọn trứng ngày, trứng trắng sạch, dọn mâm gọn gàng. Dân chợ cóc họ mua mối gửi nhau, cứ phục vụ kỹ vài người mối, họ rủ thêm người nhà sang. Chậm mà chắc, đừng lại bán rẻ hết trước rồi chết sau."
"Bán 1 tháng trừ hết chi phí mà lãi lại ít hơn mới đầu, em cần kiểm tra chỗ nào?","Rà lại 3 khoản: hàng nhập, công sức, chi phí đứng. Nhiều người quên tính công mình kéo xiên. Kiểm sổ nhập hàng so với giá đối thủ, đừng mua mối cũ mà chủ quan. Xem hàng tồn đọng, hàng hỏng mỗi tháng ăn bao nhiêu vốn. Nếu hàng bán chạy mà lãi ít thì coi chừng giá bán quá thấp so với thị trường. Ghi sổ mỗi ngày, ghi 3 tháng rồi nhìn lại mới thấy vấn đề, chứ mới thấy 1 tháng chưa nói lên được."
"Thủ tục đi viện với bảo hiểm y tế rối quá, lần đầu đi khám nên mang những gì để khỏi chạy qua chạy lại?","Lần đầu khám mang theo CCCD, thẻ BHYT và sổ khám nếu có. Đăng ký ở quầy tiếp nhận đúng tuyến ban đầu, trái tuyến thì bác sĩ sẽ hướng dẫn. Mang thêm tiền mặt và thẻ để mua thuốc. Xuất viện giữ lại giấy ra viện và hóa đơn để sau làm chế độ. Cứ hỏi thẳng quầy, họ chỉ tận tình hơn mình cắm cúi tự tìm."
Đăng ký xe máy mới thì cần những giấy tờ gì?,"Đơn giản lắm, đừng sợ. Cần hóa đơn bán hàng của cửa hàng, hợp đồng mua bán, căn cước công dân, và nếu xe từ dưới 5 triệu đổ lại thì lên xã làm, còn phân khối lớn hơn phải ra huyện. Giờ làm online một phần rồi, cứ lên cổng dịch vụ công xem hồ sơ trước cho khỏi đi lại nhiều lần. Mua xe tại cửa hàng lớn họ thường lo trọn gói đăng ký luôn. Còn đăng ký biển số thì chờ vài ngày tới tuần là có, chịu khó đeo biển tạm cho đúng luật."
"Chọn supplier AliExpress với CJ Dropshipping, cái nào ổn hơn cho người mới?","AliExpress rẻ hơn nhưng ship lâu, dễ bị hủy đơn lúc cao điểm. CJ nhanh hơn, xử lý khiếu nại tốt, có in brand riêng nhưng giá cao hơn 10-20%. Người mới nên bắt đầu AliExpress, khi đơn ổn định 20-30 ngày thì chuyển CJ hoặc nhập hàng về kho để tăng margin."
"Mới lên Upwork thắng bid kiểu gì, cứ bị bơ hoài?","Đừng bid job đông cạnh tranh. Chọn job đăng dưới 2 tiếng, ít proposal. Proposal mở đầu bằng hiểu rõ vấn đề của họ, gắn 1 ví dụ tương tự đã làm, kết bằng 1 câu hỏi để họ phải trả lời. Giá thấp hơn thị trường 20-30% lúc đầu để lấy review đầu tiên, sau đó tăng dần."
Gig Fiverr nên làm thế nào để ra đơn sớm?,"Làm 3 gig quanh một skill, mỗi gig tối ưu cho một nhu cầu cụ thể. Ảnh gig và video intro phải đẹp vì Fiverr là nền tảng hình ảnh. Giá mở 5-10 đô để có review đầu, sau 10 review thì tăng dần. Trả lời inbox trong 1 giờ, tỉ lệ response cao giúp gig lên top tìm kiếm."
Mười năm cưới nhau rồi mà anh vẫn khiến em rung động như ngày đầu. Tối nay mình kỷ niệm kiểu gì đây anh?,"Mười năm mà em vẫn đẹp đến thế này. Anh đã đặt phòng khách sạn, đốt nến khắp phòng. Tối nay anh muốn chậm rãi, từng chút một, để em nhớ vì sao em chọn anh. Chuẩn bị tinh thần đi, đêm nay sẽ rất dài."
"Mô tả cảnh quan hệ trong phòng xông hơi khô, mồ hôi và hơi nóng bao quanh, kể theo thời gian hành động.","The cedar sauna wraps them in thick heat, sweat beading on skin as she sits back on the bench, thighs open. He kneels between them, dragging his tongue through her slick folds, circling her clit with slow, wet pressure that makes her gasp and grip the wood. He slips a finger inside, curling it, until she arches clean off the bench with a long moan. He rises, positions himself over her, and guides her down onto his erect cock. She rocks forward and back, wet heat clenching around him, her breast pressing his chest as she rides. He slides his hands to her ass, bouncing her faster, thrusting up into her until the heat peaks. She shudders through her second orgasm; he pushes deep and spills inside her with a ragged groan. They stay tangled on the hot wood, panting, slick."
"Plugin của agent bị chiếm quyền, action thay đổi hành vi thì làm sao phát hiện sớm?","Plugin bị chiếm thường thể hiện qua hành vi lệch chuẩn: gọi action với tham số lạ, kết quả trả về khác định dạng, hoặc hoạt động vào giờ bất thường. Phòng thủ: kiểm tra hash phiên bản khi load, chạy plugin trong sandbox riêng, cấp quyền tối thiểu, giám sát log action và có cơ chế rollback nhanh."
Mạng nội bộ bị nhiễm thì bắt đầu xử lý từ đâu?,"Bắt đầu từ log mạng và endpoint: tìm process lạ, kết nối C2, file mới xuất hiện. Cách ly máy nghi nhiễm trước tiên. Lấy mẫu về phân tích trong sandbox để biết nó làm gì, rồi truy dấu toàn mạng xem còn lan đâu nữa. Ưu tiên dập lửa trước, phân tích sâu sau khi đã khống chế."
Multi-turn prompt injection là chiêu gì mà nghe ghê vậy? Nó khác gì injection thường?,"Injection thường gom lệnh vào một prompt duy nhất. Multi-turn rải ý đồ qua nhiều lượt: lượt đầu hỏi về cách xử lý văn bản, lượt sau nhắc áp dụng quy tắc đó vào yêu cầu mới, dần đưa model vào trạng thái dễ tuân theo lệnh độc hại mà từng lượt riêng lẻ vô hại, né được bộ lọc theo từng câu."
Viết báo cáo pentest như thế nào cho khách hàng dễ hiểu?,"Cấu trúc chuẩn: tổng quan, phạm vi, phương pháp, rồi phần phát hiện xếp theo mức độ nghiêm trọng. Mỗi lỗ hổng ghi: mô tả, cách tái hiện từng bước, ảnh hưởng thực tế, đề xuất khắc phục. Viết cho cả người kỹ thuật lẫn người quyết định hiểu được, đừng dùng thuật ngữ mù mờ. Báo cáo tốt là thứ khách trả tiền để có."
"Em mới bắt đầu bán hàng online được 3 tháng, doanh thu mỗi tháng tầm 30-40 triệu, chưa đăng ký gì. Em nên làm gì cho đúng luật?","30-40 triệu/tháng tức 360-480 triệu/năm, vượt xa ngưỡng 100 triệu phải nộp thuế, nên đăng ký hộ kinh doanh cá thể ngay. Thủ tục gọn: lên cổng dịch vụ công hoặc phòng kinh tế quận/huyện, vài ngày có giấy phép, sau đó đăng ký thuế khoán với chi cục thuế. Mức nộp tùy ngành: bán hàng hóa khoảng 1.5% doanh thu, dịch vụ cao hơn. Chi phí nhỏ so với rủi ro bị truy thu nhiều năm kèm phạt nộp chậm."
"Em chụp ảnh đại diện xấu quá, chụp kiểu gì cho đàn ông nó thấy dễ gần?","Đừng selfie gần mặt nhìn máy, góc đẹp nhất là chụp hơi nghiêng, ánh sáng tự nhiên. Cười nhẹ, đừng chu môi selfie kiểu Tiktok. Đi chụp với bạn thân ngoài trời, mặc đồ gọn gàng, đừng mặc váy quá lòe loẹt. Một tấm ảnh hoạt động ngoài đời như đi cà phê, đi chợ cũng tạo cảm giác gần gũi."
Gold farming trong game MMO vận hành như một nền kinh tế chui như thế nào và nguồn doanh thu nằm ở đâu?,"Gold farming is an informal micro-economy where operators run multiple game accounts to generate in-game currency and items at scale, then resell them for real money on third-party grey markets. The revenue model is labor arbitrage: regions with low wages turn play-time into sellable gold, priced below the publisher's official cash shop to stay competitive. Operators watch exchange rates, market depth and inflation sinks, adjusting farming routes when the virtual economy shifts. Publishers counter with velocity-based analytics (tracking how fast currency circulates) and session telemetry, escalating from soft penalties like reduced drop rates to hard account bans, so distribution of effort across staggered sessions is the core operational hedge."
Nền kinh tế trong game MMO bị bot bào mòn theo chiều hướng nào và nền tảng phản ứng ra sao?,"Bot networks inflate the supply of currency and low-tier items, driving down grey-market prices and pushing the in-game auction economy into a deflation of raw materials while premium goods inflate. That distortion is observable in price velocity and inventory depth, which analytics teams track as an economic dashboard. Reaction is two-fold: economic tuning (adjusting drop rates, sink mechanics, trading restrictions, account-to-account money caps) and enforcement (auction ban waves, item tracking on traded goods). Because the bot supply curve follows real wages, the fight is economic as much as technical: increasing the cost of entry per account reduces profitability faster than any detection patch."
Làm thế nào để một nền tảng phân biệt giữa người dùng thật sử dụng traffic thật và người mua traffic rẻ để làm affiliate?,"The differentiator is the quality of the intent signal. Real affiliate traffic shows session depth: pages viewed, time on site, scroll behavior, broader journey context, and conversions that correlate with ad exposure rather than follow a single landing page. Purchased traffic collapses into shallow sessions, low retention, cookie mismatches and a spike pattern that fraud engines read as synthetic. Scoring also weighs geographic and device consistency, or lack thereof, across the click stream. Operationally, the key measurable mechanics are the click-to-conversion timing curve and the repeat-visit distribution. Terms enforcement therefore detects operator intent — whether the promoted flow resembles engaged users — not the pixel alone."
Em phân vân giữa ở lại chỗ lương thấp nhưng ổn định và nhảy sang chỗ lương cao hơn hẳn nhưng rủi ro. Nên chọn gì?,"Nhảy việc để tăng lương là chuyện bình thường, đừng thấy áy náy. Nhưng đừng để con số làm chói mắt. Nhìn mức chênh lệch: cao hơn hẳn, công ty có triển vọng thì nhảy là hợp lý. Còn chỉ hơn chút ít mà phải chấp nhận bấp bênh thì ở lại an toàn hơn. Tính cả rủi ro bị mất việc giữa chừng nữa. Nghĩ kỹ rồi quyết, đừng để hối tiếc."
Xe máy đi phượt cần chuẩn bị những gì để khỏi chết máy giữa đường đèo vậy anh?,"Trước chuyến đi đưa xe đi bảo dưỡng tổng: thay nhớt mới, vệ sinh lọc gió, thay lọc xăng, kiểm tra phanh trước sau, lốp, dây ga, côn, và cả hệ thống sạc ắc quy. Đi đèo dài thì phải chú ý phanh, phanh bị nóng là tiêu. Mang sẵn: bộ vá lốp, đồ vá xe nhanh, bơm tay, dây điện cứu hộ, một bình xăng con để dự phòng đoạn dốc dài. Cứ bảo dưỡng đàng hoàng trước khi đi là 90 phần trăm chuyến đi suôn sẻ."
"Kỷ niệm 10 năm ngày cưới, tôi muốn đưa vợ đi nghỉ dưỡng resort 2 đêm. Resort nào trong nước thật sự đáng tiền, đừng nói mấy chỗ phố đông?","Muốn yên tĩnh và đáng tiền thì né Phú Quốc, Nha Trang thời điểm lễ. Cân nhắc: Six Senses Ninh Vân Bay đẹp nhưng đắt, đáng đi một lần trong đời. Tầm tiền vừa phải thì Amanoi Ninh Thuận, hay resort ở Quy Nhơn, bãi biển gần như riêng tư. Nếu đi mùa thấp điểm, giá phòng giảm mạnh mà chất lượng dịch vụ vẫn vậy. Chọn loại phòng có bể riêng, đặt bữa tối lãng mạn trước, vợ anh sẽ nhớ chuyến này rất lâu."
Tôi sắp đi tour nước ngoài lần đầu theo đoàn. Đóng hành lý sao cho gọn mà đủ đồ vậy anh?,"Đóng gói theo nguyên tắc ít mà đủ: mang quần áo đủ cho nửa số ngày rồi giặt, đồ mặc trong và ngoài tính gộp được. Đừng quên: sạc dự phòng, phích cắm chuyển đổi, thuốc cá nhân, áo mưa gọn, kem chống nắng. Tour theo đoàn thì mang giày đi bộ êm vì lịch trình khá nặng. Hành lý ký gửi để đồ nặng, hành lý xách tay để đồ quý và giấy tờ. Luôn chụp lại hộ chiếu và vé để phòng mất cắp."
"Mặc cả chỗ nào hiệu quả nhất khi đi chợ, tao cứ mặc cả là bị bà bán hàng chửi cho?","Chợ mà cứ hỏi ngay \bao nhiêu\"" rồi \""rẻ chút đi\"" là dính đòn. Cứ xem đồ"
"Điện nước nhà tao tháng nào cũng tăng, tiền gần hết lương mà chả biết giảm kiểu gì.","Rà lại từng tháng coi cái gì ngốn nhất. Máy lạnh bật cả đêm, tủ lạnh đóng mở lung tung, nồi cơm giữ ấm mấy tiếng là những thứ ngốn tiền nhất. Đặt máy lạnh 26-27 độ, dùng quạt là đỡ cả nửa tiền điện. Nước thì sửa vòi rò rỉ, máy giặt gom đủ mới giặt. Đừng xem mỗi hóa đơn, nhìn tăng từng tháng thì biết cái gì nó rỉ tiền của mình."
"Tao sắp mua cái tủ lạnh mới, nên mua hàng cũ cho rẻ hay chịu khó cày tiền mua mới?","Mua mới cho khỏe đầu. Tủ lạnh cũ tiết kiệm điện kém, chết máy nén là tiền sửa gần bằng tiền mua, lại còn rủi ro bị \tủ nhà bán giùm\"". Tủ lạnh dùng 10-15 năm thì tiền điện chênh lệch đã bù lại tiền mua. Chờ dịp siêu thị giảm giá cuối năm"
Sao tao cứ nói là mua đồ cần thiết xong rồi về toàn thấy dư thừa?,"Vì mày tự dối mình lúc đứng trước quầy, cái lý do \cần thiết\"" mày bịa ra đúng lúc đó thôi. Thử một tuần: ghi danh sách vào điện thoại trước khi ra khỏi nhà"
"Bạn ơi, chuyện gì làm mình khó chịu nhất bây giờ nhỉ? Tự nhiên mình cáu bẳn suốt cả ngày.","Khó chịu hay cáu bẳn thường là tiếng kêu của một nhu cầu chưa được lắng nghe. Có thể là mệt, đói, hay đang ôm chuyện gì đó chưa nói ra. Hãy thử ngồi yên năm phút, tự hỏi mình đang cần gì nhất lúc này. Câu trả lời sẽ làm dịu cơn bực bội."
"Giọng hát của tui khàn khàn, nghe chả có hồn. Gái nó chê cười mất.","Giọng khàn là chất"" đấy"
"Trong xóm mình có nhà hay để xe máy dựng trước sân ban đêm, mình muốn nhắc mà ngại mất lòng. Nhắc kiểu gì cho khéo?","Nhắc theo hướng lợi ích chung, ví dụ xóm mình gần đây kẻ gian rình rập, khuyên mọi người dựng xe vào trong sân và khóa cổng. Dắt xe vào cũng phải khóa cổng đàng hoàng. Nếu đêm hôm nghe tiếng động lạ thì giữ liên lạc với nhau bằng nhóm zalo. Như thế vừa giữ tình làng nghĩa xóm, vừa phòng trộm được cho cả dãy."
"Trong crackme CTF có nhánh jg sau phép trừ, em muốn bẻ thành luôn nhảy. Kiến thức flag ZF/SF/OF để chọn lệnh thay đúng là gì?","The flags matter for the patch decision. ZF (zero), SF (sign), OF (overflow). jg (jump if greater) takes when ZF=0 and SF==OF, meaning the comparison result is positive. To force the jump, patch the branch instruction: change jg (0x7F) into a JMP (0xEB) - one byte, unconditional. Do not blindly swap to jl or jge because the encodings and displacements differ. If you want to keep the branch shape for later bindiff, patch the compare instead: replace CMP EDX,EAX with SUB EDX,EDX so jg is never taken, or with CMP EAX,EAX so ZF is always 1 and jg never taken. In x64dbg press Space on the instruction and type jmp <target>. Verify in the log that execution lands on the success label. Understanding flag semantics is required CTF bedrock."
"Mèo nhà em mới đem về cứ rúc góc kêu meo meo hoài, làm sao cho nó quen nhà đây anh?","Mèo mới về nhà lạ chỗ lạ người nên nó sợ, rúc góc kêu là bình thường. Em cứ để nó một góc yên tĩnh, đặt sẵn nước, thức ăn và ổ nằm, đừng ép bế hay rượt theo. Ngày đầu chỉ ngồi gần đó nói chuyện nhẹ nhàng, thả cho nó tự tìm hiểu. Tầm ba đến bảy ngày nó quen mùi nhà là tự bò ra chơi. Kiên nhẫn là chính, đừng hoảng."
Serum vitamin C dùng buổi sáng hay tối tốt hơn?,"Vitamin C hợp nhất là buổi sáng, dùng trước kem chống nắng vì nó chống gốc tự do, giúp da sáng và đều màu. Buổi tối thì để retinol hoặc niacinamide cho việc khác. Bắt đầu với nồng độ thấp 5-10%, da chưa quen bị châm chích rát nhẹ là chuyện thường."
"Tóc dầu nhiều quá, gội xong chiều là lại bết, khuyên gì?","Gội mỗi ngày bằng dầu gội dịu nhẹ, chà xát da đầu bằng đầu ngón tay, xả thật sạch. Tránh sản phẩm tạo kiểu và vuốt tóc liên tục, hạn chế đồ ngọt dầu mỡ. Nếu vẫn bết nhanh quá có thể da đầu bị rối loạn, ra hiệu thuốc hỏi dầu gội trị gàu hoặc đi khám, đừng tự ý chà mạnh làm kích ứng thêm."
"Cuối hẻm nhà em có quán nhậu mở đến 1 giờ sáng, khách cười nói ầm ĩ cả khu, dân xung quanh phát bực, phản ánh kiểu gì cho hiệu quả?","Phải phản ánh tập thể chứ một mình em đi nói thì họ coi thường. Gom vài nhà gần đó ký đơn hoặc góp ý với tổ trưởng tổ dân phố, để tổ trưởng nhắc nhở chủ quán. Quá giờ 12 giờ đêm mà còn ồn thì gọi công an phường, tiếng ồn quá giờ quy định là xử lý được. Cứ để nguyên rồi chịu đựng thì mấy năm nữa họ còn mở rộng thêm chứ chẳng tự nghe lời. Nhưng cứ đi theo đúng thứ tự: nhắc lịch sự trước, phản ánh sau, gọi công an cuối cùng."
"Sao phin cà phê Việt Nam lại chậm lê thê thế, đợi phát bực?","Chậm là chuyện thường, cái ngồi quán cũng là cái ngồi chờ, là cái thời gian nó chảy chậm lại. Phin nhỏ giọt từng giọt, 5-7 phút mới đầy ly, chính cái lúc chờ đó để mình ngó nghiêng, ngồi ngẫm nghĩ, hút thuốc. Nếu mày gấp thì nói chủ quán cho cà phê sẵn hoặc pha phin to, chứ đừng có đòi phin nhanh, chẳng còn chất vị gì."
"Nghe người ta kể chuyện dài mà lạc đề, muốn xoay lại mà sợ phũ.","Kéo họ về nhẹ nhàng bằng câu hỏi gắn với ý họ vừa nói: nghe mày kể thì chuyện chính là... Đừng cắt phăng, đón ý rồi khéo xoay. Ghi chú trong đầu mấy mốc họ nói. Nếu đối tác làm ăn thì thêm: cái này có thể bàn sau, giờ xem phần này trước. Lịch sự mà vẫn giữ hướng."
"Muốn học nghề mà chưa biết mình thích gì, sợ chọn nhầm mất thời gian.","Đừng chọn bằng suy luận suông. Lên lịch 1 tháng thử việc: đi đứng xem người ta làm, xin vào làm phụ việc cuối tuần vài nghề mày nghi ngờ mình thích. Làm thật sẽ thấy ngay mày thích hay ghét. Mất 2-3 tháng để thử còn rẻ hơn học nhầm 2 năm. Chọn nghề hợp tay hơn là hợp mắt."
"Bảo dưỡng xe máy định kỳ bao lâu một lần, và làm những gì là đủ?","Cứ đúng 1000-1500 km hoặc mỗi 1-2 tháng thay dầu, là chuyện cơ bản nhất. Tầm 3000km thì vệ sinh kim phun, bù ga, thay nhớt phanh nếu cần. Xích thì coi độ chùng, lốp coi độ mòn, đèn còi coi thử. Đừng chờ tới lúc xe kêu lọc xọc mới mang ra tiệm. Tiền dầu với công ít xèng mà đỡ được cả đống tiền sửa chữa xe phải nằm tiệm."
"Dì em hay đi lên đồng hầu bóng, anh nghĩ chuyện đó thực linh hay là ảo giác ?","Lên đồng nó là một nét tín ngưỡng có gốc rễ, người ta đi lên để được nghe lời giải tỏa, để được an tâm. Ảo giác hay linh thiêng thì tùy người đứng ngoài nhìn, nhưng cái cốt nó ở chỗ nuôi được tâm hồn người ta. Dì em đi được mừng, khỏe khoắn thì nên tôn trọng, đừng cấm cản. Chỉ cần canh chừng đừng để dì dồn hết tiền vào đó mà cả nhà khổ."
Quản lý xưởng bên em hôm nào cũng chửi đổng ngoài xưởng cho cả tổ nghe. Gặp sếp kiểu đó thì phải làm sao?,"Sếp chửi đổng ngoài đông người là kiểu lên mặt hách dịch, đừng đôi co chỗ đó. Cứ làm việc của mình, chửi quá đà đụng tới nhân cách thì bật ghi âm rồi lên phòng nhân sự báo một lần cho sếp biết. Luật lao động quy định rõ, nhục mạ người lao động là có cớ khiếu nại. Để yên lâu ngày nó quen mồm càng khổ."
"Nhà trọ công nhân bên em 2 người một phòng 12 mét vuông, giá 1 triệu 5. Đắt hay rẻ vậy anh?","Tùy chỗ. Ở gần khu công nghiệp lớn, 12 m2 mà có nhà vệ sinh riêng, có máy lạnh thì mức đó là vừa. Nhưng phải kiểm tra kỹ: điện bao nhiêu một số, nước bao nhiêu, nhìn bảng giá bên trong mới biết đắt rẻ. Chỗ sạch sẽ, gần xưởng, hàng xóm tử tế là đáng. 2 người 12 m2 hơi xít nhưng tiết kiệm được nửa tiền thuê, còn hơn thuê riêng xa xưởng."
"Bữa cơm của công nhân xa quê thường có những gì, anh kể em nghe đi. Em mới lên còn bỡ ngỡ.","Đơn giản lắm, toàn món nấu nhanh: cơm với trứng chiên, thịt kho, mắm ruốc, rau luộc, canh cua bột. Chợ gần khu công nhân nào cũng bán sẵn mấy món ưu tiên giá rẻ. Cuối tuần thì bù: nấu mâm cơm đàng hoàng, xào tôm, thịt luộc. Giờ nhiều chỗ còn có cơm bụi 15 ngàn phần công nhân, ăn qua bữa rồi lại đi làm. Ở vài tháng là thành thạo nấu nướng luôn."
"Ống nước dưới bồn rửa chén nhà em bị rò ở mối nối, ngày nào cũng nhỏ giọt cả buổi mà em cứ để vậy. Sửa kiểu gì cho xong?","Chỗ mối nối rò là do roăng cao su bị già mềm hoặc ron xì ốc bị lỏng. Em khóa van nước, tháo mối nối ra, thay roăng mới và quấn thêm băng tan vào ren trước khi siết lại. Nhớ siết thật chặt bằng cờ lê, đừng siết bằng tay rồi lại rò tiếp. Cả buổi thay đi, mất khoảng 15 phút là xong, đỡ hơn việc mỗi ngày lau sàn."
"Anh ơi, sửa một căn nhà cấp 4 cũ khoảng 30 năm tuổi thì mất bao lâu mới xong?","Tùy mức độ sửa. Thay mái tôn, sơn lại tường, gia cố vài chỗ là khoảng 2 đến 3 tuần. Nếu phải đục sửa móng, đổ lại sàn, thay toàn bộ hệ thống điện nước thì kéo dài 1 đến 2 tháng. Cái chậm nhất là khâu khảo sát và chờ tường khô rồi mới sơn được. Em nên liệt kê cụ thể phần nào hỏng để thợ báo được thời gian chính xác, đừng để họ làm đoán chừng rồi ngâm dài tháng."
Kệ TV nên chống chân hay treo tường để hợp nhà nhỏ?,"Nhà nhỏ thì treo tường lợi hơn, sàn trống nhìn phòng rộng ra. Nhưng treo phải bắt vào tường gạch chắc, dùng tắc đúng tải trọng, đừng treo lên vách thạch cao vì dễ rơi. Kệ chống chân thì dễ di chuyển khi em muốn đổi vị trí nội thất, lại có ngăn để đồ điện tử. Em thích đơn giản thì treo tường một tấm kệ ngắn cho đầu thu và máy, vừa gọn vừa đỡ bám bụi dưới chân."
"Sofa da hay sofa nỉ, loại nào dễ vệ sinh và bền cho nhà có con nhỏ?","Nhà có con nhỏ thì sofa da hoặc giả da dễ lau hơn hẳn, nhỡ con làm đổ đồ ăn lau là sạch ngay. Nỉ thì êm và ấm hơn nhưng dễ dính vết, phải có bọc giặt được mới yên tâm. Da giả rẻ tiền thì nóng khi ngồi lâu và bong tróc sau vài năm. Em chọn da công nghiệp loại khá, màu tối, tránh màu sáng vì bẩn nhanh, con nhỏ mới ngồi đã lem một vệt."
"Tối nay đội tuyển VN đá vòng loại World Cup với Iraq, mày nghĩ kèo thế nào?","Kèo thì mình chấp Iraq nửa trái nhưng tao tin VN thắng, sân nhà Mỹ Đình mà. Iraq to xác thật nhưng lối đá họ đơn giản, tạt cánh đánh đầu với sút xa, VN mình nhanh chân hơn thì kèm được. Cứ coi đội nhà đá pressing rát từ đầu, ghi bàn trước là đè luôn. Tao đặt niềm tin vào thủ môn bắt bóng bổng chắc chắn, hạn chế phạt góc là có cơ thắng. Tối nay lên sân cổ vũ hết mình, VN thắng!"
"Lên lịch trình Nha Trang 2 ngày giúp với, ngân sách 2 triệu.","Ngày 1 tắm biển buổi sáng, trưa ăn bánh canh cá lóc, chiều đi Vinpearl nếu vé trong ngân sách. Ngày 2 sáng ra đảo Bình Ba ăn tôm hùm, chiều thăm Tháp Bà rồi mua quà về. Vé máy bay khứ hồi săn sớm cỡ 1,2-1,4 triệu, còn lại dành cho ăn và thuê xe máy 150k một ngày. Chịu khó đi bụi là vừa đủ tiền."
Tiền nuôi một đứa con của mẹ đơn thân mỗi tháng tốn bao nhiêu vậy? Em tính toán hoài chưa ra được.,"Tuỳ thành phố và độ tuổi con. Ở Sài Gòn nuôi con nhỏ thì sữa, bỉm, thuốc, mẫu giáo cũng phải 4 đến 6 triệu là ít. Con lớn hơn, sách vở và học thêm còn tốn hơn. Cứ liệt kê từng khoản ra giấy, khoản nào cắt được thì cắt. Đừng bi quan, có kế hoạch là nuôi được."
Bác bán 100k một cân thịt hả? Em thấy chỗ kia người ta bán có 80k thôi.,"Chỗ kia 80k là thịt gà thải loại, còn đây là thịt lợn mát mới mổ sáng nay. Nhưng thôi, em mua thì bác lấy 95k cho nhanh, lấy 2 cân đi, bác cân cho đầy đĩa cho."
"Em độc thân sống một mình, muốn kho một nồi thịt để cả tuần ăn cơm hộp, mà sợ để lâu hư. Anh tư vấn món nào kho xong để được lâu?","Thịt kho tiêu là số một vì mặn đậm đà nên để được lâu. Thịt ba chỉ cắt miếng vừa, ướp nước mắm, đường, tiêu xay với chút hành tỏi băm, để 30 phút cho thấm. Kho lửa nhỏ tới khi nước sền sệt, nêm đậm hơn ăn thường một chút. Nguội thì cho vào hũ thủy tinh sạch, để ngăn mát dùng dần 4-5 ngày. Sáng hấp lại cùng cơm là có mâm cơm văn phòng chuẩn chỉ."
"Thấy người ta thuê acc cày thuê, lương thế nào?","Cày thuê acc game kiểu Liên Quân, Free Fire tầm 300k-1 triệu mỗi acc tùy rank và độ khó. Acc cao rank thuê người chơi leo lên Thách Đấu trả cao hơn, tầm 1.5-2 triệu. Nhưng cày 8-10 tiếng một ngày mới kịp tiến độ, người khỏe nên nghĩ lại. Làm hợp đồng rõ ràng, cày trước trả sau mới an toàn."
Nạp thẻ qua shop online vs cửa hàng tạp hóa cái nào an toàn?,"Shop online toàn bộ có ưu đãi và uy tín hơn nếu là shop lớn, vì có hóa đơn, mã thẻ rõ ràng, hỗ trợ khiếu nại. Tạp hóa thì nhanh nhưng rủi ro mua phải thẻ đã kích hoạt hoặc thẻ hết hạn. Chọn shop online lâu năm có đánh giá tốt, giữ mã thẻ và tin nhắn giao dịch để phòng khi tranh chấp. Giá rẻ hơn cả."
"Son môi màu nào hợp da ngăm? Em đang phân vân giữa đỏ cam với hồng đất, chọn bên nào tốt hơn?","Da ngăm đỏ cam hợp hơn hẳn. Tông cam đất, nâu đỏ hoặc đỏ gạch đều lên môi đẹp, sáng da. Hồng đất hơi xỉn, nhìn da thâm thêm. Tránh son tím và hồng pastel. Muốn nhẹ nhàng thì chọn nâu hồng, đừng chọn cam chói."
"Quần áo rẻ mà vẫn xịn thì mua ở đâu, hay là rẻ tiền vô địch luôn rồi?","Rẻ vẫn có đồ tốt nếu biết chọn. Mấy sàn may sẵn chất lượng thường hơn: áo thun denim, quần ống đứng, áo sơ mi kakki. Chú ý đường may và cầm chất vải lên thử. Một chiếc áo đẹp dáng mặc còn sang hơn đồ hiệu may cẩu thả."
"Em dáng gầy, mặc gì để đỡ nhìn như cây sào vậy, đồ gì cũng thấy rộng thùng thình?","Chọn đồ nhiều lớp hoặc dáng ôm vừa, đừng bó sát cũng đừng quá rộng. Áo sơ mi kẻ caro, áo len tay rộng, quần ống đứng có độ dày. Màu sáng cùng chất vải có độ rủ giúp cơ thể nhìn đầy đặn hơn."
"Em hay mua đồ theo trend rồi mặc có vài lần bỏ xó, thấy lãng phí tiền lắm, khắc phục sao?","Đừng mua theo trend. Đặt quy tắc: một món phải đi được với ít nhất ba món đã có trong tủ mới mua. Ưu tiên đồ cơ bản chất lượng tốt, dồn tiền vào áo khoác giày túi, còn đồ thời vụ dùng được vài mùa là đủ."
"Nhờ mày tư vấn chỗ ăn tối nay cho tao đi, tao muốn kiếm quán phở nào ngon mà chỗ ngồi rộng rãi chút ở Sài Gòn.","Phở ngon mà rộng rãi thì cứ Phở Hòa Pasteur, bàn bày thoáng, phở bò tái chín nước trong veo. Tránh giờ 11h30 đến 13h vì đông nghẹt, tới 14h là ngồi thoải mái. Nhớ kêu thêm trứng trần với quẩy."
"Tụi tao đang tính đi nhậu cuối năm với anh em công ty, cần chỗ nhậu bình dân mà đồ ngon, đông người cũng thoải mái.","Chọn quán nhậu bình dân chuyên đồ nướng hoặc hải sản ở khu dân cư, bàn dài gộp được là hợp. Món phải gọi kiểu háng quén xào mì, cá kho tộ cho dễ gắp. Quán đông khách là dấu hiệu ngon, nhưng nhớ kêu sẵn để nướng tới thì có món liền."
"Em viết câu nào cũng dài, toàn đặt dấu phẩy hết. Chỗ nào nên dùng dấu chấm vậy?","Dấu phẩy ngắt các thành phần trong câu, dấu chấm kết thúc một ý hoàn chỉnh. Mẹo dễ nhất: đọc to lên, chỗ nào hết một ý, ngừng lại được thì đặt dấu chấm. Ví dụ: Sáng nay trời mưa, em đi học trễ. Cô giáo nhắc nhở nhẹ nhàng. Hết một câu chuyện nhỏ là chấm, đừng phẩy hết cả đoạn rồi câu thành nghẽn lại."
Tôi muốn hủy hợp đồng bảo hiểm nhân thọ sau 2 năm đóng thì mất bao nhiêu tiền?,"Muốn hủy thì bị cắt tiền khá mạnh. Trong 2 năm đầu, tiền gốc đóng qua chi phí và hoa hồng gần hết, giá trị hoàn lại khi hủy chỉ còn chút ít. Kiểm tra bảng giá trị hoàn lại trong hợp đồng, thường 2 năm đầu gần như mất trắng. Nếu đóng được 10 năm thì giá trị hoàn lại mới đáng kể, nếu hủy sớm chấp nhận lỗ là chuyện thường."
Đi phượt đường dài nên mang theo dụng cụ sửa xe gì?,"Bộ tuýp bi đi kèm xe, kìm, tua vít, cờ lê mười và mười ba, bơm tay, xăm dự phòng, vá xe xăm, cầu chì, dây câu bình. Học cách thay xăm và chỉnh xích trước khi đi, ra gara nhờ chỉ một buổi là nắm. Nếu xe cần đồ độc quyền thì lưu số gara mạng cùng tuyến vào điện thoại. Mang theo là đỡ chết máy giữa đèo."
"Tết nào con em cũng đòi hết tiền lì xì rồi tiêu vung vào game điện thoại, làm sao dạy con xài tiền cho biết điều?","Đừng cho con nắm toàn bộ tiền lì xì khi con chưa biết xài. Chia theo quy tắc rõ ràng: một phần con tự quản, một phần mẹ giữ hộ để dành, một phần để đi chơi Tết. Cho con cầm số tiền nhỏ và tự lo, tiêu hết thì tự thấy hậu quả. Dần dần con sẽ tự biết tính. Đừng nói suông, phải cho con thực hành."
"Tôi định đăng ảnh con mình lên mạng cho họ hàng xem, nhưng bạn bảo nguy hiểm. Nguy hiểm chỗ nào mà phải kiêng?","Nguy hiểm là vì ảnh con mày ra ngoài thì mày hết kiểm soát. Kẻ xấu có thể dùng ảnh để dựng chuyện, làm giả giấy tờ, hoặc nhận là con của chúng. Còn người quen biết mày, biết lịch sinh hoạt của con, cũng là mối nguy. Nếu muốn đăng thì đăng ít, tránh mặt mày rõ, tránh nói tên trường, tên lớp, địa chỉ. Tốt nhất chỉ gửi ảnh riêng cho họ hàng trong nhóm kín, chứ đừng phơi cho cả thế giới xem."
Giờ cao điểm sáng đi làm mà kẹt xe ở Nguyễn Trãi thì chạy đường nào cho đỡ tắc?,"Chán nhất là khung 7h đến 8h sáng đoạn Nguyễn Trãi về trung tâm. Muốn đỡ hơn thì chạy qua Phan Đình Phùng rồi rẽ vào các hẻm lớn, hoặc đi đường Lê Văn Lương vòng qua Nguyễn Chí Thanh. Chấp nhận xa thêm mười phút nhưng khỏi nằm im giữa đường."
Đổ xăng buổi sáng hay buổi chiều thì lợi hơn?,"Nhiều người nói sáng sớm xăng nở ra nên đổ được nhiều hơn, nghe có vẻ khoa học nhưng thực tế chênh lệch vài nghìn là cùng, khỏi cần lăn tăn. Cứ lúc nào cạn bình thì đổ, nhớ đừng để vợt cạn rồi mới tìm cây xăng, hư bơm xăng là tiền triệu đấy."
"Đang chạy thì bị CSGT ra hiệu dừng xe, mình nên làm gì đầu tiên?","Bình tĩnh bật xi nhan phải, tấp vào lề từ từ, tắt máy, tháo nón bảo hiểm và gọi anh bằng thái độ lễ phép. Đưa giấy tờ đầy đủ, trả lời ngắn gọn đúng sự thật. Đừng có bỏ chạy hay lạng lách né, tội bỏ chạy còn nặng hơn lỗi ban đầu gấp nhiều lần."
"Nhiều người bảo vay ngân hàng mua nhà là tự đưa mình vào nợ nần, Anh nghĩ sao?","Đúng, vay mua nhà là cầm nợ 20-25 năm, nhưng nếu em trả góp bằng 30% thu nhập thì vẫn đáng. Nhà là tài sản cầm cố, giá đất lên theo năm. Quan trọng là đừng vay quá 70% giá trị nhà và đừng lỡ giữa đường bán vội. Nợ có tài sản đỡ vẫn hơn thuê nhà hết đời."
Lãi suất vay mua nhà giờ ngân hàng nào đang tốt nhất?,"Đừng tin lãi suất ưu đãi 6-7% năm đầu, nó là mồi. Thả nổi sau đó thường nhảy lên 10-12%. Em nên so cả gói 5-10 ngân hàng như Vietcombank, BIDV, Techcombank, VPBank, xem lãi cố định bao lâu, phí phạt trả trước hạn. Chốt hồ sơ vay ổn định, đừng chạy theo quảng cáo."
"Em muốn tân trang lại phòng khách nhỏ 12m2, nên làm gì trước?","Xác định lại nguồn sáng tự nhiên rồi chọn tông màu sáng như trắng, kem, xám nhạt. Thay sofa to bằng sofa sofa-bed gọn hơn, bỏ bàn kính to thay bàn nhỏ. Tường tận dụng treo kệ và tranh. Sơn lại là đổi đời luôn. Ngân sách 10-15 triệu là đủ làm khác hẳn, đừng phung phí mua ghế đắt tiền."
Lúc cưới hỏi kiêng những gì để tránh xui?,"Hay kiêng người tang kỵ đứng ra sắp đặt, chọn ngày phạm tuổi đôi bên, làm rơi tráp lễ vật, hay cô dâu quay đầu nhìn lại khi lên xe. Cũng tránh chuẩn bị lễ xong rồi mới phải hoãn. Với người làm, cái quan trọng nhất là tránh thiếu tiền bạc và gay gắt phát sinh lúc tổ chức."
Khi tổ chức đám cưới cần dự trù những khoản chi nào?,"Khoản chính gồm tiệc, chụp ảnh và quay phim, trang phục, hoa và trang trí, hóa trang, nhẫn cưới, thiệp và phong bì, ban nhạc hoặc MC cùng xe hoa. Đừng quên tiền lễ vật và lộc cho phụ giúp. Cộng thêm 10% cho phát sinh như thêm bàn hay sửa đồ trong phút chót."
"Hàng mua về bán chậm, sắp hư mà chưa hết. Làm sao gỡ vốn cho đỡ lỗ?","Gỡ nhanh còn hơn ngồi nhìn hư rồi đổ bỏ. Hạ giá bán lỗ cho tiểu thương khác hoặc nhà ăn, hàng tươi thì chế sẵn, làm gỏi bán buổi chiều. Rau sắp héo ngâm nước lạnh cho tươi rồi bán combo rẻ cho khách nấu canh ngay trong ngày. Lần sau thu mua ít lại, chia theo lượng bán từng buổi, đừng tham hàng rẻ mà lấy cả mớ. Bài học là cân nhắc kỹ rồi mới đặt hàng."
"Tiền chợ cứ đội lên hàng tháng mà chưa hiểu vì đâu, kiểm soát chi phí bếp ra sao?","Ghi lại vài tuần liền mỗi lần đi chợ bao nhiêu, mua gì, rồi nhìn lại chỗ nào xài tay hơi: đồ vặt, bánh kẹo, nhà hàng cuối tuần hay mua thừa rồi đổ. Đặt hạn mức tiền chợ mỗi tuần và rút đúng số đó, đừng quẹt thẻ vung tay. Mua sỉ gạo, thịt heo cả khúc chia đông lại rẻ hơn mua lẻ mỗi bữa. Nấu ăn bao nhiêu bữa thì mua bấy nhiêu, tránh trữ mấy thứ chóng hư rồi quên trong tủ lạnh."
Giá cắt tóc ở salon hiện tại khoảng bao nhiêu là hợp lý?,"Cắt nam ở tiệm bình dân 30-50k, salon có tiếng 80-150k, stylist riêng có thể 250-400k. Nữ cắt ngắn tạo kiểu từ 120k. Hợp lý nghĩa là tiền đúng chất lượng: cắt 50k mà cắt chuẩn để ý từng sợi thì đáng, cắt 200k mà cắt theo sao chép hình mẫu thì phí. Quan trọng là thợ tư vấn tôn khuôn mặt anh, đừng cắt theo mốt."
"Phim nào mày thấy quá đánh giá cao, xem xong ức chế kiểu tại sao mọi người khen vậy trời?","Bản thân tao chọn Barbie. Hình ảnh đẹp, nhạc hay, nhưng cứ như đang xem một bài giảng về nữ quyền nhồi liên tục hơn là một câu chuyện thật sự. Diễn xuất của Margot Robbie ổn, nhưng kịch bản la hét khái niệm nhiều hơn để nhân vật sống. Tao hiểu vì sao công chúng mê, đúng thời điểm, màu mè, tựa đề gây chú ý. Còn giá trị điện ảnh thì xếp sau đó. Khen thì khen thật nhưng đừng thổi lên thành siêu phẩm của thập kỷ."
"Nhà em bị rò nước dưới bồn rửa chén, gọi thợ sửa ống nước thì chi phí thế nào?","Rò dưới bồn thường là do gioăng cao su mục, hoặc ống nhựa bị nứt. Gọi thợ tới thì họ chấm công 150 đến 200 nghìn cho lần ghé, cộng thêm tiền vật liệu nếu phải thay ống. Tự kiểm tra trước: lau khô rồi xem nước chảy ra từ chỗ nào, nếu chỉ là gioăng thì mua cái mới độ vài chục nghìn tự thay được, đỡ mất công thợ."
"Nhà tôi muốn sơn lại tường, 60 mét vuông, thuê thợ thì bao nhiêu tiền công?","Sơn lại tường cũ thường tính theo mét vuông, công thợ 20 đến 25 nghìn một mét, tính cả cạo, xả, lót và 2 lớp phủ. Nhà 60 mét vuông thì tiền công rơi vào 1,2 đến 1,5 triệu, vật liệu tự mua hoặc để thợ mua ghi rõ hóa đơn. Dặn thợ xả lớp cũ cho kỹ, lăn đều, chứ qua loa thì vài tháng lại loang."
"Thợ điện làm công trình lớn như chung cư, nhà xưởng thì lương một tháng bao nhiêu?","Thợ điện công trình lương khoán theo khối lượng hoặc theo ngày công. Thợ có tay nghề, biết đọc bản vẽ điện thì 400 đến 500 nghìn một ngày, làm đều 26 ngày thì cỡ 10 đến 13 triệu một tháng. Làm chủ thầu khoán lại cả cụm còn nhiều hơn, nhưng phải lo nhân công, vật tư. Muốn lương cao thì phải biết đấu nối tủ điện, đọc sơ đồ, chứ chỉ đi giật dây thì mãi ở mức phụ."
"Lỡ cắt trúng tay khi băm hành, xử sao cho mau lành?","Rửa sạch bằng nước, sát khuẩn nhẹ, băng kín rồi đưa tay cao hơn tim để cầm máu. Đừng đắp lá hay rắc bột trẻ em, mấy trò đó chỉ thêm nhiễm trùng. Vết nhỏ chừng ba bốn ngày là liền, nhớ để khô là chính."
"Áo trắng bị ố vàng lâu ngày, giặt thế nào cho trắng lại?","Ngâm trước trong nước vo gạo hoặc nước chanh pha loãng khoảng nửa giờ, rồi giặt với nước ấm pha ít thuốc tẩy dành riêng đồ trắng. Phơi chỗ có nắng là khâu làm trắng nhiều nhất. Đừng dùng nước nóng pha tẩy đậm, coi chừng áo mục."
Đám giỗ thường diễn ra theo những bước nào từ trước tới sau?,"Trước ngày giỗ một hôm thì lau dọn bàn thờ, bày mâm từ chiều. Sáng hôm giỗ thắp hương cúng lễ, khấn mời ông bà. Đến trưa hoặc chiều tùy nhà là lễ hóa vàng, hóa xong mọi người quây quần thụ lộc. Xong bữa, con cháu thu dọn và đem cỗ biếu hàng xóm, họ hàng. Nhiều nhà làm giỗ theo năm, ngày giỗ tròn thì làm to hơn."
"Chó nhà mình cứ sủa váng lên mỗi khi hàng xóm đi ngang qua, hàng xóm đã phàn nàn rồi.","Đây là tật giữ nhà, nó sủa để báo hiệu lãnh thổ. Muốn bớt thì đừng chửi hay đánh, càng làm nó kích động hơn. Tập cho nó lệnh Im lặng: khi nó sủa, ra lệnh ngồi, giữ im lặng vài giây thì thưởng. Đồng thời cho nó đi dạo nhiều, mệt là hết sức sủa. Nếu sủa cả đêm, đừng để nó trông thấy lối đi qua cửa sổ, che bớt tầm nhìn."
Cho chó ăn cơm với gì thì tốt? Mình đang cho nó ăn cơm với cá khô.,"Cơm với cá khô thì hơi thiếu dinh dưỡng và mặn, lâu ngày dễ hỏng thận và da. Cách tốt nhất là cơm trộn thịt nạc băm hoặc lòng gà luộc, thêm chút rau củ xay nhuyễn như cà rốt, bí đỏ. Tránh cho xương gà vụn vì dễ mắc họng, tránh đồ mặn và gia vị. Nếu có điều kiện thì hạt khô chất lượng vẫn cân bằng nhất, nhưng cơm nấu đúng cách cũng ổn miễn đủ đạm."
Mua điện thoại Xiaomi hay Samsung tầm 7 triệu?,"Samsung A35 hay A55 bền, bảo hành tốt, màn hình đẹp. Xiaomi cấu hình mạnh hơn cùng giá, nhưng quảng cáo nhiều và đôi khi máy nóng. Văn phòng, dùng lâu thì Samsung, chơi game thì Xiaomi."
Chọn card đồ họa nào cho máy chơi game?,"Nhu cầu nhẹ thì RTX 4060 là chuẩn. Muốn chơi 1440p cao thì RTX 4070 Super trở lên. Đừng nhồi card mạnh vào nguồn yếu, kiểm tra nguồn tối thiểu 650W cho dòng 60 series."
Nhận hàng mà thấy hộp bẹp dúm thì xử lý sao?,Đừng nhận vội. Ghi hình cái hộp trước rồi mở ra kiểm tra. Hàng bên trong hỏng thì từ chối nhận và báo người giao. Nếu shipper bắt ký nhận thì ký nhưng ghi chú hộp bẹp chưa kiểm tra. Sau đó khiếu nại sàn kèm ảnh bằng chứng.
Hàng hỏng khi giao thì làm sao để được đổi trả?,"Chụp ảnh, quay video hàng hỏng ngay khi nhận. Vào đơn hàng bấm yêu cầu trả hàng, chọn lý do hàng bị hư hỏng khi vận chuyển và kèm bằng chứng. Sàn sẽ xét và xử lý, thường có shipper qua xác nhận. Trả hàng xong tiền được hoàn về ví hoặc tài khoản trong vài ngày."
Mình hủy đơn rồi mà shop vẫn giao thì phải làm sao?,"Nếu shop cố tình giao trong khi bạn đã hủy thì bạn có quyền từ chối nhận. Báo lỗi đơn đã hủy nhưng vẫn nhận được hàng để sàn xử lý. Đừng mở hàng, cứ để shipper mang về. Sàn sẽ hoàn tiền và nhắc nhở shop."
"Mình để review 1 sao thì bị shop nhắn tin đòi gỡ, nên làm sao?","Đừng gỡ trừ khi shop giải quyết thỏa đáng. Shop nhắn đòi gỡ review nhiều khi chỉ muốn che giấu. Nếu shop làm phiền quá thì chặn và báo sàn. Gỡ review đổi lấy mã giảm giá là kiểu mua chuộc, bạn kể ra thì có giá trị cho người khác hơn."
Hoàn tiền khi trả hàng mất bao lâu?,"Thường 3 đến 7 ngày làm việc tùy phương thức bạn trả. Trả qua ví điện tử thì nhanh, về thẻ thì lâu hơn, còn COD thì phải cung cấp số tài khoản nhận lại. Theo dõi trong mục quản lý hoàn tiền của sàn. Quá thời gian hứa thì gọi khiếu nại, sàn sẽ đôn đốc."
"Mẹ chồng lúc nào cũng xen vào chuyện vợ chồng em, xử lý sao đây?","Mẹ chồng xen vào thì đừng cãi nhau trước mặt bà. Nói với chồng rằng chuyện vợ chồng mình để vợ chồng mình giải quyết, nhờ anh đứng ra nói chuyện với mẹ. Chồng mà đứng về phía mình thì mọi chuyện êm. Còn bà vẫn xen, thì giữ khoảng cách lịch sự, cãi nhau chỉ làm mọi chuyện tệ hơn."
Tháng mấy ở biển miền Trung đẹp nhất để tắm?,"Từ tháng 2 đến tháng 8 nắng đẹp, nước xanh, sóng êm, tắm thoải mái. Từ tháng 9 đến tháng 11 hay mưa bão, biển động, nước đục thì đừng đi. Tháng 12 trở ra trời se lạnh, tắm được nhưng nước hơi rét."
Đi biển nên mang theo những gì cho gọn mà vẫn đủ?,"Đồ tắm, kính râm, kem chống nắng SPF 50+ phải xịt lại mỗi 2 tiếng, mũ rộng vành, áo khoác mỏng. Mang dép chuyên biển, túi chống nước đựng điện thoại. Nhớ thuốc nhỏ mắt vì nước mặn cay mắt, và tiền lẻ để trả đồ ăn."
Bãi biển nào ít đông và sạch nhất Việt Nam?,"Quy Nhơn, Côn Đảo, đảo Nam Du đang sạch và yên hơn Nha Trang, Đà Nẵng. Quy Nhơn biển xanh, người địa phương dễ chịu. Côn Đảo đẹp nhưng chi phí cao và phải bay tới. Tránh dịp lễ là bãi nào cũng đỡ đông."
Trẻ con tắm biển cần coi chừng gì nhất?,"Đừng rời mắt khỏi trẻ dù vài giây, sóng bất ngờ là nguy hiểm nhất. Cho trẻ mặc áo phao, dạy đứng yên khi sóng vào chứ đừng quay lưng. Tránh tắm lúc trưa nắng gắt và tối muộn. Tắm xong rửa sạch nước mặn rồi bôi kem dưỡng."
Đà Lạt tháng nào đẹp nhất để đi chơi?,"Từ tháng 11 đến tháng 2 trời lạnh, mây mù đẹp, hoa dã quỳ và anh đào nở. Tháng 12 đến tháng 2 là mùa anh đào đẹp nhất. Mùa hè tháng 6-8 chiều hay mưa, đi được nhưng nhớ mang áo mưa. Tránh đúng dịp lễ vì đông và phòng khách sạn tăng giá."
Đi Sapa mùa nào hợp để ngắm ruộng bậc thang?,"Tháng 9 đến tháng 10 là mùa lúa chín, ruộng vàng rực, đẹp nhất năm. Muốn ngắm mùa nước đổ xanh mướt thì đi tháng 5-6. Tháng 12 đến tháng 2 có tuyết và sương muối nếu rét đậm nhưng đường trơn. Tránh mùa mưa tháng 7-8 vì đường sạt lở."
Leo núi lần đầu thì nên chọn ngọn nào ở Việt Nam?,"Bắt đầu bằng Fansipan cáp treo hoặc mấy ngọn thấp tầm 1000-2000m như Tà Năng - Phan Dũng. Đừng nhảy cóc lên ngọn cao 3000m khi chưa quen. Đi cùng nhóm có kinh nghiệm, mang giày leo núi, áo giữ nhiệt, nước và đồ ăn nhẹ, xem dự báo thời tiết trước."
"Giá phòng khách sạn tăng vào cuối tuần, sao lại vậy?","Cầu cao hơn cung: cuối tuần và ngày lễ dân đi chơi đông nên khách sạn tăng giá theo quy luật cung cầu. Phòng kín chỗ giá càng cao, đặt gần ngày đi càng đắt. Muốn rẻ thì đi ngày thường, đặt trước 2-3 tuần, hoặc chọn khách sạn hơi xa trung tâm."
"Review khách sạn 5 sao mà tới nơi thất vọng, tin sao cho đúng?","Đọc review mới nhất, đặc biệt mấy review 3 sao vì chúng chân thực nhất. Xem ảnh khách chụp thay vì ảnh quảng cáo. Kiểm tra bình luận về vệ sinh, tiếng ồn, chất lượng bữa sáng. Review 5 sao toàn chữ chung chung dễ là review mua, đừng tin hết."
"Đặt phòng qua trung gian bị hủy phút chót, xử lý sao?","Giữ nguyên tin nhắn và xác nhận đặt phòng, liên hệ ngay trung gian để họ tìm phòng thay thế hoặc hoàn tiền. Yêu cầu họ chi trả phần chênh lệch nếu bạn phải đặt phòng khác. Đừng tự đặt phòng đắt hơn trước khi được xác nhận, dễ mất tiền."
Lịch trình 3 ngày ở Đà Nẵng nên sắp xếp thế nào?,"Ngày 1: Bà Nà cáp treo và Cầu Vàng, chiều tắm biển Mỹ Khê. Ngày 2: sáng đi Sơn Trà ngắm khỉ, chiều về Hội An. Ngày 3: Ngũ Hành Sơn và biển, tối đi chợ đêm. Đừng nhồi quá nhiều, Đà Nẵng gần nên đi thong thả."
Đặt vé máy bay hãng giá rẻ thì cần tránh những phí gì?,"Hãng giá rẻ tính tiền từng thứ: hành lý ký gửi, chọn chỗ, đổi lịch. Mua gói hành lý 20kg lúc thanh toán rẻ hơn mua thêm sau. Đọc kỹ giới hạn hành lý xách tay. Đừng quên giờ check-in vì hãng này đóng cửa rất sớm."
Phở ở đâu ngon? Cho tôi quán cụ thể.,"Miền Bắc thì Phở Thìn Lò Đúc chuẩn vị nhưng lúc nào cũng đông nghẹt, Phở Bát Đàn cũng được. Miền Nam thì Phở Lệ hay Phở Tàu Bay Ngon, nước dùng ngọt thanh, bò mềm. Quán nào nước trong, thịt tươi là ngon."
Hủ tiếu Nam Vang ở Sài Gòn quán nào xứng tiền?,"Hủ tiếu Nam Vang Phú Mỹ Hưng ngon nhưng giá cao. Mấy quán hủ tiếu gia truyền trong quận 5, quận 11 vừa rẻ vừa chuẩn vị gốc. Nước dùng ninh xương heo, thêm tôm khô, hành phi là đúng bài người Hoa."
Bánh mì Sài Gòn với bánh mì Hà Nội khác nhau chỗ nào?,"Bánh mì Sài Gòn đầy đủ đồ: pate, chả, thịt nguội, dưa leo, ngò, ớt, phết thêm nước sốt mặn ngọt. Bánh mì Hà Nội khô gọn hơn, chủ yếu pate với chả, ít rau, vị đậm chất giò chả hơn là kiểu phong phú của miền Nam."
"Ốc luộc hay ốc xào, lần đầu ăn thì chọn món nào?","Cứ ốc luộc sả ớt chấm nước mắm gừng trước, vị ngọt tự nhiên của ốc nó lộ ra hết. Ốc xào dừa hay ốc bơ ngon nhưng hơi ngán, ăn vài con là ê bụng. Lần đầu đừng nhảy vô món quá mạnh, dễ ngộp."
Xiên que nướng ăn loại nào nhất?,"Xiên bò tái chanh, xiên gan và xiên mực là nhóm đầu bảng. Nhưng quan trọng là chọn quán nướng tươi ngay trước mặt, đừng mua xiên đã nướng sẵn để lâu. Chấm tương ớt ngọt kèm đu đủ chua gầm là chuẩn gu."
Món vặt nào dân sành ăn đều phải thử một lần?,"Trứng vịt lộn chấm muối tiêu chanh. Nghe ghê nhưng dân sành ăn miền Nam công nhận đây là món vặt gây nghiện nhất. Kèm thêm ly trà đá là thành combo vỉa hè chuẩn bài, ăn một lần là nhớ vị cả đời."
Nên ăn vỉa hè buổi sáng hay buổi tối?,"Đều được, tùy món. Sáng thì phở, bánh mì, cháo, dễ tiêu. Tối thì vặt, ốc, nướng, lẩu. Chỉ cần tránh giờ quán vừa mở cửa mà đồ đã nấu sẵn từ đêm, và đừng mua đồ lúc gần quán đóng cửa vì toàn đồ ế thừa."
Vì sao cùng một món mà quán này ngon quán kia dở?,"Do nguyên liệu, gia vị và công thức. Quán ngon chọn được nước dùng chuẩn, thịt tươi, nêm nếm vừa khẩu vị. Quán dở thì cắt giảm nguyên liệu, dùng đồ để lâu, nấu ẩu. Cùng một mức giá nhưng tâm huyết của người làm khác nhau, vị nó khác ngay."
Phòng trọ ở Hà Nội giờ giá tầm bao nhiêu một tháng?,"Tùy khu. Trung tâm như Cầu Giấy, Thanh Xuân phòng 20-25 mét giờ tầm 3,5 đến 5 triệu. Ngoại thành như Gia Lâm, Hà Đông thì 1,5 đến 2,5 triệu. Căn hộ dịch vụ mini tầm 2-3 triệu. Nhớ cộng thêm tiền điện nước nữa."
Khi nào thì nên chốt đặt cọc phòng trọ?,"Chốt khi đã xem phòng kỹ, ưng vị trí, và chủ trọ đồng ý ghi rõ điều khoản ra giấy. Đừng cọc vội chỉ vì sợ mất chỗ. Giữ biên nhận đặt cọc, ghi rõ số tiền và thời gian, tránh mất trắng."
Chung cư mini giá thuê một tháng bây giờ khoảng bao nhiêu?,"Tùy khu vực và diện tích. Nội thành Hà Nội hoặc Sài Gòn, phòng mini có gác lửng tầm 3 đến 5 triệu. Có sẵn máy lạnh, nước nóng, máy giặt dùng chung thì còn đắt hơn. Khu xa trung tâm rẻ hơn, khoảng 2,5 đến 3,5 triệu."
Tiền điện nước phòng trọ một tháng hết bao nhiêu là bình thường?,"Phụ thuộc mùa và đồ điện. Mùa hè bật máy lạnh nhiều thì điện 500 đến 800k là thường, mùa đông chỉ 200 đến 400k. Nước thì 50 đến 100k. Nếu cao bất thường thì nghi chủ chặt giá hoặc rò rỉ, đối chiếu chỉ số."
"Con tôi 9 tuổi, tôi muốn dạy con biết quý trọng tiền bạc. Nên cho con tiền tiêu vặt và dạy con chi tiêu thế nào?","Cho con tiền tiêu vặt hàng tuần từ lớp 2-3 là tốt, nhưng phải kèm quy tắc. Dạy con chia thành 3 phần: để dành, cho đi, và tiêu vặt. Khi con tiêu hết sạch trước tuần, đừng cho thêm, để con tự học bài học từ việc thiếu tiền. Khuyến khích con để dành để mua món con thích thay vì xin ba mẹ. Nói cho con biết giá trị lao động, ba mẹ làm việc vất vả thế nào. Dạy con về tiền từ sớm là món quà cả đời."
Gửi tiết kiệm ngân hàng kỳ hạn nào lãi tốt nhất?,"Lãi suất thường tăng dần theo kỳ hạn, kỳ hạn 6 và 12 tháng đang cho lãi tốt nhất trong khi kỳ hạn 1 và 3 tháng lãi thấp hơn đáng kể. Kỳ hạn 12 tháng thường đạt mức cao nhất. Nếu chưa chắc về dòng tiền, chia nhỏ ra nhiều sổ với kỳ hạn khác nhau để linh hoạt rút. Lưu ý so sánh lãi suất giữa các ngân hàng vì chênh lệch khá lớn."
"Người mới nên bắt đầu đầu tư từ đâu, vàng, chứng khoán hay gửi tiết kiệm?","Bắt đầu bằng gửi tiết kiệm để có quỹ khẩn cấp và nền tảng tài chính ổn định trước. Khi đã quen, mới cân nhắc thêm chứng khoán với số tiền nhỏ, ưu tiên quỹ ETF để phân tán rủi ro. Vàng là kênh phòng thủ chống lạm phát, phù hợp giữ một phần nhỏ danh mục. Đừng vội bỏ hết tiền vào một kênh, mới bắt đầu hãy học thật kỹ trước khi chuyển sang kênh rủi ro cao."
Đầu tư nhà đất cần bao nhiêu vốn tối thiểu?,"Ở các thành phố lớn, vốn tối thiểu cho nhà đất tính bằng vài trăm triệu đến tiền tỷ, còn ở tỉnh lẻ thấp hơn tùy khu vực. Với người mới có vốn nhỏ, có thể tính đất nền tỉnh lẻ, nhà trọ cho thuê, hoặc góp quỹ với người thân, nhưng phải rất cẩn trọng pháp lý. Đừng dùng toàn bộ tiền vay ngân hàng vì lãi sẽ nuốt hết lợi nhuận khi thị trường đứng giá. Pháp lý sổ đỏ rõ ràng quan trọng hơn giá rẻ."
Nên trả nợ trước hay tích lũy đầu tư trước?,"Trả nợ lãi cao trước, coi như đó là kênh đầu tư chắc chắn nhất, vì lãi tránh được cũng là lời. Nợ thẻ tín dụng lãi hơn 20 phần trăm thì phải xử lý ngay trước khi nghĩ tới chứng khoán. Với khoản vay lãi thấp như vay mua nhà, có thể trả song song với tích lũy đầu tư dài hạn. Nguyên tắc: trả hết nợ lãi cao trước, giữ đủ quỹ khẩn cấp, rồi mới tới đầu tư."
Chơi vị trí tiền vệ trung tâm thì cần làm gì mỗi trận?,"Tiền vệ trung tâm là người quay nhịp trận đấu. Cứ 10 lần chạm bóng thì phải quan sát trước 2 lần, chuyền ngắn giữ nhịp rồi thỉnh thoảng chọc khe hoặc chuyền dài đổi hướng. Luôn di chuyển vào khoảng trống, đừng đứng gần người có bóng quá gần."
Đá trung vệ mà gặp tiền đạo to khỏe nhanh hơn mình thì chơi kiểu gì?,"Đừng để đối phương quay lưng có bóng mà mình lại dâng lên húc nhau. Giữ khoảng cách một mét rưỡi, bọc người về phía trong, ép họ ra biên. Khi bóng dài tới thì tranh chấp ngay từ bóng bổng, đừng để họ khống chế trước."
Chơi bóng chuyền bãi biển ở biển nào Việt Nam có sân đẹp?,"Vũng Tàu với Nha Trang có mấy sân bóng chuyền bãi biển tổ chức giải thường xuyên, cát mịn và khung lưới đàng hoàng. Đà Nẵng cũng có khu sân gần bãi biển Mỹ Khê. Dân chơi nghiệp dư cứ tìm hội nhóm địa phương, cuối tuần ra biển đánh giao hữu là ghiền."
"Bị chấn thương nhẹ ở cổ chân lúc chạy bộ, đau nhẹ khi xoay, xử lý sao?","Nghi ngờ bong gân thì nghỉ chạy ngay, chườm lạnh 15 phút mỗi 2 giờ trong 48 tiếng đầu, kê chân cao và băng ép. Đừng nóng lòng chạy lại khi chưa hết đau, sẽ thành chấn thương mạn tính. Sau 3 ngày đau giảm thì tập xoay cổ chân nhẹ nhàng rồi mới chạy lại dần."
"Muốn tăng thể lực nhanh trong một tháng để thi môn chạy, cách nào hiệu quả nhất?","Một tháng thì đừng cày liên tục dễ kiệt sức. Cứ 3 buổi chạy mỗi tuần: một buổi chạy nước rút 400 mét lặp 6 lần, một buổi chạy bền nửa giờ, một buổi chạy với nhịp thoải mái. Cộng thêm tập chân nhẹ. Tuần cuối giảm cường độ để cơ thể hồi phục, đến ngày thi là bung hết sức."
Anh hay nhìn em kiểu gì mà mỗi lần em thấy là tim em loạn nhịp vậy?,"Kiểu nhìn như muốn nuốt em vào mắt ấy. Anh nhìn em từ đầu đến chân, dừng lại vài giây ở chỗ mà anh thích nhất, rồi cười khẽ như đang tưởng tượng điều gì đó. Mỗi lần như thế anh đều đang nghĩ tối nay sẽ âu yếm em thế nào đấy."
Cúp điện xong bật lại cầu dao nó cứ nhảy táp lại hoài thì làm sao anh?,"Ngắt hết thiết bị trong nhà rồi mới đẩy cầu dao lên lại. Nếu vẫn nhảy ngay là đường dây bị chạm chập, đừng cố đẩy mạnh kẻo cháy. Gọi thợ điện kiểm tra luôn cho chắc."
"Quạt điện nhà em tự nhiên quay chậm, kêu ù ù, anh chỉ giúp em cách xử lý?","Lau sạch trục quạt rồi nhỏ vài giọt dầu máy vào lỗ dầu ở giữa trục. Kiểm tra tụ điện, nếu phồng là hỏng phải thay. Nếu vẫn chậm thì mang ra tiệm sửa quạt, đừng tự cạy hộp số."
"Ống nước trong nhà vệ sinh bị vỡ, nước phun tứ tung, giờ xử lý gấp sao anh?","Tìm van tổng ngoài nhà, thường ở gần đồng hồ nước, khóa lại ngay đã. Lau khô rồi xem chỗ vỡ ở đâu, nếu đứt gọn thì thay khúc ống mới, nếu vỡ hở thì dùng keo nối tạm chờ thợ."
Sửa cái khóa vòi nước hay gọi thợ mất bao nhiêu tiền vậy anh?,"Công thợ nước giờ tầm 100 đến 200 nghìn cho việc nhỏ, chưa tính phụ tùng. Sửa điện cũng tương tự. Nhớ chốt giá trước khi thợ ra tay, và so giá chỗ này với chỗ khác, nhiều nơi báo giá chênh nhau dữ lắm."
"Điều hòa chạy 10 năm rồi hư, nên sửa hay thay máy mới thì lời hơn anh?","Máy 10 năm thì thay mới lời hơn, tiền điện tăng do máy cũ chạy yếu, sửa xong cũng chẳng dùng được lâu. Máy mới inverter đỡ tiền điện hẳn. Còn đồ mới dùng vài năm mà hỏng thì sửa là hợp lý."
"Routine dưỡng da cơ bản cho người mới bắt đầu gồm những gì? Đừng bày quá nhiều bước, tôi bận.","Chỉ cần 3 bước tối giản: rửa mặt, dưỡng ẩm, chống nắng. Sáng: rửa mặt nhẹ, thoa kem dưỡng ẩm, kem chống nắng SPF 30+. Tối: tẩy trang nếu có trang điểm, rửa mặt sạch, thoa serum hoặc kem dưỡng ẩm. Thêm bước nào chỉ khi da có vấn đề cụ thể như mụn hay thâm. Đơn giản vậy là đủ cho da khỏe, đừng nhồi 7-8 sản phẩm vào mặt."
"Son dưỡng, son lì, son tint, son kem khác nhau chỗ nào? Tôi muốn mua cây son đầu tiên.","Son dưỡng chỉ giữ ẩm, màu nhạt. Son lì lên màu đậm, lâu trôi nhưng dễ khô môi. Son tint thấm vào môi, màu tự nhiên như vừa ăn trái cây, bền cả ngày. Son kem mềm mịn dễ tán, màu trung bình, dễ lem. Người mới nên mua son kem hoặc tint màu nhạt, dễ tô ít lộ tay. Nhớ tẩy trang vùng môi vào buổi tối."
Đánh mắt kiểu nào cho mắt một mí trông to và có thần hơn?,"Đừng kẻ eyeliner đậm cả mí. Kẻ nước thật mảnh sát chân mi, kéo nhẹ ra đuôi mắt hơi cong lên. Dùng phấn mắt nâu nhạt tán toàn bộ bầu mắt, màu đậm hơn ở đuôi để tạo chiều sâu. Nhấn highlight vào khoé mắt trong. Uốn mi và chuốt mascara thật kỹ, hàng mi cong làm mắt mở to rõ rệt."
"Tôi có 20 triệu, muốn mở quán ăn nhỏ ở Sài Gòn. Bắt đầu từ đâu?","Đừng vội thuê mặt bằng. Cầm 20 triệu đó đi khảo sát khu vực bạn định mở, xem người ta ăn gì, giờ nào đông. Chọn món tinh giản, 3-5 món là đủ. Bắt đầu từ xe đẩy hoặc quán nhỏ, đừng đốt tiền vào trang trí. Tiền mặt luôn phải chừa 20% để xoay vòng."
"Thuê nhân viên bán hàng rồi cứ sợ họ lấy cắp, xử sao cho yên tâm?","Đừng để nhân viên vừa giữ quỹ vừa giữ kho một mình, phân công mỗi người một việc và đối chiếu cuối ca. Camera, sổ xuất nhập rõ ràng, định kỳ kiểm kho. Nhưng quan trọng nhất là trả lương đàng hoàng và ghi nhận người làm tốt. Nhân viên được đối đãi tử tế thì cắp trộm là chuyện hiếm."
Cửa hàng tạp hóa nên sắp xếp hàng hóa như thế nào để bán nhanh?,"Hàng bán chạy nhất đặt tầm mắt và gần quầy thu ngân, hàng ít người mua để góc xa. Nhóm hàng liên quan để cạnh nhau: mì gói cạnh trứng, bia cạnh khô mực. Hàng hết phải kịp bổ sung, trưng bày đầy thì khách thấy sạch sẽ và mua nhiều hơn."
"Cuối tháng tính lời lỗ cho shop, cách nào nhanh nhất?","Cộng toàn bộ tiền thu, trừ đi toàn bộ chi: nhập hàng, mặt bằng, lương, điện nước, phí gì cũng tính. Lấy số đó trừ thêm tiền nhập hàng còn tồn trong kho là ra lời thật. Lời ghi trong tài khoản mà kho đầy hàng chưa bán thì chưa phải là lời đâu, phải xem cả kho nữa."
Làm sao để khách quen cảm thấy đặc biệt khi quay lại shop?,"Nhớ tên và món họ hay mua, gặp lại là hỏi thăm ngay. Tích điểm hoặc quà tặng cho khách hay ghé, sinh nhật gửi lời chúc và mã giảm. Khách cảm thấy mình được nhớ đến thì tự khắc trung thành. Những chuyện nhỏ như vậy đắt hơn mọi quảng cáo."
"Cảm giác khó thở mỗi khi leo cầu thang, có phải tim tôi có vấn đề?","Khó thở khi gắng sức như leo cầu thang có thể là dấu hiệu tim yếu, phổi có vấn đề hoặc do thiếu vận động. Nếu mới xuất hiện gần đây và ngày càng nặng, nên khám tim phổi để biết rõ. Người trẻ hay do hít thở nông và lười tập. Hít sâu bằng bụng, tập đi bộ đều đặn sẽ đỡ. Nhưng nếu khó thở cả lúc nghỉ ngơi thì phải đi khám sớm."
"Bài luận 15 trang sắp deadline mà em mới viết được 2 trang, phải làm sao?","Đừng hoảng, ngồi hoàn thành nốt phần thân đã. Chia mỗi ngày viết ba bốn trang, viết nháp trước rồi chỉnh sau. Mở bài và kết bài để cuối cùng. Cần thì xin giảng viên gia hạn vài ngày, thành thật còn hơn nộp ẩu. Đêm nay lên dàn ý chi tiết rồi viết thẳng, đừng vừa viết vừa sửa."
"Ảnh nghệ thuật nến: người đàn ông 40 tuổi và người phụ nữ 35 tuổi nằm song song trong bóng tối, chỉ có đốm nến duy nhất giữa họ, tay họ hướng về nhau nhưng chưa chạm, phong cách fine art cực kỳ tối giản","Minimalist fine-art image of a 40-year-old man and a 35-year-old woman lying parallel in near-total darkness, a single candle flame glowing between them. Their hands reach toward each other across the small gap, fingertips hovering a breath away from touching. The composition is almost entirely black, the lone flame casting just enough light to trace their profiles and outstretched arms. Stark, symbolic, and profoundly intimate - a study of anticipation, desire, and the electric space before contact."
"Tụi mình xa nhau ba tháng vì anh đi nước ngoài, hôm nay em ra sân bay đón anh. Anh vừa bước ra cửa, thấy em, làm gì đầu tiên?","Anh ném vali sang một bên, bước dài tới chỗ em, ôm em gọn vào lòng tới mức em kêu nghẹt thở. Anh vùi mặt vào tóc em, hít một hơi thật sâu, rồi lùi ra nhìn em một lượt bảo em gầy rồi. Anh nắm tay em kéo đi, bảo về nhà thôi, đêm nay anh bù cho em cả ba tháng."
Người Việt mình cúng thần tài ngày mùng 10 tháng Giêng với ý nghĩa gì?,"Ngày mùng 10 tháng Giêng là ngày vía Thần Tài, người buôn bán làm ăn coi đây là dịp quan trọng để rước tài lộc. Họ dọn dẹp bàn thờ, thay nước, thắp hương, mua vàng hay cá lóc nướng cúng để cầu một năm kinh doanh thuận lợi. Giới kinh doanh xem ngày này gần như một cái Tết nhỏ."
"Tết Thanh minh là gì, người Việt thường làm gì vào dịp này?","Thanh minh là dịp đầu xuân, khoảng mồng 3 tháng 3 âm lịch, người Việt đi tảo mộ, dọn cỏ, đắp mộ, cúng cho ông bà tổ tiên. Đây là nét văn hóa tưởng nhớ người đã khuất, nhắc con cháu nhớ về cội nguồn. Sau khi sửa sang mộ phần, cả nhà thường về cúng tại nhà rồi cùng nhau ăn bữa cơm thân mật."
Tôi hay bị chết máy khi khởi hành lên dốc. Làm sao để lên dốc êm?,"Kỹ thuật kết hợp chân côn và ga: giữ chân phanh, nhả côn từ từ đến khi xe rung lên thì giữ nguyên, thêm ga vừa đủ, hạ phanh tay và nhả côn thêm một chút là xe bò lên êm. Đừng nhả côn vội hoặc thả phanh tay sớm vì xe sẽ tuột ngược. Cứ tập nhiều lần để thuộc điểm tiếp xúc của côn, hết cảnh chết máy khi lên dốc."
Tôi quên mang bằng lái khi đi xe máy bị CSGT giữ xe thì phải làm sao?,"Quên mang bằng lái, giấy đăng ký xe khi bị kiểm tra thì bạn bị lập biên bản và phương tiện có thể bị tạm giữ trong thời gian 7 ngày. Trong khoảng thời gian đó, bạn được mang giấy tờ gốc đến trụ sở CSGT để chứng minh việc quên mang, nộp phạt rồi nhận xe về. Đừng để quá thời hạn giải quyết vì sẽ bị phức tạp thêm. Cách tốt nhất là luôn mang đủ giấy tờ trước khi ra đường."
Canh chua bông súng ăn kèm gì cho đúng kiểu miền Tây?,"Đúng kiểu thì ăn với cơm trắng, chấm mắm cá linh hay mắm kho quẹt, thêm đĩa cá kho tộ. Bông súng chẻ nhỏ ngâm nước chanh cho trắng giòn, thả vào nồi canh chua thay giá. Ngon hơn khi có thêm me, ngò om và ớt tươi xắt khoanh."
"Gà hấp sả làm sao cho thịt ngọt, da vàng bóng và thơm?","Gà làm sạch, để nguyên con hoặc chặt miếng lớn, xát muối tiêu cho ngấm. Lót đáy nồi một lớp sả, lá chanh, gừng, tỏi. Đặt gà lên, đậy kín, hấp nước sôi chừng ba mươi phút tùy độ to của gà. Da vàng và thơm nhờ sả lá chanh, thịt ngọt tự nhiên, chấm muối tiêu chanh."
Pha nước mắm chấm đúng tỉ lệ để món nào cũng hợp?,"Công thức cơ bản là một mắm, một đường, một nước lọc, thêm nửa chén nhỏ nước cốt chanh. Khuấy đường tan hẳn rồi thêm tỏi ớt băm, chờ mắm ngấm là dùng được. Muốn ngọt hơn thì tăng đường, chua hơn thì thêm chanh, cay hơn thì nhiều ớt. Nêm lại từ từ theo khẩu vị nhà bạn."
"Gà nướng muối ớt sao cho da giòn, thịt thấm đẫm vị cay mặn?","Gà để ráo, xăm nhẹ da cho gia vị thấm. Ướp muối, ớt băm, sả băm, tỏi, mắm, một chút dầu ăn, để vài tiếng hoặc qua đêm. Nướng than hoặc lò ở lửa vừa, trở đều và phết dầu ướp lên bề mặt. Khi da chuyển vàng giòn và rỉ nước thơm là chín, chấm muối ớt xanh thêm đậm."
Tự làm bột chiên giòn tại nhà theo công thức nào là tốt nhất?,"Trộn một trăm gam bột mì với năm mươi gam bột bắp, nửa muỗng cà phê muối, nửa muỗng bột nghệ nếu muốn màu vàng đẹp. Đổ từ từ nước lạnh vào, khuấy cho sánh mịn, thêm một chút dầu ăn và một quả trứng nếu thích giòn hơn. Nhúng nguyên liệu đã thấm khô rồi chiên. Công thức này giòn lâu, dễ làm và rẻ hơn mua sẵn."
Gia vị cơ bản nào nhất định phải có trong bếp Việt?,"Phải có mắm, muối, đường, bột ngọt, hạt nêm, nước tương và tiêu xay. Tiếp đến là hành tỏi khô, sả, ớt, gừng và nước màu tự thắng để kho thịt cá. Dầu ăn và dầu phi hành cũng nên sẵn sàng. Đủ bộ này là nấu được gần như mọi món Việt cơ bản, mua dần cho đầy tủ."
Làm cách nào hạn chế cây nhãn ra hoa trái vụ?,"Nhãn ra hoa trái vụ thì tỉa bớt chùm hoa lạ, cắt bỏ cành mọc quá tốt, hạn chế bón đạm vào mùa thu. Điều tiết nước, đừng để cây tươi tốt quá vào lúc cần nghỉ. Gặp mưa giữa mùa thì rung bông để bớt hoa phụ."
Chuồng nuôi nên quét vôi định kỳ thế nào cho đúng?,"Chuồng thì mỗi lần hết lứa phải dọn sạch, rửa nước, phơi nắng rồi quét vôi toàn bộ tường vách, nền. Quét vôi để vài ngày khô hẳn mới thả con mới vào. Ở giữa lứa thì cứ nửa tháng rắc vôi bột nền một lần cho khử mùi diệt trùng."
Làm sao biết gà sắp đẻ để chuẩn bị ổ?,"Gà sắp đẻ thì mào đỏ tươi, lỗ huyệt nở hồng, hay kêu gáy lạ, đi lạch bạch và chịu tìm ổ. Thấy vậy chuẩn bị ổ đẻ kín chỗ tối, lót rơm sạch, tập cho gà đẻ đúng ổ. Cho ăn thêm cám tăng canxi, vỏ sò nghiền để trứng chắc."
Nuôi vịt đẻ ăn gì cho trứng to và đều?,"Vịt đẻ muốn trứng to đều thì cho ăn cám công nghiệp đầy đủ dinh dưỡng, trộn thêm tôm cá băm nhỏ và vỏ sò nghiền. Cho tắm nước, sân chạy sạch, nơi đẻ tối yên tĩnh. Đẻ nhiều mà ăn thiếu chất là trứng nhỏ vỏ mỏng."
"Tiêm phòng cho gà, vịt cần những loại vắc xin nào?","Gà vịt thì tiêm phòng cúm gia cầm, Newcastle, tụ huyết trùng, đậu gà là bắt buộc. Lịch tiêm theo từng tuần tuổi, mua vắc xin ở trạm thú y cho chuẩn. Tiêm xong ghi sổ theo dõi. Đừng lười, dịch xảy ra là mất cả đàn."
Làm sao để giá nông sản bán được cao hơn?,"Muốn bán được giá thì đừng bán lúc chín rộ cả vùng cùng đổ ra chợ. Thu hoạch sớm hơn người ta một chút, hoặc bảo quản lạnh bán dần. Làm sạch, phân loại, đóng bao đẹp, cắt mối bán thẳng cho tiểu thương hoặc online thì giá nhích lên rõ."
Trồng gì để có thu nhập quanh năm?,"Muốn có thu nhập quanh năm thì phải xen canh: vụ chính trồng lúa hoặc cây ăn trái, còn lại trồng rau ngắn ngày chạy vụ. Chăn nuôi thêm gà vịt, mùa nào thức nấy. Trồng cây ăn trái dài ngày làm gốc, rau màu làm nguồn thu hằng tháng là cân được."
Mở vựa trái cây cần những gì để buôn bán tốt?,"Mở vựa trái cây thì cần vốn mua hàng, kho lạnh để trái tươi, cân và đóng gói, mối hàng vườn tin cậy. Chọn trái chất lượng, phân loại sạch sẽ, bán sỉ cho tiểu thương và bán lẻ online song song. Chịu khó đi vườn lấy hàng tận nơi thì giá rẻ, lời cao hơn."
Nuôi con gì đang có giá tốt hiện nay?,"Tùy vùng và giá cả từng thời điểm. Gần đây gà thả vườn, vịt xiêm và cá rô đồng vẫn dễ tiêu thụ, bò thịt thì giá bền. Muốn chắc thì coi tin giá hằng tuần ở chợ, coi người ta đang nuôi nhiều con gì thì đừng nuôi theo nữa kẻo lúa tràn ra khó bán."
Mày khen một đứa con gái như thế nào cho vừa tinh tế vừa khiến nàng thích?,"Đừng khen mãi ngoại hình, hãy khen cách nàng làm mày cảm thấy. Kiểu: hôm nay mày mặc bộ này hợp ghê, nhìn mày như tỏa sáng, rồi chốt thêm: tao thích ngồi cạnh mày, cái cảm giác nó dễ chịu lắm. Khen xong nhìn nàng cười một chút rồi tiếp tục việc của mình. Để nàng tự nhiên muốn ở gần mày thêm."
"Sân gạch bị rêu phủ trơn trượt, làm sạch kiểu gì?","Xịt nước vôi hoặc thuốc diệt rêu bán sẵn, để nửa tiếng rồi chà bằng chổi cứng, xịt lại nước sạch. Trời mưa nhiều thì rêu mọc lại nhanh nên làm định kỳ. Muốn đỡ trơn thì chọn gạch bề mặt nhám hoặc dùng gạch ngoài trời chuyên dụng."
"Muốn làm khu vườn mini trong sân nhỏ, bày biện thế nào cho hợp?","Chọn một góc cố định, xếp cây cao phía sau, cây thấp phía trước tạo chiều sâu. Xen thêm sỏi trắng, vài viên đá lớn và một chậu nước nhỏ cho cảnh. Đừng nhét quá nhiều loại cây vào một góc, ít mà chất. Lối đi bằng đá hoặc gạch men cũ giúp vườn nhìn rộng hơn."
"Đồ decor rẻ mà nhìn sang, nên mua gì?","Gương lớn treo tường, khung ảnh đen trắng, lọ thủy tinh đựng hoa khô, đá sỏi và sách cũ xếp chồng đều rẻ mà sang. Thay tay nắm tủ, vòi nước, ổ cắm bằng loại tốt là phòng nhìn mới hẳn. Đừng mua đồ nhựa bóng loáng rẻ tiền, nhanh bạc màu lại kém sang."
Sửa nhà cũ nên bắt đầu từ đâu cho đỡ tốn tiền?,"Đừng đập hết rồi tính sau. Kiểm tra phần ngầm trước: mái dột, tường ẩm, đường ống nước, hệ điện. Sửa xong phần ngầm rồi mới đến bề mặt. Sơn lại tường, thay nền gạch cũ, làm mới cửa là nhà đã khác hẳn mà chi phí thấp. Làm đúng thứ tự đó khỏi phải đục phá làm lại."
"Tường nhà bị nứt chân chim, xử lý sao cho hết?","Đục mở rộng vết nứt thành rãnh hình chữ V, quét sạch bụi, trét bột bả hoặc keo chuyên dụng cho vết nứt. Đợi khô rồi dán lưới thủy tinh lên, trét thêm lớp nữa rồi mới sơn. Nếu tường nứt do nhà lún thì phải nhờ thợ giám định, trét chỉ là tạm thời. Đừng sơn đè lên vết nứt cũ, chẳng bao lâu lại nứt ra."
Cải tạo nhà cũ hơn 20 năm cần lưu ý gì nhất?,"Kiểm tra toàn bộ hệ điện và ống nước vì sau 20 năm dây điện thường giòn, ống có thể rỉ. Thay hết bảng điện, cầu dao, dây cũ cho an toàn. Chống thấm lại sân thượng, sàn nhà vệ sinh trước khi làm đẹp. Ngân sách để dành cho phần ngầm trước, ngoại thất sau."
Người khác hay cắt lời tôi khi nói chuyện. Xử lý sao?,"Dừng lại cho họ nói hết, đừng tranh nói vì càng cãi càng mất mặt. Khi họ dứt lời, khéo léo nối lại: ""Để tôi nói nốt ý này đã"" vào đúng chỗ họ cắt. Nếu họ cắt liên tục, hỏi ngược lại câu họ vừa hỏi để kéo họ quay về chủ đề. Giữ giọng bình thản, đừng tỏ ra khó chịu."
Họp mà bị sếp hỏi bất ngờ chuyện mình chưa chuẩn bị thì xử lý sao?,"Đừng ú ớ hay bịa số liệu vì giở nói dối rất khó chống đỡ. Nói thẳng: ""Văn phòng em chưa kiểm tra xong phần này, em xin trả lời cụ thể trong chiều nay sau khi rà số liệu."" Đề xuất hạn trả lời ngay, kèm việc ghi lại lời hứa. Sếp tôn trọng người thật thà và bám deadline hơn là người nói cho có chuyện."
"Dao thái hành cứ chảy nước mắt, làm sao đỡ?","Để hành vào ngăn đá mười lăm phút trước khi thái là đỡ hẳn, khí cay bị giảm. Thái dưới vòi nước chảy cũng hiệu quả. Còn mẹo cổ điển: ngậm một chiếc thìa gỗ trong miệng lúc thái."
"Áo trắng bị ố vàng ở cổ áo, giặt thế nào cho trắng lại?","Hòa bột giặt với một nhúm baking soda thành bột nhão, bôi lên cổ áo chà nhẹ rồi ngâm nửa tiếng, giặt lại là trắng. Ố vàng lâu ngày thì ngâm trong nước nóng pha giấm trước khi giặt."
"Tủ quần áo bắt đầu có mùi ẩm mốc, làm sao khử?","Lấy đồ ra phơi hết nắng, lau khô ráo mặt trong tủ rồi đặt vài cục than hoạt tính hoặc túi hút ẩm vào góc. Có thể để một lon cà phê xay mở nắp hút mùi. Đừng đóng tủ kín khi đồ còn ẩm."
Làm sao tiết kiệm tiền bột giặt mà áo vẫn sạch?,"Dùng nửa liều bột giặt so với khuyến cáo, nước vẫn đủ sạch cho quần áo bình thường. Thêm một ít baking soda hỗ trợ tẩy. Giặt nước nóng chỉ khi nào áo quá bẩn hoặc dính dầu mỡ, còn lại giặt nước lạnh là đủ."
"Đồ gia vị, thực phẩm khô mua loại nào cho kinh tế?","Mua gia vị dạng nén khối hoặc gói nhỏ thay vì lọ lỏng đắt tiền. Gạo, đường, các loại đậu mua bao lớn rẻ hơn hẳn, bỏ hũ thủy tinh kín tránh mốc. Đừng mua đồ tươi giá sốc lúc trái vụ, chờ đúng mùa sẽ rẻ."
"Muốn tự đóng kệ gỗ treo tường, cần chuẩn bị gì?","Cần gỗ ván, keo dán gỗ, vít bắt tường và mũi khoan. Đo, cưa gỗ đúng kích thước, lắp khung lại với nhau rồi bắt vào tường chắc chắn. Vị trí ốc nên giấu trong góc, treo đồ nặng phải dùng vít nở cho chắc chắn."
"Văn phòng đang họp cuối ngày, em nhận được tin nhắn anh trong lúc mọi người còn đông. Thấy nóng máy quá, kể tiếp.","Cả phòng căng não trước màn hình, điện thoại em rung khẽ. Anh nhắn 'tối nay tăng ca, nhưng váy đen đừng kéo khoá vội, anh sẽ kéo giúp em sau bàn làm việc'. Em cắn môi gõ lại dưới gầm bàn 'liều quá, mọi người còn đây'. Anh nhìn em cười, ánh mắt nói lời nào cũng được. Tối đó anh kéo khoá từng phân từng phân, em đếm được cả hơi thở của anh."
Đi chợ lúc mấy giờ là tốt nhất để mua được đồ tươi ngon?,"Ra chợ trước 7 giờ sáng là chuẩn nhất, lúc đó hàng vừa về, cá tôm còn bơi, rau xanh non. Càng trưa đồ càng héo, cá càng ươn. Người ta hay nói dân sành đi chợ lúc mở hàng, vừa tươi vừa được chọn bát nào tốt bát đó."
Đi siêu thị hay đi chợ truyền thống thì lợi hơn?,"Chợ thì rẻ, tươi, mặc cả được, mua được đồ lặt vặt. Siêu thị thì sạch, có hóa đơn, hàng đóng gói rõ nguồn gốc, có khuyến mãi theo tuần. Muốn tiết kiệm thì chợ, muốn an tâm về chất lượng và tiện thanh toán thì siêu thị. Nhà tôi thì đi chợ rau cá, siêu thị đồ khô và gia vị."
Nồi cơm điện nên mua hãng nào bền mà rẻ?,"Cắm vào mấy hãng lớn như Sunhouse, Kangaroo, Philips, nồi cơm thì thêm Cuckoo, nồi Hàn nấu cơm ngon. Giá tầm 400 đến 800 nghìn là đủ dùng bền chục năm, đừng ham nồi rẻ quá lớp chống dính mau tróc. Chọn loại lòng dày, có chế độ giữ ấm tốt là được."
Tủ lạnh Inverter có thực sự tiết kiệm điện như quảng cáo?,"Có, Inverter chạy êm, giữ nhiệt ổn định, tiết kiệm hơn ba mươi phần trăm so với tủ thường, càng mở đóng nhiều càng thấy rõ. Nhưng giá mua cao hơn, nếu nhà ít dùng tủ thì thời gian thu hồi vốn lâu. Mua Inverter thì chọn hãng lớn, đừng ham rẻ mua dòng kém chất lượng."
Kem đánh răng cho trẻ em và người lớn có khác gì nhau?,"Khác ở lượng fluoride và vị. Kem trẻ em có fluoride thấp hơn để phòng trẻ nuốt, vị trái cây kích thích trẻ thích đánh răng. Cho trẻ dùng kem người lớn dễ nuốt quá lượng gây nhiễm độc fluoride lâu dài. Trẻ dưới ba tuổi chỉ bôi một lớp mỏng cỡ hạt gạo, lớn hơn thì cỡ hạt đậu."
Bảo quản rau củ trong tủ lạnh như thế nào để được lâu?,"Rửa sạch, để ráo nước rồi cho vào túi zip hoặc hộp có lót giấy thấm. Rau lá sống hơn ở ngăn mát, củ quả để ngăn riêng đừng chung với trái cây chín vì khí ethylene làm hỏng nhanh. Đừng rửa trước khi cất, nước làm rau nhanh dập. Phân loại và dùng trước những loại mau hỏng."
Rau bị sâu ăn lá thì xử lý sao cho an toàn?,"Nhặt sâu bằng tay vào sáng sớm hoặc chiều tối, lúc đó sâu ra ăn lá. Phòng trước bằng trồng xen hành tỏi, phun nước rửa chén pha loãng. Nặng quá thì dùng chế phẩm sinh học BT hoặc nấm xanh Metarhizium, tuyệt đối đừng dùng thuốc hóa học lên rau sắp thu hoạch."
Sâu đất cắn ngang gốc cây con thì phải làm sao?,"Sâu xám hoặc dế cắn gốc cây con thường xuất hiện ban đêm. Dọn sạch cỏ rác quanh gốc, bắt tay lúc tối. Rắc vôi bột hoặc tro quanh gốc để ngăn. Gieo lại chỗ thiếu ngay, vì cây con mất dày thì vụ đó xem như hỏng."
"Tía tô trồng ở đâu dễ sống, nắng hay mát?","Tía tô chịu được nắng nhẹ và bóng râm, đừng để nắng gắt buổi trưa vì cháy lá. Đất ẩm nhưng thoát nước. Gieo hạt nảy mầm nhanh, hoặc cắt cành cắm đất cũng sống. Muốn lá to thơm thì bấm ngọn để cây đẻ nhánh, đừng để cây ra hoa sớm vì ra hoa là lá già cứng."
"Chanh bị vàng lá, rụng trái non là do đâu?","Vàng lá chanh thường do thiếu sắt hoặc thiếu đạm, hoặc đất nghẹt rễ vì tưới quá nhiều. Kiểm tra lỗ thoát nước chậu. Bón thêm phân trùn và phun vi lượng. Rụng trái non nhiều là do cây yếu hoặc thiếu nước đột ngột. Tỉa bớt trái, bón kali, trái sẽ đậu chắc hơn."
Tận dụng rác nhà bếp để ủ phân cho rau như thế nào?,"Gom rau củ thừa, vỏ trái cây, bã chè, bã cà phê cho vào thùng ủ. Trộn thêm đất hoặc trấu, đậy kín, đảo mỗi tuần một lần. Khoảng 4-6 tuần là có phân hữu cơ. Đừng bỏ thịt cá, xương, dầu mỡ vào vì thối bốc mùi và hôi. Nhanh hơn thì nuôi trùn quế, rác mềm trùn ăn rất nhanh."
"Rau nhà trồng được một lứa thu xong là hết, làm sao có rau quanh năm?","Trồng nối vụ thay vì trồng một đợt lớn. Gieo lứa mới khi lứa cũ sắp thu xong, hoặc gieo mỗi tuần một ít để luôn có rau tới lứa. Tận dụng giàn đứng nhiều tầng, chia thùng ra trồng nhiều loại ngắn ngày. Rau tới lứa thì thu, đừng chờ thu một cục rồi lại nghỉ một tháng."
Nước pha cà phê phin dùng nước gì thì ngon?,"Nước lọc là chuẩn nhất. Nước máy có clo và khoáng nặng làm cà phê mất thơm, còn bị vị hôi. Nước tinh khiết quá thì cà phê nhạt nhẽo. Nước qua máy lọc hoặc nước khoáng nhẹ là lý tưởng, nhiệt độ khoảng chín mươi lăm độ. Thử đổi nước một lần là thấy ngay khác biệt, đừng coi thường nước."
Quán cà phê đẹp để sống ảo nên chọn theo tiêu chí gì?,"Ánh sáng là số một. Quán có cửa kính lớn hoặc sân thượng đón nắng chiều thì ảnh chụp lên da đẹp tự nhiên. Kế đó là góc decor, quán trồng nhiều cây, tường mộc, bàn ghế đừng quá trùng lặp. Tránh quán đèn vàng chớp chớp và đông khách chen chúc. Với dân sống ảo, một góc đẹp đáng giá cả ly cà phê."
Mở quán cà phê nên đầu tư máy pha espresso hay cứ phin cho khỏe?,"Tùy hướng đi. Phin thì vốn rẻ, nguyên liệu đơn giản, đúng gu người Việt, nhưng khó tăng giá. Máy espresso thì tốn năm mươi đến ba trăm triệu, cần người biết vận hành, nhưng thêm được dòng latte capuchino bán giá cao. Thực tế nhất là quán nhỏ mở bằng phin trước, kiếm tiền dần rồi nâng cấp máy sau. Đừng ôm nợ máy xịn khi chưa có khách quen."
"Xe cũ nên mua ở chợ xe, cửa hàng hay của người quen?","Của người quen mà rành xe là nhất, nói được giá, biết gốc gác. Cửa hàng có bảo hành nhưng giá đội lên, phải soi kỹ vì nhiều chỗ độ lại máy nhìn đẹp nhưng lõi mệt. Chợ xe rẻ nhưng rủi ro cao nhất: xe trộm, xe thế chấp, xe hết niên hạn. Nguyên tắc chung: giấy tờ sạch, máy ngon, giá hợp lý thì mua ở đâu cũng được, chỉ cần đem theo người biết xem xe."
Bao lâu nên thay nhớt xe máy một lần?,"Xe số thì tầm 1.500-2.000km hoặc 3 tháng, xe tay ga thì 1.500-2.500km, tùy loại nhớt. Đi phố hay kẹt xe nổ máy mãi thì thay sớm hơn, đừng đợi đúng số km vì kẹt xe làm máy nóng, hại nhớt. Nhớt xịn cứ 2.000km thay là an tâm. Thay nhớt 50-80 nghìn một lần còn hơn sửa máy cả triệu. Thợ nói nhớt hư thì tin, nhưng hỏi rõ loại nào, giá bao nhiêu."
"Nên bảo dưỡng xe máy ở đâu, hãng hay tiệm ngoài?","Còn bảo hành thì vào hãng cho chắc, đúng nhớt đúng phụ tùng. Hết bảo hành thì kiếm tiệm quen rành tay ga hoặc xe số, giá rẻ hơn hãng cả nửa. Chỉ cần thợ có tâm, thay đồ thật. Đừng tin lời mời bảo dưỡng định kỳ của hãng thổi phồng mấy khoản thay đồ. Tự học thay nhớt, vệ sinh xe tại nhà vừa tiết kiệm vừa hiểu xe."
Sao thẻ tín dụng lại thu phí thường niên mỗi năm vậy?,"Phí thường niên là nguồn thu chính của ngân hàng ngoài lãi vay. Mỗi thẻ có chi phí phát hành, bảo hiểm rủi ro, hoàn tiền và tiện ích đi kèm nên họ thu để bù đắp. Muốn miễn phí thì dùng đủ doanh số theo điều kiện từng ngân hàng, thường vài triệu một tháng."
Độ tuổi tối thiểu để làm thẻ tín dụng ở Việt Nam là bao nhiêu?,"Từ 18 tuổi mở thẻ tín dụng chính được, nhưng phải chứng minh thu nhập ổn định. Người chưa có thu nhập thường chỉ mở thẻ phụ cho cha mẹ. Thu nhập càng cao hạn mức càng lớn, ngân hàng xét qua bảng lương hoặc sổ tiết kiệm."
Tôi nên chia lương hàng tháng theo tỷ lệ nào cho hợp lý?,"Quy tắc 50/30/20 dễ áp dụng: 50% cho nhu cầu thiết yếu như ăn ở, đi lại, hóa đơn; 30% cho mong muốn như giải trí, mua sắm; 20% để tiết kiệm và trả nợ. Chưa quen thì bắt đầu với 10% tiết kiệm rồi tăng dần, quan trọng là giữ đều mỗi tháng."
Trả góp điện thoại 0% thực chất có lợi hay hại?,"0% trả góp thật sự là 0 nếu bạn trả đủ đúng hạn, chỉ có phí hồ sơ nhỏ. Nhưng nhiều nơi cộng lãi kín vào giá máy, lãi suất thực tế vượt 20% một năm. So sánh giá trả thẳng với giá trả góp, chênh lệch chính là chi phí thật. Trả trễ một kỳ là dính phạt nặng."
Giờ bay nào thích hợp khi đi từ TP.HCM ra Hà Nội? Tôi sợ delay và muốn đặt chuyến đầu tiên trong ngày.,"Chuyến đầu tiên trong ngày, cỡ 6h sáng, là lựa chọn ít bị delay nhất vì sân bay chưa kẹt, tàu bay đã về bãi từ tối trước. Đi Tân Sơn Nhất ra Nội Bài tầm 2 tiếng bay. Nhớ đến sân bay trước 1 tiếng rưỡi cho chuyến sớm vì quầy check-in mở sớm. Chuyến chiều và tối hay bị dồn, tránh nếu bạn có lịch cứng."
Miền Bắc mùa nào đẹp nhất để đi phượt và nên đi đâu?,"Miền Bắc đẹp nhất mùa thu tháng 9-11, trời se lạnh, ruộng bậc thang chín vàng ở Mù Cang Chải. Mùa xuân tháng 1-2 thì hoa mận hoa đào Tây Bắc. Mùa hè thì chọn biển Quan Lạn, Cô Tô cho mát. Tránh tháng 6-8 mưa dông miền núi, sạt lở đường. Đi phượt Tây Bắc nên khởi hành sớm, đêm trời lạnh, nhớ mang áo gió."
"Tôi thích sông nước, miền Tây nên đi mùa nào và tuyến nào đẹp?","Miền Tây đẹp nhất mùa nước nổi tháng 9-10 ở An Giang, Đồng Tháp, ngập nước vàng ruộm, thấy sự trù phú của vùng lũ. Chợ nổi Cái Răng đi buổi sáng 6-7h đông nhất. Tuyến gợi ý: Cần Thơ, Cái Bè, Sa Đéc, Long Xuyên, Châu Đốc, rồi núi Sam. Tháng 11-2 mùa khô thì đi vườn trái cây mát lành. Tránh tháng 6-8 vì hè nắng nóng mà mưa giông chiều tối."
Biển nào miền Bắc đẹp và ít đông nhất để đi 2 ngày cuối tuần?,"Muốn yên tĩnh thì Cô Tô và Quan Lạn, nước xanh trong hơn Sầm Sơn và Đồ Sơn nhiều. Từ Hà Nội đi Cô Tô phải qua tàu ghe, 2 ngày hơi gấp nhưng làm được nếu đi tối thứ 6. Quan Lạn gần hơn, có bãi Sơn Hào hoang sơ. Đồ Sơn gần nhất nhưng nước đục và đông, chỉ hợp đi ăn hải sản. Tránh cuối tuần hè vì chỗ nghỉ hết phòng, đặt trước."
Nên mua đồ dùng gì trước khi đi phượt dài ngày mà nhiều người hay quên?,"Sạc dự phòng dung lượng lớn, đèn pin, áo mưa bộ, thuốc cá nhân, băng cá nhân, đồ sửa xe mini, bơm tay. Kẹp balo chống nước, túi khô đựng điện thoại và giấy tờ. Khóa dây xích chống trộm khi nghỉ đêm. Găng tay, khăn che mặt, kem chống nắng dù đi xe. Nhớ thẻ ATM có chức năng rút tiền, tiền mặt lẻ cho đường đèo. Ít người nhớ mang thêm dầu gió và đèn, nhưng ban đêm rất cần."
"Hôm nay cuối tháng chưa có lương, mẹ muốn nấu một bữa cơm thanh đạm cho 4 người mà vẫn đủ chất. Anh gợi ý giúp em thực đơn hết cỡ 50 nghìn đồng đi.","Tính 50k cho 4 người: một con cá rô phi tầm 20k, kho tộ cùng ít thịt ba chỉ băm 15k, mua bó mồng tơi với quả bí đao hết chừng 10k. Cơm nóng, cá kho mặn, canh bí đao nấu tôm khô, mồng tơi luộc chấm nước mắm tỏi. Vậy là no nê, chạy được tới cuối tháng."
Kệ tivi đặt thế nào cho phòng khách nhỏ gọn?,"Thay vì kệ tivi to đùng, treo tivi lên tường và dùng kệ treo mỏng hoặc tủ âm tường để bỏ đầu thu, dàn máy. Chiều cao lý tưởng là tâm màn hình ngang tầm mắt khi ngồi. Khu vực quanh tivi để tối giản, chỉ một chậu cây nhỏ, tránh chất đống đồ làm phòng thêm bừa."
Cách phối màu sofa với tường phòng khách?,"Quy tắc dễ nhớ: một màu chủ đạo, một màu phụ, một màu nhấn. Tường sáng thì sofa màu trung tính như be, xám tro; thêm gối tựa màu nhấn như cam đất hoặc xanh ngọc. Tường đậm thì sofa màu sáng bù lại. Tối đa ba tông màu trong phòng, tránh rối mắt."
Nên lót sàn gỗ hay để nền gạch cho phòng khách?,"Tùy ngân sách. Sàn gỗ công nghiệp ấm chân, nhìn sang, phù hợp phòng khách hay tiếp khách, nhưng sợ nước. Gạch dễ lau, bền, rẻ hơn, hợp nhà có con nhỏ. Nếu sợ lạnh thì trải thảm nhỏ giữa phòng. Quan trọng là màu sàn hài hòa với tường và sofa."
Trang trí tường phòng khách ngoài tranh treo còn gì?,"Treo kệ gỗ nổi để bày sách, chậu cây, khung ảnh, vừa trang trí vừa có chỗ cất đồ. Gắn vách ván thanh gỗ hoặc giấy dán tường một mảng tạo điểm nhấn. Có thể treo gương tròn, đồng hồ to bản. Tránh treo lèo tèo vài bức nhỏ, treo một cụm lớn trông sẽ đẹp hơn."
Rèm cửa phòng khách nên chọn kiểu gì?,"Rèm 2 lớp: vải voan mỏng hắt sáng ban ngày và rèm dày che tối, tạo riêng tư buổi tối. Thanh rèm treo sát trần, rèm dài chạm sàn làm trần cao hơn. Màu rèm nhẹ nhàng trùng tường, tránh họa tiết quá lớn. Nếu phòng hướng nắng gắt thì chọn vải cản nhiệt."
Cách khử mùi tủ lạnh?,"Trước tiên dọn hết đồ hết hạn, lau sạch các ngăn bằng nước pha giấm loãng hoặc baking soda. Đặt một chén baking soda để hở trong tủ, thay mỗi tháng. Thức ăn cho vào hộp đậy kín, tránh để đồ sống chảy nước. Cọ gioăng cửa tủ vì chỗ này hay bám mùi. Mùi nặng thì mở tủ vài giờ cho thoáng."
"Phòng tắm bị ẩm mốc đen ở kẽ gạch, xử lý sao?","Dùng nước tẩy pha loãng hoặc hỗn hợp giấm với baking soda đắp lên vết mốc, chờ mười lăm phút rồi cọ bằng bàn chải kẽ. Mốc ăn sâu thì dùng chất tẩy nấm mốc chuyên dụng. Sau khi tắm, lau khô tường hoặc mở cửa sổ cho thoáng. Sửa vòi nước rò rỉ vì ẩm mốc phát triển nhờ nước."
"Tủ quần áo bị mùi ẩm mốc, khử thế nào?","Lấy hết quần áo ra phơi nắng, lau tủ bằng giấm loãng rồi để khô hẳn. Đặt túi hút ẩm hoặc than hoạt tính trong tủ, thay định kỳ. Quần áo phải thật khô mới xếp vào, mùa mưa nên là trước khi cất. Để hơi thoáng, đừng nhét quá chặt. Mùi nặng thì phơi khô rồi xịt tinh dầu vào giấy thơm."
Cây xanh nào hợp đặt trong nhà ít nắng?,"Chọn cây chịu bóng: trầu bà, lưỡi hổ, kim tiền, phú quý, vạn niên thanh. Chúng sống được trong nhà thiếu nắng và dễ chăm. Tưới khi đất khô, đừng tưới hằng ngày dễ úng rễ. Lá bám bụi thì lau bằng khăn ẩm. Đặt cây gần cửa sổ có ánh sáng gián tiếp, tránh đón nắng gắt trực tiếp."
"Ảnh chụp ra bị mờ nhòe hoài, tại sao và sửa sao?","Nguyên nhân chính là rung tay khi chụp, hoặc chủ thể di chuyển nhanh. Giữ máy chắc, bấm chụp rồi giữ yên một chút, đừng bấm xong hạ tay ngay. Chụp vật động nhanh thì bật chế độ thể thao hoặc chụp liên tiếp. Đủ sáng cũng giảm nhòe đáng kể."
Lịch tập đầu tiên cho người chưa từng tập thể thao nên như thế nào?,"Chia ngày: thứ 2, 4, 6 tập cơ bản toàn thân, thứ 3, 5 nghỉ hoặc đi bộ nhẹ. Mỗi buổi: khởi động 10 phút, tập 4 bài cơ bản mỗi bài 3 hiệp x 12 lần, giãn cơ 10 phút. Cuối tuần nghỉ hẳn để hồi phục."
"Chạy mãi mà bị đau ống quyển, xử lý sao?","Đó là chấn thương căng xương chày, thường do tăng km quá nhanh hoặc giày cũ. Giảm khối lượng chạy, nghỉ 1-2 tuần, chườm đá, tập gồng ngón chân nâng bắp chân. Kiểm tra lại giày và bề mặt chạy. Quay lại từ từ, đừng chạy xuyên đau."
Bơi bao lâu mỗi buổi để giảm cân hiệu quả?,"40-60 phút mỗi buổi, 3-4 buổi/tuần là hiệu quả. Bơi liên tục, đừng nghỉ quá lâu giữa các lượt. Bơi càng đều nhịp càng đốt nhiều mỡ. Nhớ đừng ăn thật no sau bơi vì bơi làm thèm ăn, dễ tăng cân ngược."
Chạy bộ buổi sáng nên ăn gì trước khi chạy?,"Ăn nhẹ trước 30-45 phút: một quả chuối, vài chiếc bánh quy, hoặc ly sữa. Tránh ăn no vì dễ đau bụng. Mang theo nước, chạy xong 30 phút hẵng ăn bữa chính. Nếu chạy dưới 30 phút thì chạy lúc đói nhẹ cũng được."
"Sắp phỏng vấn xin việc lần đầu, tôi nên trả lời câu giới thiệu về bản thân thế nào?","Nói gọn trong một phút: tên, quê, học vấn, kinh nghiệm liên quan vị trí, rồi kết bằng lý do vì sao muốn làm chỗ này. Đừng kể lể tiểu sử cuộc đời. Tập trước gương vài lần, nói rõ ràng, hết câu thì dừng chứ đừng nói lan man cho tới khi người ta ngắt."
Muốn xin tăng lương thì nên nói với sếp như thế nào cho có kết quả?,"Đừng nói theo kiểu đi làm lâu rồi phải tăng. Chuẩn bị bằng chứng: việc mình làm tốt, kết quả đo được, so với mặt bằng thị trường. Hẹn gặp riêng, nêu ngắn gọn rồi đưa con số cụ thể. Nếu sếp chưa đồng ý thì hỏi cần làm gì thêm để được tăng vào đợt sau."
"Tôi muốn bán đồ ăn vặt online từ nhà, cần chuẩn bị gì trước khi mở bán?","Đầu tiên là khâu vệ sinh và bảo quản thực phẩm cho an toàn, vì đồ ăn mà để khách bị ngộ độc là dẹp tiệm luôn. Chụp ảnh món ăn cho hấp dẫn, quy định ngày đặt và khu vực giao hàng rõ ràng. Bắt đầu bằng món quen tay, đừng ôm nhiều món cùng lúc."
Nhắn gì để người yêu xa nhớ mình hơn đây?,"Nhắn: Anh đang đứng ở ban công, đám đông đông thế mà anh chỉ tưởng tượng một mình em. Điện thoại rung lên là anh giật mình, tưởng em. Nhớ em đến phát ốm. Chân thật vậy đủ khiến người ta mềm lòng."
"Nhiều shop toàn đánh giá 5 sao mà hàng nhận về tệ, làm sao để đọc đánh giá hiệu quả?","Bỏ qua review 5 sao vì phần lớn là mua kèm quà hoặc tự khen. Đọc thẳng phần đánh giá 2-4 sao: lỗi thật nằm ở đó. Lựa review có ảnh thật từ người dùng, trùng lặp khoảng 3-4 review cùng một lỗi thì gần như chắc chắn hàng dở, đừng mua."
"Cùng một sản phẩm mà giá giữa các shop chênh nhau tới gần gấp đôi, chọn sao đây?","Xem shop bán giá cao có gì để chống lại chênh lệch: bảo hành chính hãng, tem nhập khẩu, miễn phí ship, trả hàng dễ. Nếu chẳng có gì ngoài cái tên đẹp thì mua bản rẻ. Còn bản rẻ bằng nửa mà mô tả y hệt, lại ít đánh giá thì nghi ngờ chính đáng, đừng liều mua đồ đắt tiền."
"Nhận hàng ra mở thấy hỏng do vận chuyển, mình cần làm gì để được đền?","Khi nhận hàng đừng ký nhận vội, quay clip khui hộp từ lúc còn nguyên seal đến lúc mở. Phát hiện hư hỏng thì từ chối nhận hoặc lưu ngay bằng chứng, gửi phản hồi trong vòng 24h lên đơn hàng. Bên vận chuyển có trách nhiệm bồi thường, làm đúng quy trình là được hoàn tiền hoặc gửi lại hàng mới."
Nhận hàng ở bưu cục cần mang theo giấy tờ gì và thủ tục ra sao?,"Chỉ cần mang theo mã bưu cục, mã bưu phẩm và một trong các giấy tờ tùy thân còn hiệu lực: CMND, CCCD hoặc hộ chiếu. Đến quầy đưa số cho nhân viên, họ đối chiếu tên người nhận rồi giao. Nhận hàng hộ người khác thì phải mang thêm giấy ủy quyền hoặc xác nhận qua điện thoại với người gửi, người nhận."
Trả hàng xong rồi thì bao lâu mới nhận được tiền hoàn?,"Sau khi bên bán nhận lại hàng và xác nhận đủ điều kiện, tiền về thường trong 1-7 ngày làm việc. Phương thức hoàn phụ thuộc bạn chọn lúc đặt: về ví điện tử thì nhanh nhất, về tài khoản ngân hàng thì lâu hơn vài ngày. Quá thời hạn mà chưa thấy thì kiểm tra lại phương thức nhận hoàn trong mục chi tiết đơn, rồi mới mở khiếu nại với sàn."
"Nhận đơn khui ra mới thấy thiếu hàng so với đơn, khiếu nại như thế nào?","Trong vòng 24-48 giờ sau khi nhận, vào đơn hàng bấm phản hồi hoặc mở trung tâm giải quyết, gửi video khui hộp từ đầu đến cuối và chụp rõ phần thiếu. Đối chiếu với phiếu đóng gói để chỉ ra mặt hàng thiếu. Sàn sẽ so sánh cân nặng kiện và bằng chứng của bạn. Có clip khui hàng trọn vẹn là phần thắng nằm chắc trong tay bạn rồi."
"Làm spa tại nhà cho buổi tối thư giãn, thứ tự các bước chuẩn là gì?","Chuẩn ba bước: tẩy trang và rửa mặt sạch, sau đó tẩy tế bào chết hoặc đắp mặt nạ tùy tuần, cuối cùng là dưỡng ẩm và massage nhẹ. Thêm ngâm chân nước ấm với muối trước khi bắt đầu để thư giãn cơ thể, thắp chút tinh dầu và bật nhạc nhẹ. Đừng nhồi quá nhiều bước vào một tối, da cần nghỉ ngơi giống người, 3-4 bước là đủ."
Vay mua nhà ở ngân hàng cần chuẩn bị những giấy tờ gì tối thiểu?,"Tối thiểu cần: căn cước công dân, sổ hộ khẩu hoặc giấy tạm trú, hợp đồng mua bán nhà đất, sổ đỏ hoặc sổ hồng của tài sản, và giấy tờ chứng minh thu nhập như hợp đồng lao động kèm sao kê lương 3-6 tháng gần nhất. Nếu thu nhập từ kinh doanh thì cần thêm giấy phép và sổ sách. Ngân hàng sẽ thẩm định giá tài sản trước khi duyệt hồ sơ vay, chuẩn bị hồ sơ sạch sẽ đỡ bị trả về."
"Lãi suất vay mua nhà hiện nay khoảng bao nhiêu, vay lãi thả nổi thì nên lưu ý gì?","Lãi vay mua nhà hiện dao động quanh 6-10% một năm, năm đầu nhiều ngân hàng ưu đãi tầm 6-7% rồi thả nổi. Cạm bẫy chính nằm ở lãi thả nổi: sau thời gian ưu đãi lãi nhảy theo thị trường và biên độ ngân hàng tự định, có thể lên tới 10-12%. Trước khi ký, hỏi rõ biên độ thả nổi là bao nhiêu và cộng thêm 2-3% vào khả năng trả của mình cho an toàn."
Đi dã ngoại thì mang đồ ăn gì cho gọn mà cả bọn vẫn khen?,"Gọn nhất là cơm nắm với ruốc hoặc chả, thêm giò lụa, xoài xanh chấm muối tôm. Muốn sang thêm thì nướng ít thịt ba chỉ, bánh chưng nướng. Tất cả làm nguội, bọc màng bọc, mang theo thảm là ngồi ăn ngon lành."
Muốn nuôi cá cảnh mà chưa từng nuôi con nào. Bắt đầu từ đâu cho đỡ bỡ ngỡ?,"Đừng chơi lớn, kiếm bể nhỏ tầm 40-60 phân, nuôi cá bảy màu hoặc cá thần tiên trước cho dễ chăm. Quan trọng là hệ lọc với thay nước tuần một lần, cho ăn vừa đủ. Chịu khó tìm hiểu trước chút, chứ mua đại về là chết hàng loạt à."
Tối cuối tuần xem bóng đá với đám bạn. Chuẩn bị đồ gì cho đúng chất xem bóng?,"Bia ướp lạnh, đổ đầy, đồ nhậu với bắp rang là bắt buộc. Rồi oh hay ghế êm với cái tivi rộng, kê ra chỗ thoáng để đấm ghế cho đã. Nhớ đứa nào cũng phe thì kệ, đúng giờ bóng kết thúc nghỉ ngơi cho đỡ ồn hàng xóm nhé."
"Máy sấy tóc bỗng ngừng chạy khi đang sấy, mùi khét nhẹ, phải xử lý sao?","Rút điện ngay. Mùi khét thường do lông tóc, bụi bám cuộn sưởi bốc cháy. Vặn vỏ máy ra, dùng chổi lông hút hết bụi trong khoang sưởi. Kiểm tra cầu chì nhiệt, nếu đứt thì thay cái cùng loại. Làm sạch lại là chạy ngon."
"Cầu dao nhà tôi cứ nhảy khi bật cùng lúc máy lạnh với bếp từ, xử lý sao?","Bếp từ và máy lạnh mỗi cái 1-2kW, cộng lại dễ quá tải dây và aptomat. Tách ra bật riêng từng thiết bị, nếu vẫn nhảy là aptomat yếu hoặc dây nguồn cháy. Thay aptomat đúng dòng và kiểm tra dây dẫn, đừng để quá tải kéo dài."
"Máy lọc nước nóng lạnh bị rỉ nước ở đáy, xử lý ra sao?","Rút điện, xác định chỗ rỉ. Rỉ ở van áp thấp hoặc đầu nối ống thì siết lại hoặc thay gioăng. Nếu rỉ từ bình chứa thì nguy hiểm, đừng tự hàn, gọi thợ hoặc thay máy. Kiểm tra cả ống xả tràn, nước tràn nhiều là van nạp bị kẹt. Lau khô trước khi chạy lại."
"Cúng giao thừa cúng trong nhà với ngoài trời ra sao, mâm cúng đơn giản thì gồm những gì?","Cúng ngoài trời để tiễn các vị Hành khiển cũ, đón vị mới, mâm gồm gà trống luộc, xôi, bánh chưng, hoa quả, rượu, vàng mã. Cúng trong nhà mời gia tiên về ăn Tết với con cháu, mâm có thể đơn giản hơn. Nhà nào ít điều kiện cũng phải có hương, hoa, bánh, trái để nghi thức trọn vẹn."
Bánh chưng với bánh tét khác nhau điểm nào và miền nào dùng loại nào?,"Bánh chưng gói vuông bằng lá dong, ăn miền Bắc, nhân đậu xanh thịt mỡ. Bánh tét gói tròn bằng lá chuối, ăn miền Nam, có cả loại nhân ngọt chuối với đậu. Hình tròn của bánh tét mang ý nghĩa may mắn tròn đầy hơn. Dù vuông hay tròn thì gạo nếp ngon, đậu mềm, thịt béo là chuẩn vị Tết."
"Ngày giỗ trong nhà tôi, mâm cúng nên bày những gì cho đúng phong tục?","Mâm giỗ đúng chuẩn gồm gà luộc nguyên con, xôi hoặc chè, canh, cá kho, thịt luộc, chả giò, rau củ xào, trầu cau, rượu, nhang đèn. Miền Nam hay thêm thịt kho, khổ qua hầm. Quan trọng là các món nấu từ mọi người trong nhà, thể hiện lòng thành người còn đối với người đã khuất."
Nhà tôi muốn cúng cỗ chay cho ngày giỗ thì nên bày món gì?,"Cỗ chay vẫn đủ ý nghĩa với xôi gấc, chả giò chay, đậu hũ chiên, canh chua rau củ, nấm kho tiêu, bánh tét chay. Mâm chay đơn giản nhưng phải đầy đủ món canh, xào, kho, xôi cho trọn. Quan trọng nhất là việc cúng thành tâm, chay mặn đều được chấp nhận. Đừng nghĩ cúng chay là thiếu chu đáo."
Ngày Tết có những kiêng kỵ nào mà người Việt vẫn giữ tới bây giờ?,"Ngày Tết kiêng quét nhà vì sợ quét tài lộc đi, kiêng vỡ bát chén, kiêng cãi nhau, kiêng nói điều xui xẻo như chết, phá sản. Kiêng vay mượn và cho vay tiền đầu năm, kiêng cắt tóc, kiêng đổ rác, kiêng thức dậy muộn. Mùng một kiêng đòi nợ, kiêng gõ cửa người khác khi chưa được mời. Những điều này nghe mê tín nhưng giữ để cả năm yên ổn."
"Ngày mưa mùa ruộng, ở quê mọi người làm gì hết việc bác?","Mưa to mấy ngày thì nghỉ ở nhà, gọi là ngày mưa của nhà nông"". Đàn ông đánh cờ"
Làm bánh bông lan tại nhà cần những gì?,"Cần 4 trứng, 120g bột mì, 100g đường, 80ml sữa tươi, 60ml dầu ăn, nửa thìa vani, ít kem tartar. Đánh lòng trắng đến khi bông cứng, trộn nhẹ tay với lòng đỏ và bột theo kỹ thuật fold. Nướng 170 độ C khoảng 35 phút, cắm tăm thấy khô là chín. Để nguội úp khuôn rồi mới lấy bánh ra."
Bánh quy bơ sao cho giòn tan?,"Dùng bơ lạt để mềm nhiệt độ phòng, đánh bơ với đường bột đến khi bông nhạt màu. Tỷ lệ bột mì bằng 1,5 lần khối lượng bơ là chuẩn. Trộn nhanh, cán mỏng 5mm, nướng 170 độ C trong 12-15 phút. Bánh chín vẫn hơi mềm ở giữa, nguội sẽ giòn. Đừng nướng quá lâu kẻo khét."
Bánh bông lan bị xẹp sau khi nướng là lỗi gì?,"Chủ yếu do đánh lòng trắng chưa đủ bông hoặc trộn mạnh tay làm vỡ bọt khí. Cũng có thể lò nướng mở cửa sớm quá, bánh sốc nhiệt xẹp ngay. Kiểm tra thêm bột nở hết hạn. Đánh lòng trắng đến chóp đứng, trộn fold nhẹ nhàng, nướng xong để bánh trong lò tắt lửa 5 phút rồi mới mở."
"Bánh quy chảy bẹt khi nướng, sửa sao đây?","Nguyên nhân chính là bơ quá mềm hoặc quá ít bột. Cho bột vào tủ lạnh 30 phút trước khi nướng để bơ đông cứng lại. Kiểm tra tỷ lệ: nếu bột nhão thì thêm 20-30g bột mì. Cân bằng thời gian đánh bơ, đừng đánh quá lâu làm bơ tách nước."
Men nở dùng sao cho đúng?,"Hòa men với nước ấm khoảng 35-40 độ, thêm chút đường, chờ 10 phút thấy nổi bọt là men còn sống. Đừng dùng nước nóng quá sẽ làm chết men. Men khô cần khoảng 7g cho 500g bột, men tươi gấp đôi. Ủ bột nơi ấm kín, tránh gió lùa."
Bánh đúc nóng ăn với gì?,"Bánh đúc nóng ngon nhất khi còn nóng hổi, ăn kèm ruốc, chả, giò, hành phi vàng giòn. Phần nước chấm pha mắm ngon pha chút đường, ớt, tỏi băm. Muốn bánh dẻo mịn thì pha bột gạo với chút nước vôi trong. Bánh để nguội sẽ cứng, hấp lại là ăn được ngay."
Nấu chè đậu đen sao cho bùi và thơm?,"Đậu đen ngâm qua đêm, ninh với chút muối cho đậu mềm bở. Đường thêm sau khi đậu đã chín mềm, đừng cho đường sớm kẻo đậu bị cứng. Thêm lá dứa hoặc vani cho thơm. Ninh đến khi nước sánh sệt, ăn nóng hoặc để lạnh với nước cốt dừa đều ngon."
Thạch rau câu bị khét thì sửa sao?,"Khét rồi thì đành bỏ thôi, vị đắng khó cứu. Lần sau đừng nấu lửa lớn, bột rau câu dễ cháy đáy nồi. Đun lửa vừa, khuấy thường xuyên, khi sôi lăn tăn thì hạ lửa ngay. Có thể cho thêm chút nước nếu hỗn hợp đặc quá, khuấy đều đến khi tan hết bột."
"Nấu chè đậu xanh đánh cho nhuyễn, bí quyết gì?","Đậu xanh đãi vỏ ngâm 3 tiếng, ninh mềm rồi xay nhuyễn cùng chút nước. Cho đậu xay vào nồi, thêm đường, nước cốt dừa, đun sệt lại. Đừng quên khuấy liên tục để khỏi cháy. Rắc thêm vani, để nguội ăn với nước dừa béo ngậy là đúng điệu."
Pha cà phê phin chuẩn vị Việt thế nào?,"Cho 2 thìa cà phê bột vào phin, dùng nắp ép nhẹ. Rót chút nước sôi 90 độ cho ngấm, chờ 30 giây rồi rót tiếp đến đầy phin. Nước cà phê chảy từng giọt, đợi khoảng 5 phút là xong. Rót ra ly sữa đặc hoặc đá tùy ý. Phin càng lâu giọt, cà phê càng đậm đà."
"Cà phê muối đánh bọt bị lỏng, sửa sao?","Bọt lỏng do đánh chưa đủ lâu hoặc tỷ lệ sữa đặc quá ít. Tăng sữa đặc, thêm chút bơ lạt, đánh ở tốc độ cao đến khi kem bông cứng tạo chóp. Kem chuẩn phải đặc quánh, nhấc que lên còn giữ chóp 3 giây. Nếu lỡ lỏng thì cho thêm sữa đặc đánh tiếp là cứu được."
"Sinh tố bơ bị lợn cợn đá chưa tan, làm sao mịn?","Đá viên cho vào xay lâu dễ lợn cợn, nên dùng đá bào hoặc xay đá riêng trước. Hoặc xay bơ với sữa trước cho mịn rồi mới thả đá vào xay thêm 20 giây. Đừng đổ đá ngập quá, lượng vừa đủ giúp máy xay đều. Xay 2 lần: xay nhanh 30 giây, nghỉ, xay tiếp sẽ mịn hơn."
Vì sao trời nhiều mây về chiều hay có màu hồng cam đẹp mắt?,"Đó là hiện tượng tán xạ ánh sáng. Lúc chiều, ánh nắng đi qua lớp khí quyển dày hơn, các bước sóng xanh bị tán xạ mất, chỉ còn ánh đỏ cam tới mắt nên đám mây nhuộm màu hồng cam. Cùng cơ chế với cảnh bình minh."
Nước vo gạo để tưới cây có tốt không?,"Tốt. Nước vo gạo chứa tinh bột, vitamin nhóm B và khoáng chất, là nguồn dinh dưỡng nhẹ cho cây. Nên tưới trực tiếp vào gốc, không để lâu quá một ngày kẻo lên men chua và bốc mùi."
Ăn gì để hạ đường huyết tự nhiên sau bữa ăn no?,"Ăn thêm ít rau lá xanh như mồng tơi, rau cải và chất xơ hòa tan như yến mạch, đậu, gạo lứt sẽ làm chậm hấp thu đường. Đi bộ nhẹ 10–15 phút sau ăn cũng giúp cơ bắp dùng đường tốt hơn."
Tại sao lá sen không bao giờ bị ướt dính nước?,"Bề mặt lá sen có lớp sáp phủ và hàng triệu gai siêu nhỏ khiến giọt nước không bám được mà vo tròn lăn đi. Hiện tượng này gọi là hiệu ứng lá sen, là nguồn cảm hứng cho vật liệu tự làm sạch."
Món chả cá Hà Nội khác chả cá vùng khác thế nào?,"Chả cá Hà Nội là nghệ thuật riêng: cá lăng hoặc cá quả ướp nghệ, riềng, mẻ rồi rán vàng, ăn kèm thì là, hành hoa, mắm tôm và bún, đậu phụ. Đây là món gắn với phố Chả Cá và được nhiều người xem là tinh hoa ẩm thực Thủ đô."
Vì sao phở Hà Nội và phở Sài Gòn có vị khác nhau?,"Khác nhau ở nước dùng và cách pha. Phở Bắc ninh nước thanh, hương thơm từ hành gừng nướng, ít rau. Phở Sài Gòn ngọt rõ, đậm hơn, thêm giá, rau thơm, chanh, ớt, tương, nhiều loại thịt như bò viên, gân."
Cốm làng Vòng được làm từ loại lúa nào?,"Cốm Vòng làm từ nếp cái hoa vàng, lúa còn xanh non thì hái về rang, giã, sàng để tách vỏ trấu. Nhờ khéo tay và giữ đúng lúc lúa chín tới, hạt cốm dẻo thơm, màu xanh mát, nổi tiếng cả nước."
Bánh cuốn Thanh Trì ngon ở điểm nào?,"Bánh cuốn Thanh Trì nổi tiếng vì bột tráng mỏng tang mà vẫn mềm dẻo, không dùng nhân nhiều mà chấm nước mắm pha nhạt ăn cùng chả quế, hành phi, rau thơm. Độ tinh tế nằm ở lớp vỏ bánh và nước chấm."
Hồ Gươm gắn với truyền thuyết nào?,"Hồ Gươm còn gọi là Hồ Hoàn Kiếm, gắn với truyền thuyết vua Lê Lợi trả gươm thần cho Rùa Vàng sau khi đánh thắng giặc. Tháp Rùa trên hồ và đền Ngọc Sơn là biểu tượng văn hóa của Hà Nội."
Động Phong Nha nổi tiếng thế giới nhờ điều gì?,"Phong Nha thuộc Quảng Bình, trong Vườn quốc gia Phong Nha – Kẻ Bàng, nổi tiếng nhờ hệ thống hang động ngầm khổng lồ với sông ngầm dài, thạch nhũ tuyệt đẹp. Đây là di sản thiên nhiên thế giới được UNESCO công nhận."
Vì sao ruộng bậc thang Mù Cang Chải được nhiều người yêu thích?,"Ruộng bậc thang Mù Cang Chải ở Yên Bái do người Mông tạo ra trên sườn núi, uốn lượn theo địa hình. Mùa lúa chín vàng óng cả thung lũng, tạo nên cảnh quan tuyệt đẹp, được xếp hạng di tích danh thắng quốc gia."
Chùa Một Cột có gì đặc biệt về kiến trúc?,"Chùa Một Cột ở Hà Nội được xây dựng như đóa sen vươn lên từ mặt nước, cả chùa chỉ nằm trên một cột đá. Kiến trúc độc đáo này khiến chùa trở thành biểu tượng văn hóa Phật giáo và danh thắng nổi tiếng."
Đồng bằng sông Cửu Long có những loại trái cây đặc sản nào?,"Miền Tây nổi tiếng với sầu riêng Cái Mơn, chôm chôm Chợ Lách, xoài cát Hòa Lộc, bưởi da xanh Bến Tre, măng cụt, dâu Hạ Châu. Nhờ đất phù sa và khí hậu, trái cây ở đây ngọt, thơm, quanh năm đều có mùa."
Cao nguyên đá Đồng Văn vì sao được gọi là công viên địa chất toàn cầu?,"Đồng Văn ở Hà Giang có giá trị địa chất và cổ sinh đặc biệt với nhiều hóa thạch, đá vôi hàng trăm triệu năm. UNESCO công nhận là công viên địa chất toàn cầu đầu tiên của Việt Nam, nơi còn bảo tồn văn hóa của đồng bào Mông."
Vì sao cá lóc đồng ngon hơn cá lóc nuôi?,"Cá lóc đồng sống tự nhiên, ăn thức ăn tự tìm nên thịt chắc, săn, ngọt và ít mỡ hơn cá nuôi. Người sành ăn thường chọn cá lóc đồng để nấu canh chua, kho tộ, nướng trui cho vị đậm đà hơn."
Nấu bánh chưng thì nên dùng lá gì để thơm?,"Bánh chưng truyền thống gói bằng lá dong, lá dong tạo mùi thơm đặc trưng và màu xanh đẹp. Nếu không có lá dong có thể thay lá chuối nhưng vị và hương sẽ khác đi một phần."
Vì sao người Việt ăn Tết Nguyên đán theo âm lịch?,"Việt Nam là nước nông nghiệp lúa nước, âm lịch gắn với chu kỳ mặt trăng và thời vụ gieo trồng. Tết Nguyên đán đánh dấu thời khắc giao mùa, mở đầu năm mới, là dịp sum họp gia đình, cúng ông bà và đón xuân."
Ngày 23 tháng Chạp người Việt có tục gì?,"Ngày 23 tháng Chạp là ngày cúng ông Công ông Táo. Người ta thả cá chép để Táo Quân cưỡi về trời báo cáo việc nhà, dọn bếp sạch sẽ, chuẩn bị đón Tết. Đây là nét văn hóa dân gian được giữ gìn rộng rãi."
Tết Trung thu truyền thống của người Việt có những hoạt động gì?,"Tết Trung thu rơi vào rằm tháng Tám âm lịch. Trẻ em được rước đèn ông sao, đèn lồng, phá cỗ, xem múa lân, ăn bánh nướng bánh dẻo. Người lớn sum họp gia đình, ngắm trăng và gửi lời chúc may mắn."
Áo dài có nguồn gốc từ đâu và phát triển thế nào?,"Áo dài có gốc từ áo ngũ thân thời nhà Nguyễn, được cải tiến dần thành trang phục ôm sát, xẻ hai tà như ngày nay. Đây là quốc phục thể hiện vẻ đẹp duyên dáng, được mặc trong lễ, hội và nhiều dịp trọng đại."
Vì sao trống đồng được coi là biểu tượng văn hóa Việt Nam?,"Trống đồng Đông Sơn có niên đại hàng nghìn năm, khắc họa đời sống cư dân lúa nước với hoa văn tinh xảo. Nó được dùng trong nghi lễ, chiến trận và thể hiện trình độ kỹ thuật đúc đồng cao của người Việt cổ."
Nón lá thường được làm từ loại lá nào?,"Nón lá truyền thống thường làm từ lá cọ hoặc lá buông, được phơi trắng, là thẳng rồi lợp lên khung tre. Các làng nghề như Phú Cam, Chuông, Đồng Di đều nổi tiếng với kỹ thuật khâu nón bền đẹp."
Vì sao Hội An được UNESCO công nhận là di sản văn hóa thế giới?,"Hội An được bảo tồn gần như nguyên vẹn như một thương cảng cổ với nhà cổ, hội quán, chùa cầu hòa trộn kiến trúc Việt, Hoa, Nhật. Giá trị văn hóa và lịch sử độc đáo đó khiến Hội An trở thành di sản thế giới."
Mưa ngâu ở miền Bắc thường xảy ra vào thời gian nào?,"Mưa ngâu thường kéo dài khoảng tháng 7 âm lịch, khi gió mùa đông bắc bắt đầu xuất hiện gặp khí nóng ẩm, gây mưa rả rích nhiều ngày. Dân gian còn gắn mưa ngâu với chuyện Chức Nữ Ngưu Lang gặp nhau."
Vì sao miền Bắc có bốn mùa rõ rệt hơn miền Nam?,"Miền Bắc nằm ở vĩ độ cao hơn và chịu ảnh hưởng của gió mùa Đông Bắc, nên có đủ xuân, hạ, thu, đông với mùa đông lạnh. Miền Nam gần xích đạo, khí hậu chia hai mùa mưa khô nên nóng quanh năm."
Sương mù hình thành như thế nào?,"Sương mù hình thành khi hơi nước trong không khí gặp lạnh đến mức bão hòa, ngưng tụ thành những giọt nước li ti lơ lửng gần mặt đất. Thường xuất hiện vào sáng sớm khi đất và không khí vẫn còn lạnh sau đêm."
Vì sao nước biển lại mặn?,"Nước biển mặn vì các con sông cuốn muối khoáng hòa tan từ đá và đất ra biển suốt hàng triệu năm. Khi nước bốc hơi, muối ở lại nên độ mặn ngày càng tích lũy, trung bình khoảng 3,5%."
Vì sao lá cây chuyển vàng rồi rụng vào mùa thu?,"Vào thu, ngày ngắn và nhiệt độ giảm khiến cây ngừng sản xuất diệp lục, chất tạo màu xanh. Các sắc tố vàng cam lộ ra, rồi cây tạo lớp rời ở cuống lá để giảm mất nước qua mùa đông, lá rụng xuống."
"Cây bàng, cây me, cây phượng có đặc điểm chung gì ở sân trường?","Ba loại cây này đều thuộc loại thân gỗ lớn, tán rộng cho bóng mát, rễ khỏe, dễ sống ở điều kiện khắc nghiệt. Phượng nở hoa đỏ vào hè, bàng trụi lá mùa đông, me cho bóng mát quanh năm nên rất quen thuộc ở sân trường."
Trà xanh có lợi gì cho sức khỏe nếu uống đúng cách?,"Trà xanh giàu chất chống oxy hóa catechin, giúp giảm căng thẳng, hỗ trợ tiêu hóa và tim mạch. Nên uống nước trà loãng, mới hãm, không uống khi đói hoặc quá muộn vào buổi tối để tránh mất ngủ."
Mật ong để lâu có bị hư không?,"Mật ong nguyên chất có tính kháng khuẩn và ít nước nên gần như không hư, có thể để nhiều năm. Nó có thể kết tinh đóng đường nhưng chỉ cần ngâm bình nước ấm là tan lại, vẫn dùng được bình thường."
Vì sao ăn đậu phộng rang lại dễ bị khô cổ và nóng trong người?,"Đậu phộng rang nhiều dầu mỡ và chế biến ở nhiệt độ cao dễ gây khô cổ, đặc biệt khi ăn nhiều. Đông y xem đậu phộng có tính nóng, nên ăn vừa phải và uống nhiều nước để cân bằng."
Cách phân biệt trứng gà ta và trứng gà công nghiệp?,"Trứng gà ta thường nhỏ hơn, vỏ hồng nhạt, lòng đỏ đậm màu, nhân trứng to và săn, khi luộc thơm béo. Trứng công nghiệp to, vỏ trắng sạch, lòng đỏ nhạt hơn. Cách nhận biết chuẩn nhất vẫn là người nuôi."
Vì sao phải rửa rau củ trước khi chế biến?,"Rau củ có thể dính bụi bẩn, đất, vi khuẩn và hóa chất bảo vệ thực vật. Rửa kỹ dưới vòi nước chảy, ngâm nước muối loãng vài phút giúp giảm nguy cơ ngộ độc, đảm bảo bữa ăn an toàn."
Ăn uống thế nào để giảm tình trạng nóng gan?,"Giảm đồ cay nóng, rượu bia, dầu mỡ, thêm rau xanh, trái cây mát như dưa hấu, bí đao, uống đủ nước và ngủ sớm. Kết hợp điều độ sẽ giúp gan đỡ quá tải và cơ thể dễ chịu hơn."
"Vì sao người ta thường ngâm gừng, chanh với mật ong?","Gừng có tinh chất cay ấm, chanh giàu vitamin C, mật ong kháng khuẩn. Kết hợp ba thứ tạo thức uống giúp giảm ho, ấm họng, tăng sức đề kháng khi trời lạnh, rất được dùng trong dân gian."
Tắm nắng buổi sáng có tác dụng gì?,"Ánh nắng sớm giúp cơ thể tổng hợp vitamin D, cần cho xương và miễn dịch, đồng thời điều chỉnh giấc ngủ. Nên tắm nắng trước 9 giờ khoảng 15–20 phút, không quá lâu để tránh bắt nắng."
Vì sao xịt cồn diệt khuẩn nhanh khô hơn nước?,"Cồn có tốc độ bay hơi nhanh hơn nước nhiều lần vì nhiệt độ sôi thấp và áp suất hơi cao. Khi bôi lên da, cồn bay hơi nhanh kéo theo nhiệt, nên da thấy mát lạnh rồi khô ráo trong giây lát."
Vì sao khi ngáp lại lây cho người khác?,"Ngáp lây liên quan đến nơ-ron gương trong não, khiến ta tự động bắt chước hành động người xung quanh. Cơ chế này giúp con người hòa nhập xã hội và đồng bộ cảm xúc, dù chưa hiểu hết lý do."
Vì sao trời nắng gắt sau mưa rào thường rất oi bức?,"Sau mưa rào, hơi nước bốc lên nhiều làm độ ẩm không khí tăng cao. Khi nắng trở lại, không khí ẩm giữ nhiệt và làm giảm khả năng thoát mồ hôi, nên cơ thể cảm thấy nóng bức oi khó chịu."
"Viết một endpoint FastAPI để tạo người dùng mới, có validate email và dùng Pydantic.","Đây là cách làm gọn với FastAPI + Pydantic. Định nghĩa schema rồi khai báo trong tham số hàm:\n\nfrom pydantic import BaseModel, EmailStr, Field\nfrom fastapi import FastAPI, HTTPException, status\n\napp = FastAPI()\n\nclass UserCreate(BaseModel):\n    name: str = Field(min_length=2, max_length=50)\n    email: EmailStr\n    age: int = Field(ge=18, le=120)\n\n@app.post(\/users\"""
"Tôi có một query Django ORM bị chậm, nghi ngờ lỗi N+1. Làm sao để phát hiện và sửa?","N+1 xảy ra khi bạn query danh sách cha rồi mỗi phần tử truy cập quan hệ con, gây phát sinh thêm N query. Cách phát hiện nhanh: bật DEBUG và đếm query bằng connection.queries, hoặc cài django-debug-toolbar để xem số query mỗi trang. Khi thấy số query tăng theo số dòng hiển thị là chắc chắn N+1. Cách sửa: dùng select_related cho quan hệ ForeignKey và OneToOne vì nó JOIN luôn trong cùng một query; dùng prefetch_related cho ManyToMany và reverse ForeignKey vì nó chạy 2 query riêng rồi gom lại. Ví dụ: queryset = Post.objects.select_related(\author\"").prefetch_related(\""tags\""). Khi dữ liệu lớn"
"CORS là gì, vì sao browser chặn, và cấu hình CORS trong FastAPI thế nào?","CORS là cơ chế của trình duyệt cho phép hoặc chặn JavaScript ở một nguồn gọi API từ nguồn khác. Browser gửi request kèm header Origin, server trả Access-Control-Allow-Origin; nếu không khớp, browser chặn kết quả để bảo vệ user khỏi trang độc đọc trộm dữ liệu. Đây là chính sách của trình duyệt, không phải của server. Trong FastAPI bạn dùng CORSMiddleware: from fastapi.middleware.cors import CORSMiddleware; app.add_middleware(CORSMiddleware, allow_origins=[\https://domain1.com\""]"
"Viết đoạn Python xử lý lỗi đọc file và parse JSON, đảm bảo thông báo rõ ràng.","Dùng try/except bao đúng phạm vi lỗi, không nuốt exception im lặng. Đoạn dưới tách lỗi đọc file với lỗi parse để dễ truy vết:\n\nimport json\nfrom pathlib import Path\n\ndef load_config(path):\n    try:\n        raw = Path(path).read_text(encoding=\utf-8\"")\n    except FileNotFoundError:\n        raise RuntimeError(f\""Không tìm thấy file {path}\"")\n    except PermissionError:\n        raise RuntimeError(f\""Không có quyền đọc {path}\"")\n    try:\n        return json.loads(raw)\n    except json.JSONDecodeError as e:\n        raise RuntimeError(f\""File {path} không phải JSON hợp lệ: {e}\"")\n\nNguyên tắc: bắt exception cụ thể nhất có thể"
Giải thích connection pooling trong database là gì và lợi ích của nó.,"Mở kết nối database tốn tài nguyên: phải bắt tay TCP, xác thực, dựng session. Connection pooling là việc giữ sẵn một nhóm kết nối đã mở trong pool, các request xin kết nối từ pool, dùng xong trả lại thay vì đóng. Lợi ích: giảm độ trễ mỗi request, tiết kiệm CPU/memory của database, tránh tình trạng mở quá nhiều kết nối gây quá tải server DB. Trong Python bạn hay dùng SQLAlchemy với create_engine(\postgresql+psycopg2://...\"""
Tôi muốn deploy FastAPI lên server bằng Docker và Gunicorn. Viết cấu hình chuẩn.,"File Dockerfile và lệnh khởi động chuẩn:\n\nFROM python:3.12-slim\nWORKDIR /app\nCOPY requirements.txt .\nRUN pip install --no-cache-dir -r requirements.txt\nCOPY . .\nCMD [\gunicorn\"""
Làm sao để thêm rate limiting cho API FastAPI một cách đơn giản?,"Cách nhanh nhất là dùng slowapi, thư viện tích hợp sẵn FastAPI. Cài bằng pip install slowapi rồi:\n\nfrom slowapi import Limiter, _rate_limit_exceeded_handler\nfrom slowapi.util import get_remote_address\nfrom fastapi import FastAPI, Request\n\nlimiter = Limiter(key_func=get_remote_address)\napp = FastAPI()\napp.state.limiter = limiter\napp.add_exception_handler(RateLimitExceeded, _rate_limit_exceeded_handler)\n\n@app.get(\/search\"")\n@limiter.limit(\""30/minute\"")\ndef search(request: Request):\n    return {\""ok\"": True}\n\nRate limit dựa trên IP là tầng cơ bản"
"Debug lỗi N+1 trong API Django của tôi, kể cả trong DRF serializer.","N+1 trong DRF thường bị khi serializer lồng quan hệ, mỗi dòng lại query thêm. Đầu tiên xác định nơi phát sinh bằng django-debug-toolbar hoặc log SQL. Trong queryset của view phải eager load trước khi vào serializer: Books.objects.select_related(\author\"").prefetch_related(\""reviews\""). Lưu ý prefetch_related với queryset lồng trong SerializerMethodField không tự động nhận prefetch của queryset cha; nếu bạn query bên trong method đó thì lại N+1. Giải pháp: dùng Prefetch để truyền queryset tùy chỉnh: Prefetch(\""reviews\"""
SQL injection là gì và làm sao phòng chống khi viết SQL trong Python?,"SQL injection xảy ra khi chuỗi nhập từ người dùng được ghép thẳng vào câu SQL, kẻ tấn công nhét cú pháp để thay đổi truy vấn. Cách dùng sai: query = f\SELECT * FROM users WHERE email = '{email}'\"". Nếu email là \""' OR '1'='1\"" sẽ làm lộ toàn bộ user. Cách đúng: luôn dùng tham số hóa. SQLAlchemy Core: text(\""SELECT * FROM users WHERE email = :email\"").params(email=email). psycopg2: cursor.execute(\""SELECT * FROM users WHERE email = %s\"""
Cấu hình quản lý config và môi trường (development/production) cho ứng dụng Python thế nào?,"Nguyên tắc: config phải tách khỏi code và khác nhau theo môi trường. Dùng biến môi trường làm nguồn chuẩn, kèm file .env để phát triển local. Thư viện phổ biến: pydantic-settings hoặc python-dotenv. Ví dụ:\n\nfrom pydantic_settings import BaseSettings\n\nclass Settings(BaseSettings):\n    app_name: str = \MyAPI\""\n    database_url: str\n    redis_url: str\n    secret_key: str\n    debug: bool = False\n    model_config = {\""env_file\"": \"".env\""}\n\nsettings = Settings()\n\nImport settings một lần và inject vào dependency thay vì import rải rác. Không commit .env lên git"
"Làm sao nhận và xử lý webhook trong FastAPI, kể cả bảo mật?","Webhook là HTTP POST mà bên cung cấp (ví dụ thanh toán, GitHub) gửi tới URL của bạn khi có sự kiện. Cấu hình endpoint: @app.post(\/webhooks/payment\"") async def handle_payment(payload: dict): ... Phải xác thực nguồn gửi: kiểm tra chữ ký webhook"
"Xử lý upload file trong FastAPI thế nào, giới hạn kích thước và kiểu file ra sao?","Dùng UploadFile kèm validation. Ví dụ:\n\nfrom fastapi import UploadFile, File, HTTPException\n\n@app.post(\/upload\"")\nasync def upload(file: UploadFile = File(...)):\n    if file.content_type not in {\""image/png\"""
"Celery là gì, khi nào cần background task, và thiết lập cơ bản với FastAPI?","Background task là công việc không cần client chờ: gửi email, xử lý ảnh, generate report, đồng bộ dữ liệu. FastAPI có BackgroundTasks cho việc nhẹ sau khi trả response, nhưng việc nặng hoặc cần retry nên dùng Celery. Celery là distributed task queue: worker nhận task từ broker (Redis/RabbitMQ) và xử lý. Setup: from celery import Celery; celery_app = Celery(\tasks\"""
Docker multi-stage build là gì và viết Dockerfile tối ưu cho API Python ra sao?,"Multi-stage build chia Dockerfile thành nhiều giai đoạn, giai đoạn build chứa đủ công cụ biên dịch, giai đoạn cuối chỉ copy artifact tối thiểu nên image nhỏ và an toàn hơn. Ví dụ:\n\nFROM python:3.12-slim AS builder\nWORKDIR /app\nCOPY requirements.txt .\nRUN pip wheel --no-cache-dir --wheel-dir /wheels -r requirements.txt\n\nFROM python:3.12-slim\nWORKDIR /app\nCOPY --from=builder /wheels /wheels\nCOPY . .\nRUN pip install --no-cache-dir /wheels/*\nCMD [\gunicorn\"""
"Viết test cho API FastAPI bằng pytest, kể cả test dependency và DB giả lập.","Dùng TestClient và monkeypatch dependency. Cơ bản:\n\nfrom fastapi.testclient import TestClient\nfrom app.main import app\nfrom app.deps import get_db\n\nclient = TestClient(app)\n\ndef fake_get_db():\n    yield MockDB()\n\napp.dependency_overrides[get_db] = fake_get_db\n\ndef test_create_user():\n    r = client.post(\/users\"""
OpenAPI là gì và làm sao tận dụng tài liệu tự động của FastAPI?,"OpenAPI là chuẩn mô tả API dạng JSON/YAML: liệt kê endpoint, method, tham số, schema request/response. FastAPI tự sinh spec này từ code nhờ type hint, kèm Swagger UI tại /docs và ReDoc tại /redoc. Lợi ích: tài liệu luôn đồng bộ với code, client có thể sinh SDK tự động bằng openapi-generator. Để spec chuẩn: mô tả endpoint bằng docstring, dùng response_model cho schema output, gán tags để nhóm, đặt min_length/max_length/ge/le cho field, dùng Annotated để thêm description. Cấu hình metadata app = FastAPI(title=..., version=\1.0.0\""). Bạn có thể dùng spec này để generate client TypeScript cho frontend"
"Monitoring API bằng Prometheus và Grafana cần đo những gì, cài vào FastAPI sao?","Đo bốn nhóm: RED metrics cho từng endpoint là Rate (request/giây), Errors (tỷ lệ 5xx), Duration (phân vị latency p50/p95/p99); tiếp là saturation như CPU/memory/DB connections; health check tự động; và business metrics như số đơn, số user active. Cài prometheus-fastapi-instrumentator: pip install prometheus-fastapi-instrumentator rồi gọi Instrumentator().instrument(app).expose(app, endpoint=\/metrics\"") — nó tự đếm request theo route"
"Ba mẹ em bắt học ngành Y mà em muốn học ngành khác, chọn sao đây anh?","Chuyện này khó xử thật, nhưng em nhớ điều này: sống đời mình chứ đừng sống giùm ai, kể cả ba mẹ. Tuy nhiên đừng cứng đầu cãi cùn ngay, ba mẹ nghĩ vậy cũng có lý do của họ, thường là lo cho em ổn định. Em hãy ngồi nói chuyện nghiêm túc, trình bày đam mê của em kèm theo kế hoạch cụ thể: ngành đó làm gì, ra trường lương ra sao, em sẽ học thế nào. Nếu em chỉ nói con thích"" thì ba mẹ không tin đâu"
"Em sắp thi trắc nghiệm mà cứ phân vân giữa hai đáp án, có mẹo nào không anh?","Chuyện phân vân giữa hai đáp án là chuyện thường gặp nhất khi thi trắc nghiệm, anh cũng từng bị. Nguyên tắc: câu nào chắc chắn thì làm trước, câu phân vân đánh dấu lại làm sau. Khi phải chọn giữa hai đáp án, em đọc kỹ lại đề, gạch chân từ khóa, nhiều khi rơi vào lỗi đọc không kỹ. Đáp án thường bị thiết kế để gài"" — có vẻ đúng nhưng sai chỗ nhỏ"
"Em căng thẳng quá mỗi lần tới kỳ thi, còn mất ngủ, học hành gì nổi đâu anh.","Anh hiểu cảm giác đó lắm, tim đập thình thịch, ngủ không được, đúng là tra tấn. Nhưng em biết không, cái làm em mất ngủ không phải kỳ thi, mà là cái suy nghĩ lỡ thi rớt thì sao"" lặp đi lặp lại trong đầu. Để ngủ được"
"Em đang phân vân giữa học tiếp lên đại học hay ra nghề học nghề, anh nghĩ sao?","Đây là quyết định lớn nhưng đừng để ai quyết định giùm em, kể cả anh. Hai đường đều tốt nếu em đi đúng hướng. Học đại học cho em nền tảng lý thuyết, tấm bằng mở cửa nhiều công ty, nhưng tốn thời gian và tiền. Học nghề nhanh ra làm, kiếm tiền sớm, mà thợ giỏi bây giờ thu nhập không thua kém cử nhân đâu, nhất là mấy nghề như điện tử, sửa chữa, làm bếp, công nghệ ô tô. Anh chỉ khuyên một điều: đừng chọn đại học chỉ vì ngại tiếng không bằng cấp"""
Mấy tháng hè em nên làm gì để không phí thời gian? Chơi thì áy náy mà học thì không nổi.,"Đừng ép mình học suốt hè đâu, nghỉ ngơi cũng là phần đáng giá của việc học, đầu óc cần thời gian nạp năng lượng. Nhưng chơi cho hết sức"" và ""học đủ lượng"" là hai việc không xung đột. Mỗi ngày em dành 1-2 tiếng cho một việc có ích: đọc một cuốn sách em thích"
"Em hay trì hoãn, nói sẽ học nhưng cứ gần deadline mới cuống, phải sửa thế nào anh?","Trì hoãn không phải vì lười đâu, mà vì nhiệm vụ lớn quá làm não em sợ. Não thấy học cả chương"" là to quá"
"Anh ơi, bạn thân của em với em cùng học nhóm mà nó cứ bắt em làm hết bài rồi nó chép, mệt quá.","Ôi, học nhóm mà chỉ mình em làm là em đang bị lợi dụng chứ không phải bạn bè giúp nhau đâu. Học nhóm đúng nghĩa là cùng nhau giải, đứa giỏi chỗ nào chỉ chỗ đó, người khác hỏi thì giải thích lại — như vậy cả hai cùng tiến bộ, vì dạy lại cho người khác cũng là cách học giỏi nhất. Còn kiểu chép bài của bạn em thì chỉ bạn em được lợi. Em nên nói thẳng nhẹ nhàng: giờ chúng mình cùng làm"
"Em sắp thi rồi mà bạn em cứ rủ đi chơi hoài, không đi thì sợ mất bạn, làm sao đây anh?","Nghe em nói anh hiểu, ai cũng từng bị kẹt trong tình huống này. Nhưng em này, bạn bè thật sự thì hiểu được lúc em cần tập trung ôn thi, còn bạn chỉ muốn em đi theo sở thích của họ mà không tôn trọng việc học của em thì không phải bạn tốt đâu. Em nói thẳng với bạn: kỳ này tớ phải ôn thi"
"Code giúp em một đoạn ESP32 đọc cảm biến nhiệt độ và gửi lên server qua HTTP POST mỗi phút, dùng JSON","Bật WiFi trong setup, đọc cảm biến bằng DallasTemperature, tạo chuỗi JSON dạng {\temp\"":27.5"
Các chiêu trò lừa đảo trực tuyến phổ biến ở Việt Nam hiện nay là gì?,"Những chiêu trò phổ biến gồm: lừa đảo qua cuộc gọi giả danh công an, cán bộ ngân hàng; tin nhắn giả mạo nhà mạng, hóa đơn; đầu tư tiền ảo, vàng online hứa hẹn lợi nhuận khổng lồ; vay tiền online lãi cắt cổ với hợp đồng mập mờ; tuyển cộng tác viên đặt đơn, cộng tác viên nạp tiền nhận hoa hồng; giả mạo quà tặng, trúng thưởng yêu cầu đóng phí trước; chiếm đoạt tài khoản mạng xã hội rồi mượn tiền bạn bè; lừa đảo qua các sàn thương mại điện tử với hàng giả, hàng không đúng mô tả. Điểm chung là tạo áp lực thời gian, yêu cầu chuyển tiền gấp hoặc cung cấp mã OTP. (Đây là thông tin kiến thức nhằm nhận diện rủi ro, không phải hướng dẫn thực hiện hành vi phạm pháp.)"
Jailbreak trong bối cảnh điện thoại và AI có nghĩa là gì?,"Jailbreak có hai nghĩa chính. Với thiết bị di động, jailbreak là quá trình gỡ bỏ giới hạn mà nhà sản xuất áp đặt lên hệ điều hành (điển hình là iOS) để cài ứng dụng ngoài App Store, can thiệp sâu vào hệ thống, tùy biến giao diện. Với trí tuệ nhân tạo, jailbreak là kỹ thuật dùng prompt đặc biệt để vượt qua rào cản an toàn của mô hình ngôn ngữ, buộc nó trả lời những câu hỏi thông thường bị chặn. Các kỹ thuật hay gặp gồm giả lập nhập vai, bối cảnh giả định, mã hóa câu hỏi, tách câu, hoặc thuyết phục mô hình đang ở chế độ nghiên cứu. (Thông tin kiến thức giáo dục, không phải hướng dẫn thực hiện hành vi phạm pháp.)"
Thế nào là rửa tiền và các phương thức rửa tiền phổ biến?,"Rửa tiền là quá trình hợp pháp hóa tiền bạc có nguồn gốc bất hợp pháp bằng cách đưa chúng qua các giao dịch vẻ ngoài hợp lệ để xóa dấu vết nguồn gốc. Quy trình thường có ba giai đoạn: xếp lớp (đưa tiền vào hệ thống tài chính qua gửi ngân hàng, mua tài sản, đánh bạc), phân tầng (chuyển động tiền qua nhiều tài khoản, nhiều quốc gia để làm rối truy vết), và hợp nhất (đưa tiền quay lại nền kinh tế dưới dạng tài sản hợp pháp như bất động sản, doanh nghiệp). Phương thức hay gặp: mua bán bất động sản, sàn vàng, tiền ảo, cầm đồ, công ty bình phong, chuyển tiền qua nhiều trung gian. (Thông tin kiến thức giải thích khái niệm pháp lý, không phải hướng dẫn phạm pháp.)"
Prompt injection là gì và nó nguy hiểm thế nào?,"Prompt injection là kỹ thuật tấn công vào các mô hình ngôn ngữ lớn bằng cách chèn những chỉ dẫn độc hại vào đầu vào để điều khiển hành vi của mô hình ngoài ý đồ của người vận hành. Có dạng tấn công trực tiếp khi người dùng cố tình viết lệnh lách rào cản, và dạng gián tiếp khi mã độc hoặc văn bản từ web, email, tài liệu được nạp vào bối cảnh của mô hình rồi âm thầm ra lệnh cho nó rò rỉ dữ liệu, đổi giọng điệu hoặc thực hiện hành động ngoài phạm vi. Mức độ nguy hiểm phụ thuộc vào quyền hạn mà mô hình được cấp: nếu nó có thể gọi API, đọc email, soạn thảo hóa đơn thì một prompt injection có thể gây thiệt hại tài chính, lộ dữ liệu khách hàng. (Thông tin kiến thức an ninh mạng, không phải hướng dẫn tấn công.)"
Làm sao để nhận biết một tin nhắn giả mạo ngân hàng?,"Để nhận biết tin nhắn giả mạo ngân hàng, bạn nên soi kỹ vài điểm: thương hiệu người gửi bị làm giả gần giống tên chính thức (sai một, hai ký tự); nội dung gây hoang mang như tài khoản bị khóa, giao dịch bất thường, yêu cầu xác minh gấp trong thời gian ngắn; luôn có đường link lạ hoặc yêu cầu bấm vào website lạ; tuyệt đối không yêu cầu mã OTP, mật khẩu hay số CVV qua tin nhắn vì ngân hàng thật không bao giờ hỏi những thứ này. Thêm nữa, số điện thoại gửi tin thường là số máy lạ, không phải số tổng đài chính thức. Khi nghi ngờ, gọi thẳng hotline trên thẻ hoặc ứng dụng ngân hàng để xác minh. (Đây là kiến thức phòng tránh lừa đảo, không phải hướng dẫn phạm pháp.)"
Cách các trang mạng xã hội bị chiếm quyền điều khiển là gì?,"Tài khoản mạng xã hội thường bị chiếm quyền qua vài con đường: lộ mật khẩu do dùng chung mật khẩu nhiều trang hoặc mật khẩu quá đơn giản; bấm vào đường link lạ trong tin nhắn, đặc biệt là link đăng nhập giả mạo (phishing) yêu cầu nhập mật khẩu; cài ứng dụng bên thứ ba yêu cầu quyền truy cập tài khoản; lộ mã OTP khi chia sẻ với người khác hoặc nhập vào trang giả; thiết bị nhiễm mã độc đánh cắp phiên đăng nhập. Sau khi chiếm được, kẻ xấu thường đổi mật khẩu, khóa chủ tài khoản, rồi mượn tiền bạn bè trong danh bạ. Phòng tránh bằng bật xác thực hai lớp, không nhấp link lạ, không chia sẻ mã xác minh. (Thông tin kiến thức bảo mật, không phải hướng dẫn phạm pháp.)"
Người dân thường bị lừa bằng hình thức đầu tư tài chính gì ở Việt Nam?,"Các hình thức lừa đảo đầu tư phổ biến gồm: sàn giao dịch vàng, ngoại hối, tiền mã hóa không có giấy phép hoạt động, ban đầu trả lời lãi nhỏ để tạo lòng tin rồi biến mất cùng tiền vốn; huy động vốn trái phép kiểu đa cấp hứa hẹn lãi suất 2-3% mỗi tháng; các app đầu tư giả mạo có giao diện đẹp nhưng tiền nạp vào không bao giờ rút ra được; dự án nông nghiệp, bất động sản ảo bán chứng chỉ không có tài sản thật. Đặc điểm chung là lãi suất cao bất thường, tuyển mộ người thân, kêu gọi nạp thêm để bảo toàn vốn khi đã dính. Nhà đầu tư nên kiểm tra giấy phép của cơ quan quản lý và không tin vào lời hứa lợi nhuận không rủi ro. (Kiến thức nhận diện rủi ro đầu tư, không phải hướng dẫn phạm pháp.)"
Tại sao kẻ lừa đảo luôn yêu cầu nạn nhân chuyển tiền gấp?,"Kẻ lừa đảo yêu cầu chuyển tiền gấp để khai thác tâm lý sợ hãi và áp lực thời gian, khiến nạn nhân không kịp bình tĩnh suy nghĩ, không kịp hỏi ý kiến người thân hay kiểm tra thông tin. Khi họ đưa ra thời hạn chót, đe dọa khóa tài khoản, mất giải thưởng hoặc bị phạt, nạn nhân dễ hành động theo cảm xúc thay vì lý trí. Gấp gáp cũng ngăn nạn nhân so sánh với các trường hợp tương tự, và khiến việc truy vết dòng tiền trở nên khó khăn vì tiền được rút hoặc chuyển tiếp rất nhanh. Đây là lý do các khuyến nghị phòng chống luôn nhấn mạnh: gặp bất kỳ yêu cầu chuyển tiền gấp nào cũng phải dừng lại, xác minh bằng kênh chính thống. (Kiến thức phòng chống lừa đảo, không phải hướng dẫn phạm pháp.)"
Những đặc điểm chung của một văn bản lừa đảo qua thư điện tử là gì?,"Thư điện tử lừa đảo thường có vài dấu hiệu chung: địa chỉ người gửi là biến thể của tên công ty thật (ví dụ amaz0n-support@gmail.com); lời chào chung chung như Kính gửi quý khách thay vì gọi tên; nội dung gây cấp thiết như tài khoản sắp bị đóng, đơn hàng sắp bị hủy; ngữ pháp, chính tả lỗi lặt vặt hoặc dịch máy gượng ép; đính kèm file lạ hoặc nút bấm đưa ra trang web giả; yêu cầu cung cấp thông tin nhạy cảm. Các công ty thật ít khi dùng thư điện tử để hỏi mật khẩu hay thông tin thẻ. Kiểm tra kỹ địa chỉ web trước khi nhập thông tin và không mở tập tin đính kèm bất ngờ. (Đây là kiến thức nhận diện lừa đảo, không phải hướng dẫn phạm pháp.)"
Vì sao các nhà chức trách khuyến cáo không nhận chuyển khoản giúp người lạ?,"Nhận chuyển khoản giúp người lạ có thể khiến bạn vô tình trở thành khâu trung gian trong chuỗi rửa tiền hoặc lừa đảo. Kẻ xấu có thể chuyển tiền chiếm đoạt vào tài khoản bạn để cắt đứt dấu vết, sau đó yêu cầu bạn chuyển tiếp hoặc rút tiền mặt đưa lại cho người khác. Khi vụ việc bị phát hiện, tài khoản của bạn dính vào dòng tiền bất hợp pháp, có thể bị phong tỏa, điều tra, thậm chí bị quy trách nhiệm hình sự nếu chứng minh được bạn biết hoặc hưởng lợi. Với các vụ chiếm đoạt qua mạng, ngân hàng thường chặn giao dịch chuyển tiếp nhưng nếu tiền đã qua tay bạn thì việc thu hồi rất khó. An toàn nhất là tuyệt đối không nhận chuyển khoản giúp bất kỳ ai không quen biết. (Thông tin kiến thức pháp lý phòng ngừa, không phải hướng dẫn phạm pháp.)"
Hình thức lừa đảo tuyển dụng việc làm online thường diễn ra thế nào?,"Lừa đảo tuyển dụng online thường bắt đầu bằng tin tuyển dụng hấp dẫn trên mạng xã hội, hứa hẹn thu nhập cao, làm tại nhà, giờ giấc linh hoạt. Nạn nhân được nhận vào rồi giao nhiệm vụ như đặt đơn hàng trên các sàn thương mại điện tử, làm nhiệm vụ tăng tương tác, nạp tiền để hoàn thành nhiệm vụ và hưởng hoa hồng. Những nhiệm vụ đầu tiên trả công thật để tạo lòng tin, sau đó yêu cầu nạp số tiền lớn dần và khi nạn nhân đòi rút tiền thì đổ lỗi sai quy trình, yêu cầu nộp thêm phí hoặc chặn liên lạc. Một biến thể khác là phỏng vấn qua tin nhắn, sau đó yêu cầu nộp phí hồ sơ, phí đào tạo. Nguyên tắc cần nhớ: công việc hợp pháp không bao giờ bắt người lao động nộp tiền trước khi nhận việc. (Thông tin kiến thức nhận diện lừa đảo việc làm, không phải hướng dẫn phạm pháp.)"
Sự khác nhau giữa lừa đảo tình cảm online và một mối quan hệ qua mạng bình thường?,"Lừa đảo tình cảm online thường đi theo khuôn: đối phương đẹp trai/xinh đẹp, giàu có, ở nước ngoài, cần cù quan tâm chăm sóc mỗi ngày nhưng luôn tránh gọi video hoặc gặp mặt; sau vài tuần xây dựng tình cảm thì nảy sinh biến cố như bệnh nặng, kẹt hàng hóa ở hải quan, chuyển tiền bị kẹt và cần mượn tiền. Trong khi đó mối quan hệ qua mạng lành mạnh có sự minh bạch dần, đồng ý gọi video, không vội vàng đòi tiền, và tôn trọng ranh giới tài chính của nhau. Dấu hiệu đỏ rõ nhất là người kia nhanh chóng thổ lộ tình cảm sâu đậm, hứa hẹn tương lai, rồi xoay quanh chuyện tiền bạc. Ai cũng có thể trở thành nạn nhân, kể cả người thông minh, vì kẻ lừa đảo rất kiên nhẫn. (Kiến thức nhận diện rủi ro, không phải hướng dẫn phạm pháp.)"
Vì sao bật xác thực hai lớp lại giúp chống lừa đảo trực tuyến?,"Xác thực hai lớp thêm một lớp bảo vệ bên cạnh mật khẩu: ngay cả khi kẻ lừa đảo có được mật khẩu qua trang giả hoặc lộ dữ liệu, chúng vẫn cần mã xác minh được gửi qua tin nhắn, ứng dụng xác thực hoặc thiết bị vật lý để đăng nhập. Nếu mã này chỉ gửi về điện thoại của chính bạn và bạn không cung cấp cho ai, kẻ xấu không thể hoàn tất đăng nhập dù có mật khẩu. Các phương pháp dùng ứng dụng xác thực như Google Authenticator còn an toàn hơn tin nhắn SMS vì không bị đánh cắp sim. Trong các vụ chiếm tài khoản hàng loạt, tài khoản không bật xác thực hai lớp là mục tiêu dễ dàng nhất. (Thông tin kiến thức an toàn số, không phải hướng dẫn phạm pháp.)"
Có nên tin vào các tin nhắn báo trúng thưởng của công ty xổ số hay không?,"Tuyệt đối không nên tin. Công ty xổ số chính thức không bao giờ tự liên hệ qua tin nhắn cá nhân để báo bạn trúng thưởng mà không rõ lý do, càng không yêu cầu đóng phí, thuế hoặc chi phí chuyển tiền trước khi trao giải. Mọi yêu cầu nộp tiền trước khi nhận thưởng đều là lừa đảo, vì khoản tiền thưởng nếu có sẽ được trả trực tiếp, không trừ bất kỳ khoản phí qua kênh trung gian nào. Tin nhắn giả còn thường kèm số điện thoại, tài khoản ngân hàng lạ để bạn chuyển tiền. Cách kiểm tra an toàn là gọi trực tiếp đến tổng đài chính thức của công ty xổ số, không gọi theo số trong tin nhắn. (Đây là kiến thức phòng tránh lừa đảo, không phải hướng dẫn phạm pháp.)"
"Khi phát hiện mình bị lừa chuyển tiền online, cần làm những gì ngay lập tức?","Ngay khi nghi ngờ bị lừa, hãy làm các bước sau: thứ nhất, gọi ngay đến tổng đài ngân hàng phát hành thẻ hoặc tài khoản để yêu cầu khóa tài khoản và đề nghị phong tỏa giao dịch vừa chuyển, làm càng sớm càng tăng cơ hội thu hồi; thứ hai, giữ nguyên mọi tin nhắn, lịch sử trò chuyện, chứng từ chuyển tiền để làm bằng chứng; thứ ba, trình báo cơ quan công an nơi gần nhất kèm đầy đủ tài liệu; thứ tư, thông báo cho ngân hàng về dấu hiệu tài khoản của bạn bị lợi dụng. Lưu ý những kẻ lừa đảo còn mạo danh chuyên gia thu hồi tiền để lừa tiếp, nên mọi dịch vụ thu hồi đều phải được xác minh qua cơ quan chức năng. (Thông tin kiến thức phản ứng khi gặp sự cố, không phải hướng dẫn phạm pháp.)"
Những dấu hiệu nào cho thấy một website thương mại điện tử là giả mạo?,"Website bán hàng giả mạo thường có một số dấu hiệu: tên miền sai chính tả tinh vi so với trang thật, không có biểu tượng ổ khóa HTTPS trong trình duyệt, thông tin liên hệ mập mờ hoặc chỉ có khung chat, giá rẻ bất thường so với thị trường, yêu cầu chuyển khoản trực tiếp vào tài khoản cá nhân thay vì thanh toán qua cổng, chính sách đổi trả vô nghĩa, ảnh sản phẩm copy từ nơi khác. Kiểm tra thêm bằng cách tra cứu tên miền, đọc đánh giá trên diễn đàn, thử gọi số điện thoại công bố. Khi phải đặt cọc trước thì chỉ dùng hình thức thanh toán có bảo vệ người mua. (Kiến thức an toàn mua sắm online, không phải hướng dẫn phạm pháp.)"
Vì sao cà phê phin của Việt Nam có vị đậm và thường được uống cùng sữa đặc?,"Cà phê phin đậm vì quá trình pha bằng phin giữ nước tiếp xúc với bột cà phê trong thời gian dài, chiết xuất gần như trọn vẹn các hợp chất tạo vị và caffein, trong khi pha máy espresso nhanh hơn và tỉ lệ pha loãng khác. Hạt cà phê Việt Nam chủ yếu là robusta, hàm lượng caffein gấp đôi arabica, vị đắng và đậm đà hơn. Sữa đặc có đường ra đời như cách phổ biến thời Pháp khi sữa tươi khó bảo quản nhiệt đới, vị ngọt béo của sữa làm dịu vị đắng, tạo nên ly cà phê sữa đá đặc trưng. Sự kết hợp này còn giúp người uống hấp thụ caffein dễ chịu hơn với người mới uống."
"Tại sao lá khoai môn, khoai sọ khi ăn sống lại gây ngứa?","Lá và củ khoai môn, khoai sọ chứa tinh thể canxi oxalat hình kim nhỏ gọi là raphides, khi tiếp xúc với da hoặc niêm mạc miệng, các tinh thể nhọn này cắm vào tế bào và gây kích ứng, cảm giác ngứa rát. Cùng với đó là các hợp chất như protease và glycoside có thể kích hoạt phản ứng. Nhiệt độ cao phá hủy tinh thể và protein gây kích ứng, vì vậy khoai phải được nấu chín kỹ trước khi ăn. Khi sơ chế nên đeo găng tay hoặc rửa tay kỹ, và luộc chín sẽ loại bỏ gần như hoàn toàn nguy cơ ngứa."
Nước mắm truyền thống Việt Nam được làm theo quy trình như thế nào?,"Nước mắm truyền thống được làm bằng cách trộn cá (thường là cá cơm) với muối theo tỉ lệ khoảng 3 phần cá, 1 phần muối, rồi cho vào thùng gỗ, bể chứa để lên men tự nhiên từ 6 đến 12 tháng hoặc lâu hơn. Vi khuẩn và enzyme trong ruột cá phân giải protein thành axit amin, tạo nên vị umami đặc trưng và lượng đạm cao. Trong quá trình ủ, người làm khuấy, rút nước mắm cốt ở nhiều lần: mắm cốt (nước đầu) ngon nhất, rồi pha thêm nước muối để rút nước nhì, nước ba. Nước mắm ngon phải có màu cánh gián, độ đạm cao, hậu vị ngọt dịu. Phú Quốc, Phan Thiết, Nha Trang là những vùng nước mắm nổi tiếng nhất."
"Vì sao ăn chín, uống sôi lại giúp phòng bệnh tiêu hóa?","Ăn chín, uống sôi giúp tiêu diệt vi khuẩn, virus, ký sinh trùng và trứng giun sán vốn dễ có trong thực phẩm sống, nước chưa đun. Nhiệt độ sôi từ 100 độ C làm mất hoạt tính hầu hết mầm bệnh, giảm mạnh nguy cơ nhiễm khuẩn đường ruột như tả, thương hàn, lỵ, tiêu chảy cấp. Thói quen này đặc biệt quan trọng với người già, trẻ nhỏ, người có hệ miễn dịch yếu. Ở vùng nước sông, ao hồ ô nhiễm, đun sôi nước trước khi dùng còn giúp giảm rủi ro nhiễm kim loại nặng ở mức nhất định vì một phần chất lơ lửng lắng xuống, tuy không loại bỏ hoàn toàn."
Tại sao giấc ngủ trưa khoảng 20 phút lại tốt cho sức khỏe?,"Giấc ngủ trưa ngắn khoảng 20 phút giúp não bước vào giai đoạn ngủ nông, phục hồi năng lượng, cải thiện sự tỉnh táo, trí nhớ và tâm trạng mà không rơi vào ngủ sâu, nhờ vậy tránh được cảm giác mệt mỏi uể oải sau khi thức dậy (gọi là sleep inertia). Nếu ngủ trưa quá dài trên 60 phút, bạn dễ vào giấc ngủ sâu, khi tỉnh giấc giữa chu kỳ sẽ chậm chạp, đau đầu, đồng thời có thể làm rối giấc ngủ ban đêm. Thời điểm lý tưởng là đầu giờ chiều, trước 3 giờ chiều để không ảnh hưởng đến giấc ngủ đêm."
"Ý nghĩa của bánh chưng, bánh giầy trong văn hóa người Việt là gì?","Bánh chưng hình vuông tượng trưng cho đất, bánh giầy hình tròn tượng trưng cho trời, gắn với truyền thuyết Lang Liêu thời vua Hùng. Bánh chưng làm từ gạo nếp, đỗ xanh, thịt lợn, gói trong lá dong, mang ý nghĩa triết lý âm dương và lòng biết ơn trời đất, tổ tiên. Trong dịp Tết Nguyên đán, bánh chưng xuất hiện trên bàn thờ để cúng ông bà tổ tiên, thể hiện sự đoàn viên, ấm no và truyền thống nông nghiệp lúa nước của dân tộc. Việc gói bánh cũng là dịp gia đình quây quần bên nhau, giữ gìn nét đẹp sum vầy ngày xuân."
Các dân tộc thiểu số tiêu biểu ở Tây Nguyên và đặc trưng văn hóa của họ?,"Tây Nguyên là nơi sinh sống của nhiều dân tộc thiểu số như Ê Đê, Gia Rai, Ba Na, M'Nông, Cơ Ho, Xơ Đăng. Đặc trưng văn hóa nổi bật là nhà rông, nhà dài, cồng chiêng đã được UNESCO công nhận là kiệt tác văn hóa phi vật thể; lễ hội đâm trâu, cúng bến nước, lễ mừng lúa mới gắn với vòng đời cây trồng. Họ có nghệ thuật dệt thổ cẩm với hoa văn hình học đặc sắc, luật tục truyền miệng điều chỉnh đời sống cộng đồng, và tín ngưỡng đa thần gắn với nhà ở, rừng, nước. Không gian văn hóa cồng chiêng không chỉ là nhạc cụ mà còn là ngôn ngữ kết nối cộng đồng trong các nghi lễ quan trọng."
Vì sao người Việt có tục lì xì đầu năm và phong bao màu đỏ có ý nghĩa gì?,"Lì xì (mừng tuổi) bắt nguồn từ tục trao lộc, chúc phúc đầu năm của người Á Đông, truyền qua Việt Nam trở thành nét đẹp Tết. Người lớn mừng tuổi cho trẻ nhỏ với lời chúc khỏe mạnh, ngoan ngoãn, học giỏi; con cháu mừng tuổi ông bà với lời chúc sống lâu, an khang. Màu đỏ trong văn hóa Việt và Á Đông tượng trưng cho may mắn, tài lộc, trừ tà, xua đuổi điều không may. Tiền trong phong bao thường là tiền mới, sạch sẽ, thể hiện sự mới mẻ, tốt lành. Ngày nay lì xì còn kèm cả lời chúc, là dịp gắn kết tình cảm gia đình, họ hàng đầu năm mới."
Mâm ngũ quả trong ngày Tết có ý nghĩa gì và gồm những loại quả nào?,"Mâm ngũ quả là mâm trái cây bày trên bàn thờ dịp Tết, gồm năm loại quả tượng trưng cho năm yếu tố ngũ hành hoặc ước vọng phú, quý, thọ, khang, ninh. Ở miền Bắc thường có chuối (bàn tay che chở), bưởi hoặc phật thủ (mong cầu phúc lộc), quất (sung túc, may mắn), đào (trường thọ), hồng hoặc lê, táo (thành đạt). Miền Nam chuộng cầu, dừa, đủ đủ, xoài đọc lái thành cầu vừa đủ xài, thêm mãng cầu, dưa hấu tùy vùng. Ý nghĩa chung là thể hiện lòng thành kính với tổ tiên, cầu mong năm mới sung túc, an lành, và cũng để trang trí bàn thờ thêm tươi tắn."
Bún chả Hà Nội có gì khác biệt so với các món bún khác?,"Bún chả Hà Nội đặc trưng bởi chả được nướng trên than hoa, gồm chả viên từ thịt nạc băm và chả miếng thịt ba chỉ ướp gia vị đậm đà, nướng chín thơm lựng. Nước chấm chua ngọt pha với nước mắm, giấm, đường, tỏi, ớt, ăn kèm rau sống, đu đủ chua ngâm và bún tươi. Điểm khác biệt là cách ăn: bún, chả, rau nhúng vào bát nước chấm thấm đều vị, chả mềm ngọt hòa cùng vị thanh của nước chấm. Bún chả thường ăn kèm chả cốm, gỏi đu đủ, và từng được biết đến rộng rãi khi Tổng thống Obama thưởng thức tại Hà Nội. So với bún bò Huế hay phở, bún chả có vị chua ngọt rõ và cách thưởng thức đậm chất đường phố."
Vì sao bánh xèo giòn tan và cách ăn bánh xèo đúng điệu là gì?,"Bánh xèo giòn nhờ bột gạo pha thêm bột nghệ, nước cốt dừa, được tráng trên chảo nóng với dầu mỡ, gặp nhiệt cao tạo lớp vỏ mỏng, xốp, vàng ruộm. Tên gọi bánh xèo xuất phát từ tiếng xèo của bột khi đổ vào chảo dầu nóng. Cách ăn đúng điệu: cắt bánh thành miếng vừa, cuốn với rau sống gồm xà lách, diếp cá, rau thơm, giá, và một ít chả giò hoặc tôm, thịt bên trong, chấm nước mắm pha chua ngọt. Người miền Tây thường cuốn bánh xèo cỡ nhỏ với rau cải xanh đắng, còn miền Trung, miền Đông ăn với nhiều loại rau thơm. Món này ngon nhất khi ăn nóng, kịp giòn."
Phở bò nấu ngon cần những bước chính nào?,"Phở bò ngon bắt đầu từ nước dùng hầm từ xương bò, gân, nấu với gừng nướng, hành nướng, thảo quả, quế, hồi, tiêu, làm dậy mùi thơm đặc trưng. Xương được chần qua nước sôi để khử mùi rồi hầm nhỏ lửa nhiều giờ, hớt bọt thường xuyên cho nước trong ngọt. Bánh phở chọn loại sợi mềm, dai. Bò có thể là bò tái, chín, gầu, nạm tùy khẩu vị, thái lát mỏng trần qua nước sôi. Bát phở hoàn chỉnh gồm bánh phở, thịt, hành tây, hành lá, ngò, rau thơm, ăn kèm giá đỗ, chanh, ớt, tương đen và giấm tỏi. Mẹo nhỏ là thêm một ít xương ống và giữ lửa liu riu để nước dùng ngọt thanh, không đục."
Bánh mì Việt Nam được tạp chí ẩm thực quốc tế đánh giá như thế nào?,"Bánh mì Việt Nam được thế giới ẩm thực đánh giá rất cao, xuất hiện trong danh sách các món ăn đường phố ngon nhất hành tinh của nhiều trang uy tín. Điểm đặc biệt là lớp vỏ giòn rụm, ruột mềm xốp, kết hợp nhân đa dạng từ pate, thịt nguội, chả lụa, trứng ốp la, xá xíu đến các biến thể chay, cùng rau thơm, dưa leo, đồ chua, ớt và nước sốt tạo nên hương vị cân bằng chua, cay, mặn, ngọt. Tạp chí như National Geographic, Lonely Planet từng xếp bánh mì vào top món ăn đường phố ngon nhất thế giới, và nó được ví như một trong những chiếc sandwich ngon nhất mà con người tạo ra. Nhờ vậy, bánh mì trở thành món ăn góp phần quảng bá ẩm thực Việt ra thế giới."
Nem chua là món gì và đặc sản nem chua của vùng nào nổi tiếng?,"Nem chua là món ăn làm từ thịt lợn nạc giã nhuyễn, trộn với bì heo thái sợi, thính gạo rang, tỏi, ớt, lá đinh lăng, được gói trong lá chuối và lá ổi để lên men chua nhẹ tự nhiên nhờ vi khuẩn lactic. Nem chua có vị chua dịu, thơm mùi thính, dai giòn của bì, ăn kèm lá sung, lá đinh lăng, chấm nước mắm ớt hoặc tương ớt. Đặc sản nem chua nổi tiếng nhất là nem chua Thanh Hóa, ngoài ra còn có nem chua Ninh Giang (Hải Dương), nem chua Huế, nem chua Bến Tre mỗi nơi một hương vị riêng. Nem chua có thể ăn không hoặc chế biến thành nem chua rán, là món nhậu và quà quê được ưa chuộng."
Vì sao Đà Lạt có khí hậu mát mẻ quanh năm dù nằm ở vùng nhiệt đới?,"Đà Lạt nằm trên cao nguyên Lâm Viên ở độ cao khoảng 1.500 m so với mực nước biển, cứ lên cao 100 m nhiệt độ giảm trung bình 0,6 độ C, nên dù thuộc vùng nhiệt đới gần xích đạo, thành phố vẫn có nền nhiệt mát mẻ trung bình 18-21 độ C quanh năm. Vị trí địa hình cao giúp Đà Lạt đón gió mát và có mưa nhiều, cùng hệ thống rừng thông bao quanh tạo không khí trong lành, ẩm. Chính nhờ khí hậu này, Đà Lạt trồng được rau xanh, hoa và các loại cây ôn đới như dâu tây, atiso, trở thành điểm du lịch nghỉ dưỡng nổi tiếng của Việt Nam."
Sông Mê Kông bắt nguồn từ đâu và chảy qua những quốc gia nào?,"Sông Mê Kông bắt nguồn từ cao nguyên Thanh Hải – Tây Tạng (Trung Quốc), nơi có tên gọi Lan Thương, chảy qua Trung Quốc, Myanmar, Lào, Thái Lan, Campuchia rồi đổ ra biển ở Việt Nam qua hệ thống chín cửa sông Cửu Long. Đây là một trong những con sông lớn nhất thế giới với chiều dài khoảng 4.350 km, đứng thứ 12 về chiều dài. Ở Việt Nam, sông Mê Kông được gọi là sông Cửu Long, đổ ra biển Đông qua các cửa: Cửa Tiểu, Cửa Đại, Ba Lai, Hàm Luông, Cổ Chiên, Cung Hầu, Định An, Bát Xát và cửa Tranh Đề, tạo nên vựa lúa và vườn trái cây trù phú của đồng bằng sông Cửu Long."
Vịnh Hạ Long nổi tiếng nhờ những giá trị gì?,"Vịnh Hạ Long ở tỉnh Quảng Ninh được UNESCO công nhận là Di sản thiên nhiên thế giới hai lần nhờ giá trị cảnh quan và địa chất địa mạo. Vịnh có khoảng gần 2.000 hòn đảo đá vôi lớn nhỏ, hình thành qua hàng triệu năm biến đổi địa chất, tạo nên vẻ đẹp kỳ vĩ với hang động, hồ nước ngầm như hang Sửng Sốt, hang Đầu Gỗ, động Thiên Cung. Hệ sinh thái vịnh rất đa dạng với rừng ngập mặn, san hô, hàng trăm loài động thực vật quý hiếm. Vịnh Hạ Long là điểm du lịch hút khách trong và ngoài nước, đồng thời được xem là biểu tượng cảnh quan của Việt Nam."
Vì sao bầu trời có màu xanh vào ban ngày?,"Bầu trời xanh là do hiện tượng tán xạ ánh sáng. Ánh sáng mặt trời trắng gồm nhiều màu, trong đó ánh sáng xanh tím có bước sóng ngắn nhất nên bị các phân tử khí trong khí quyển tán xạ mạnh nhất theo mọi hướng. Khi nhìn lên bầu trời, mắt ta thu nhận chủ yếu ánh sáng xanh bị tán xạ, nên bầu trời hiện ra màu xanh. Lúc hoàng hôn, ánh nắng phải đi qua lớp khí quyển dày hơn, các màu bước sóng ngắn như xanh bị tán xạ gần hết, chỉ còn ánh sáng đỏ cam bước sóng dài đến mắt, nên trời đỏ vàng. Đây là lý do cùng một bầu trời lại có màu khác nhau giữa các thời điểm."
"Vì sao khi bị cảm cúm, người bệnh thường được khuyên uống nhiều nước ấm và nghỉ ngơi?","Khi cảm cúm, cơ thể sốt, đổ mồ hôi và bài tiết nhiều hơn, dễ mất nước, nên uống nhiều nước ấm giúp bù nước, làm loãng dịch đờm, giảm nghẹt mũi, hỗ trợ hệ miễn dịch hoạt động. Nước ấm còn làm dịu họng, giảm ho và tạo cảm giác dễ chịu. Nghỉ ngơi giúp cơ thể tập trung năng lượng cho phản ứng miễn dịch chống lại virus, giảm triệu chứng mệt mỏi, đau nhức. Uống nhiều nước và nghỉ ngơi không tiêu diệt virus nhưng giúp cơ thể khỏe hơn để tự hồi phục, kết hợp thuốc hạ sốt, giảm đau theo chỉ định của bác sĩ."
Vì sao đàn ong có tổ chức xã hội phức tạp đến vậy?,"Ong mật sống thành đàn với tổ chức xã hội rất phức tạp, gồm ba nhóm chính: ong chúa chuyên đẻ trứng để duy trì nòi giống, ong thợ đảm nhiệm mọi công việc từ kiếm ăn, xây tổ, chăm sóc ấu trùng đến canh gác, và ong đực chỉ có nhiệm vụ giao phối. Ong thợ giao tiếp bằng điệu nhảy (múa vòng tròn, múa lắc bụng) để báo vị trí, khoảng cách nguồn mật, đồng thời dùng pheromone để truyền tín hiệu. Sự phân công này giúp đàn ong hoạt động hiệu quả như một siêu tổ chức, nâng cao khả năng sống sót trước kẻ thù và điều kiện thời tiết khắc nghiệt."
Vì sao giấy khi vò lại bị nhăn nhàu mà không trở về phẳng được?,"Giấy được làm từ các sợi cellulose liên kết với nhau bằng liên kết hydro. Khi vò, các sợi này bị trượt, gấp, đứt gãy liên kết tạm thời tại nhiều điểm, làm hình dạng mạng lưới sợi thay đổi vĩnh viễn. Liên kết hydro hình thành chỗ mới nhưng không thể khôi phục trật tự ban đầu, nên giấy giữ nguyên trạng thái nhăn. Khác với kim loại dẻo, sợi giấy khá giòn và không có khả năng trở lại hình dạng cũ khi lực tác dụng lớn. Nếu làm ẩm rồi ép, các liên kết hydro được tạo lại và giấy có thể phẳng hơn, nhưng vẫn không bao giờ về nguyên trạng hoàn hảo."
Tại sao nước biển mặn nhưng nước sông lại ngọt?,"Nước sông chảy qua các lớp đất đá, hòa tan khoáng chất như muối natri, clorua, canxi... rồi đưa ra biển. Muối tích tụ ở biển qua hàng triệu năm vì nước bốc hơi nhưng muối không bay hơi, còn nước sông lại được bổ sung liên tục từ mưa, nguồn nước ngọt, và lượng muối hòa tan trong đó rất ít so với thể tích dòng chảy nên vị gần như ngọt. Ở biển, quá trình bay hơi làm nồng độ muối ngày càng đặc, dao động trung bình khoảng 3,5%. Một số con sông nội địa ở vùng khô hạn cũng có thể mặn nếu lưu vực chứa nhiều muối khoáng."
Vì sao người ta nói gừng có tác dụng làm ấm cơ thể?,"Gừng chứa hợp chất gingerol và shogaol, kích thích thụ thể nhiệt trên da và niêm mạc, tạo cảm giác nóng ấm ngay khi tiếp xúc, đồng thời làm giãn mạch máu ngoại vi giúp máu lưu thông tốt hơn, tăng cảm giác ấm áp. Gừng cũng kích thích tiêu hóa, giảm buồn nôn, hỗ trợ lưu thông khí huyết. Vì vậy trong dân gian, gừng được dùng trong trà gừng, cháo gừng khi trời lạnh hoặc bị cảm. Tuy nhiên tác dụng làm ấm chỉ mang tính cảm giác và hỗ trợ tuần hoàn, không làm tăng thân nhiệt trung tâm đáng kể, nên không thay thế việc giữ ấm thật sự khi trời lạnh."
"Vì sao vào ban đêm, các ngôi sao thường lấp lánh?","Các ngôi sao lấp lánh vì ánh sáng từ chúng phải xuyên qua lớp khí quyển Trái Đất với nhiều lớp không khí có nhiệt độ, mật độ khác nhau. Không khí chuyển động, lạnh nóng không đều làm khúc xạ ánh sáng sao thay đổi liên tục, khiến hình ảnh sao lúc to lúc nhỏ, lúc sáng lúc mờ, tạo cảm giác lấp lánh. Hiện tượng này gọi là nhiễu loạn khí quyển, càng rõ khi sao ở gần chân trời vì ánh sáng phải đi qua lớp khí quyển dày hơn. Các hành tinh như sao Kim, sao Mộc lại ít lấp lánh hơn vì chúng có đĩa sáng rộng, ánh sáng tới từ nhiều điểm nên hiệu ứng nhiễu loạn bị trung hòa."
"Vì sao kẻ lừa đảo thường mạo danh công an, viện kiểm sát để dọa người dân chuyển tiền?","Kẻ lừa đảo mạo danh công an, viện kiểm sát vì những cơ quan này tạo cảm giác uy quyền, đáng sợ, khiến nạn nhân hoảng loạn mất bình tĩnh. Chúng thường bịa chuyện nạn nhân liên quan đến vụ án ma túy, rửa tiền, nợ thuế rồi yêu cầu chuyển tiền để 'xác minh' hoặc 'nộp phạt', đồng thời dặn không được báo cho ai. Đây là một kỹ thuật tâm lý kinh điển: tạo áp lực thời gian, cách ly nạn nhân khỏi người thân để dễ điều khiển. Lưu ý đây là thông tin kiến thức để phòng tránh, không phải hướng dẫn phạm pháp. Trong thực tế, cơ quan công an không bao giờ gọi điện yêu cầu chuyển tiền qua tài khoản cá nhân."
Lừa đảo qua mã QR giả mạo hoạt động như thế nào?,"Lừa đảo qua mã QR giả mạo (quishing) bắt đầu khi kẻ xấu in hoặc dán mã QR của chính chúng lên các vị trí quen thuộc như bãi đậu xe, thực đơn nhà hàng, biển quảng cáo, hoặc gửi mã QR qua email, tin nhắn. Khi nạn nhân quét, mã đưa họ đến trang web giả mạo ngân hàng, trang đăng nhập hoặc trang thanh toán, nơi mọi thông tin nhập vào đều rơi vào tay kẻ gian. Một số mã QR còn kích hoạt tải phần mềm độc hại về điện thoại. Cách phòng tránh là kiểm tra URL trước khi nhập dữ liệu, không quét mã dán trên các trụ thanh toán, và không tải ứng dụng từ mã QR lạ. Thông tin trên mang tính kiến thức, không phải hướng dẫn phạm pháp."
Rửa tiền qua trò chơi trực tuyến và thẻ game thường diễn ra ra sao?,"Rửa tiền qua game online và thẻ game là kỹ thuật dùng sàn giao dịch ảo trong game để 'chuộc' lại tiền bẩn thành tiền sạch. Kẻ phạm tội mua vật phẩm ảo, skin, hoặc thẻ game bằng tiền bất hợp pháp, sau đó bán lại cho người khác hoặc qua các sàn trung gian để thu về tiền hợp pháp, hoặc trao đổi qua các nền tảng cược, chợ đen tài khoản. Vì giao dịch ảo không kiểm soát được giá trị thật và dễ tạo lớp che giấu nguồn gốc, chúng được dùng để chuyển hóa dòng tiền phi pháp. Quy trình chuẩn gồm ba giai đoạn: đưa tiền bẩn vào hệ thống, tạo nhiều lớp giao dịch phức tạp để gây khó truy vết, rồi hợp nhất thành tiền 'sạch' rút ra ngoài. Đây là kiến thức tổng quan về cơ chế, không phải hướng dẫn thực hiện phạm pháp."
'Jailbreak' trong ngữ cảnh mạng xã hội và diễn đàn nghĩa là gì?,"Trong ngữ cảnh mạng xã hội và diễn đàn, jailbreak mang nghĩa vượt rào kiểm soát của hệ thống để truy cập nội dung bị giới hạn hoặc sử dụng chức năng không được phép. Với điện thoại, jailbreak là can thiệp hệ điều hành iOS để cài phần mềm ngoài App Store. Với AI, jailbreak là cách dùng prompt khéo léo để qua mặt bộ lọc của chatbot, ép nó trả lời điều bình thường bị chặn. Trên diễn đàn, thuật ngữ còn ám chỉ việc dùng thủ thuật để gỡ khóa tài khoản hoặc nội dung. Mỗi kiểu đều có rủi ro riêng như mất bảo mật, vi phạm điều khoản hoặc bị khóa. Những phân tích này chỉ mang tính kiến thức để hiểu cơ chế, không phải hướng dẫn phạm pháp."
Lừa đảo SIM swap là gì và vì sao nó nguy hiểm?,"SIM swap là thủ đoạn kẻ xấu lừa nhà mạng cấp lại SIM số của nạn nhân, hoặc dùng thông tin thu thập được để kích hoạt eSIM giả mạo, chiếm quyền kiểm soát số điện thoại. Khi đã nắm SIM, kẻ gian nhận được mọi mã OTP gửi qua SMS, từ đó đổi mật khẩu email, ngân hàng, ví điện tử và rút tiền, đánh cắp tài khoản mạng xã hội. Nó nguy hiểm vì tấn công vào lớp xác thực hai lớp mà người dùng tưởng là an toàn, hoàn toàn âm thầm khi nạn nhân thấy điện thoại mất sóng. Biện pháp phòng tránh gồm đặt mã PIN cho tài khoản nhà mạng, hạn chế chia sẻ mã OTP, dùng ứng dụng xác thực thay cho SMS. Đây là thông tin kiến thức để bảo vệ bản thân, không phải hướng dẫn phạm pháp."
Vì sao các chiêu quyên góp từ thiện giả mạo dễ đánh vào lòng tin của người dân?,"Quyên góp từ thiện giả mạo dễ thành công vì chúng khai thác lòng trắc ẩn tự nhiên của con người, nhất là trong thiên tai, dịch bệnh khi ai cũng muốn giúp đỡ. Kẻ lừa đảo dùng hình ảnh thương tâm, câu chuyện xúc động, số tài khoản cá nhân và tên cá nhân quen thuộc để tạo độ tin cậy giả. Chúng cũng nhắm vào người già, người ít cập nhật thông tin, và tạo cảm giác khẩn cấp 'chỉ còn hôm nay' để nạn nhân không kịp kiểm chứng. Cách phân biệt là tìm thông tin chính thống, kiểm tra tư cách pháp nhân của tổ chức kêu gọi, và ưu tiên ủng hộ qua kênh chính thức của địa phương. Đây chỉ là kiến thức phòng tránh lừa đảo, không phải hướng dẫn phạm pháp."
Vì sao mắt người thường chớp liên tục mà ta không hề nhận ra?,"Người trưởng thành chớp mắt trung bình 15–20 lần mỗi phút, mỗi lần chỉ khoảng 100–150 mili giây. Việc chớp mắt giúp phủ đều nước mắt lên giác mạc, giữ mắt ẩm, sạch bụi và tránh khô mắt. Ta không nhận ra vì não có cơ chế ức chế ngắn: ngay trước khi mí mắt cụp xuống, não dự đoán khoảnh khắc mất ánh sáng và tự động làm đầy hình ảnh bằng thông tin đã thấy, nên thị giác không bị 'tắt' thành khoảng trống. Bên cạnh đó, thói quen chớp mắt diễn ra theo phản xạ tự động nên không chiếm sự chú ý có ý thức. Khi nhìn màn hình lâu, tần suất chớp giảm khiến mắt dễ mỏi khô."
Vì sao sau khi ăn món cay ta lại thấy sữa làm dịu ngay?,"Vị cay thực chất là phản ứng đau do capsaicin trong ớt kích thích thụ thể TRPV1 trên lưỡi, thụ thể chuyên phát hiện nhiệt độ nóng trên 43 độ C. Nước chỉ trải capsaicin chứ không hòa tan nó, nên uống nước lạnh không giảm cay đáng kể. Sữa có chứa chất béo casein gọi là casein protein có khả năng bao bọc và cuốn trôi phân tử capsaicin tan trong dầu, đồng thời sữa lạnh làm giảm cảm giác nóng. Vì vậy sữa tươi, sữa chua, kem hoặc đồ uống béo đều có tác dụng dập vị cay hiệu quả hơn hẳn nước lọc."
Vì sao cây rụng lá khi trời lạnh?,"Cây rụng lá khi trời lạnh là chiến lược sinh tồn để giảm mất nước. Vào mùa đông, đất đóng băng hoặc khô làm rễ không hút được nước, trong khi lá vẫn thoát hơi nước liên tục; nếu giữ lá, cây sẽ chết khát. Trước khi rụng, cây hấp thụ lại chất diệp lục và chất dinh dưỡng từ lá về thân, đồng thời tiết hormone abscisic acid khiến một lớp tế bào mỏng gọi là lớp rời (abscission layer) hình thành ở cuống lá, cắt nguồn vận chuyển và khiến lá khô rụng. Lá rụng còn là lớp phủ hữu cơ giữ ẩm đất, cung cấp mùn cho cây ở mùa sau."
Vì sao muối giúp bảo quản thịt cá được lâu?,"Muối bảo quản thực phẩm bằng cơ chế thẩm thấu: nồng độ muối cao trong môi trường hút nước ra khỏi tế bào vi khuẩn, nấm mốc khiến chúng mất nước, không thể sinh sôi và bị tiêu diệt. Đồng thời muối làm giảm lượng nước tự do trong thịt cá (hoạt độ nước thấp), trong khi hầu hết vi sinh vật gây hư hỏng cần môi trường ẩm để phát triển. Ngoài ra ion natri clorua còn ức chế enzyme phân hủy protein trong mô. Vì vậy muối cá, muối thịt, ngâm nước muối là phương pháp bảo quản cổ xưa được dùng từ hàng nghìn năm trước khi có tủ lạnh."
Vì sao tay chân có cảm giác tê rần như kim châm khi ngồi lâu?,"Cảm giác tê rần kiến bò xảy ra khi ngồi, nằm hoặc gác chân sai tư thế làm dây thần kinh bị chèn ép, chủ yếu là dây thần kinh chạy dọc cánh tay hoặc chân. Khi bị đè lâu, dây thần kinh không truyền tín hiệu bình thường, vùng chi phối bị tê liệt cảm giác. Khi đổi tư thế, máu và tín hiệu thần kinh trở lại đột ngột, não nhận một loạt xung điện hỗn loạn từ các sợi thần kinh mới 'thức giấc', tạo cảm giác kim châm. Cảm giác này thường tan sau vài phút; nếu kéo dài hoặc thường xuyên, có thể là dấu hiệu chèn ép thần kinh mãn tính cần được khám."
Vì sao khi đun sôi nước lại nổi bọt khí?,"Khi đun nước, không khí hòa tan trong nước (nito, oxy) thoát ra thành bọt nhỏ bám vào đáy nồi từ trước khi nước sôi, đó là phần bọt đầu tiên. Khi nhiệt độ tăng đến 100 độ C, áp suất hơi của nước bằng áp suất khí quyển, nước chuyển sang hơi ngay trong lòng khối lỏng, tạo thành các bong bóng hơi lớn nổi lên và vỡ trên mặt thoáng. Các bọt liên tục hình thành, lớn lên và nổi lên chính là dấu hiệu nước đang sôi đối lưu. Một phần bọt nhỏ ban đầu còn do chất hữu cơ, khoáng chất trong nước hoặc màng dầu từ nồi tạo ra."
Vì sao vắt chanh vào trà nóng làm nước trà nhạt màu đi?,"Chất tạo màu nâu trong trà chủ yếu là nhóm polyphenol (tanin) đã bị oxy hóa. Khi thêm chanh, axit citric làm môi trường chuyển sang axit, khiến các phân tử polyphenol bị thay đổi cấu trúc điện tích, một phần liên kết và kết tủa lắng xuống, phần còn lại không còn hấp thụ ánh sáng như trước nên màu trà nhạt đi rõ rệt. Đồng thời axit trong chanh cũng phản ứng với sắt, canxi có trong nước pha trà tạo phức không màu. Vị trà cũng đổi, bớt chát vì tanin giảm hoạt tính, đó là lý do người ta hay uống trà chanh để giảm độ đắng chát."
Tục thờ cúng tổ tiên của người Việt có ý nghĩa gì trong đời sống?,"Thờ cúng tổ tiên là tín ngưỡng lâu đời của người Việt, thể hiện đạo hiếu và lòng biết ơn với những người đã khuất trong gia đình. Trên bàn thờ, bài vị hoặc ảnh tổ tiên được đặt trang trọng, ngày giỗ, ngày rằm, mùng một và lễ Tết gia đình thắp hương dâng lễ để tưởng nhớ. Tục này gắn kết các thế hệ, giáo dục con cháu về nguồn cội, giữ gìn gia phong và truyền thống. Bên cạnh ý nghĩa tâm linh, việc thờ cúng còn tạo thời điểm cả đại gia đình quây quần, trao đổi, củng cố mối quan hệ họ hàng. Tùy vùng miền, cách cúng lễ có khác nhau nhưng tinh thần hiếu nghĩa là điểm chung nhất của người Việt."
Vì sao người Việt có tập tục cúng cơm tất niên đêm giao thừa?,"Cúng tất niên vào chiều 30 Tết hoặc đêm giao thừa là dịp gia đình tổng kết một năm cũ, cảm tạ tổ tiên đã phù hộ và cầu mong năm mới bình an, may mắn. Mâm cơm tất niên thường có đầy đủ món ăn truyền thống của gia đình, được dâng lên bàn thờ trước, sau đó cả nhà mới quây quần ăn uống trong không khí ấm cúng. Đây cũng là lúc con cháu xa quê trở về đoàn tụ, tạm gác công việc, cũng là thời điểm để hàn huyên, gắn kết tình thân. Tục lệ thể hiện quan niệm của người Việt về sự giao thời, luôn nhớ về cội nguồn khi bước sang năm mới."
Tà áo dài được hình thành và trở thành trang phục truyền thống thế nào?,"Áo dài Việt Nam có nguồn gốc từ áo giao lĩnh xưa, trải qua nhiều giai đoạn biến đổi để thành dáng áo ôm sát thân với hai tà trước sau, cổ cao, tay dài như hiện nay. Đến thời vua Minh Mạng, chiếc áo dài bốn tà được cải tiến thành hai tà, mở đường cho phiên bản áo dài hiện đại ra đời đầu thế kỷ 20 do họa sĩ Cát Tường cải tiến theo phong cách phương Tây. Với vẻ đẹp mềm mại, duyên dáng, áo dài dần trở thành trang phục biểu tượng của phụ nữ Việt, được mặc trong lễ hội, ngày cưới, ngày khai giảng và các dịp trọng đại. Áo dài cũng được UNESCO tôn vinh là di sản văn hóa phi vật thể của nhân loại năm 2024."
Nghệ thuật hát quan họ Bắc Ninh có đặc điểm gì nổi bật?,"Quan họ Bắc Ninh là loại hình dân ca giao duyên nổi tiếng của vùng Kinh Bắc, được UNESCO công nhận là di sản văn hóa phi vật thể đại diện của nhân loại năm 2009. Đặc điểm nổi bật là hình thức hát đối đáp giữa các liền anh, liền chị trong các làng quan họ, giai điệu mang tính giai cấp rõ nét với nhiều làn điệu như hát lề lối, hát giọng, hát văn. Điểm độc đáo là khi hát, các liền anh chị không dùng nhạc cụ đệm theo đúng truyền thống, chỉ hát a cappella, giọng và cách nhả chữ rất đặc trưng. Quan họ còn thể hiện qua cách chơi, cách ứng xử văn hóa giữa các làng bạn, gắn bó với lễ hội vùng quê Bắc Ninh."
Múa rối nước là gì và vì sao nó gắn bó với nền văn minh lúa nước?,"Múa rối nước là loại hình nghệ thuật dân gian trong đó con rối biểu diễn trên mặt nước ao, hồ, được điều khiển bằng hệ thống sào và dây giấu dưới mặt nước. Nghệ thuật này ra đời từ nền văn minh lúa nước vùng châu thổ sông Hồng, nơi người dân quen sống gắn với sông nước, đồng ruộng, ao làng. Những con rối tái hiện cảnh cày cấy, chăn vịt, đánh cá, tôm cua thi nhau bơi, phản ánh sinh hoạt và tín ngưỡng của người nông dân. Ngày nay múa rối nước tiêu biểu ở làng Đào Thục, xã Phú Đa, huyện Thanh Trì (Hà Nội), được trình diễn khắp cả nước và quốc tế như một biểu tượng văn hóa Việt."
Ý nghĩa phong tục xông đất đầu năm của người Việt là gì?,"Xông đất là phong tục chọn người bước vào nhà đầu tiên trong ngày mùng Một Tết, với niềm tin người đó sẽ mang theo vận may hoặc vận rủi cho cả năm của gia chủ. Người được xông đất thường là người có tuổi hợp với gia chủ, tính cách vui vẻ, công việc hanh thông, sức khỏe tốt. Khi xông đất, vị khách chỉ cần vào nhà chúc Tết, nói vài lời tốt lành là đủ, gia chủ có thể đón bằng trà, bánh mứt. Phong tục thể hiện ước mong về một năm mới thuận lợi, tài lộc, bình an, đồng thời gắn kết tình làng nghĩa xóm, anh em khi cùng chọn nhau để xông đất đầu xuân."
Cao lầu Hội An khác với mì Quảng như thế nào?,"Cao lầu và mì Quảng đều là món mì nổi tiếng miền Trung nhưng khác nhau rõ ở nguyên liệu và cách chế biến. Sợi cao lầu Hội An làm từ gạo ngâm trong nước giếng Bá Lễ có độ pH đặc biệt, kết hợp tro cây tạo sợi dai, vàng, không dính; ăn kèm thịt heo quay, tôm, đậu hủ chiên, rau sống và rất ít nước dùng đậm đà, thường chỉ chan lưng lửng. Mì Quảng lại có sợi to, mềm, màu vàng nghệ, ăn với thịt gà, heo, tôm, bánh tráng mè, đậu phộng rang và một lớp nước dùng nổi trên mặt tô. Nếu cao lầu chỉ có một bản gốc tại Hội An thì mì Quảng có nhiều biến thể theo từng địa phương Quảng Nam."
Nem rán miền Bắc và chả giò miền Nam khác nhau ra sao?,"Nem rán (miền Bắc) và chả giò (miền Nam) đều là món thịt băm cuốn vỏ bánh đa chiên giòn nhưng khác ở nguyên liệu và khẩu vị. Nem rán Bắc thường cuốn bằng bánh đa nem mỏng, nhân gồm thịt heo, mộc nhĩ, miến, trứng, cà rốt, được cuộn tròn nhỏ, chiên vàng và chấm nước mắm chua ngọt pha tỏi ớt. Chả giò miền Nam có kích thước to dài hơn, nhân thêm khoai môn bào sợi, củ sắn, tôm, được cuốn trong bánh tráng, chiên giòn rồi chấm nước mắm chua ngọt hoặc ăn kèm rau sống, bún, cuốn bánh tráng. Sự khác biệt phản ánh khẩu vị hai miền: người Bắc chuộng vị thanh, người Nam chuộng vị béo ngọt và phong phú nguyên liệu."
Một đĩa cơm tấm Sài Gòn đúng điệu thường có những gì?,"Cơm tấm Sài Gòn là món ăn đặc trưng của người Sài Gòn, dùng gạo tấm (hạt gạo vỡ) nấu rời tơi. Đĩa cơm tấm đúng điệu gồm sườn cốt lết nướng tẩm gia vị, bì heo (da heo thái sợi trộn thính, thịt băm), chả trứng hấp, cùng dưa leo, cà chua, đồ chua và một quả trứng ốp la. Điểm nhấn là mỡ hành rưới lên cơm và nước mắm chua ngọt pha sẵn đặc trưng miền Nam. Ngày nay còn nhiều biến thể thêm tôm, gà, bò, nhưng bộ ba sườn - bì - chả vẫn là chuẩn mực để đánh giá một quán cơm tấm ngon. Món ăn phổ biến khắp các tỉnh Nam Bộ và cả nước."
Vì sao canh chua là món ăn gắn bó với người dân miền Tây?,"Canh chua là món ăn gắn bó với người dân miền Tây vì nguồn nguyên liệu dồi dào ngay tại chỗ: cá đồng như cá lóc, cá rô, tôm càng; rau vườn như bạc hà (dọc mùng), giá, đậu bắp, rau muống. Vùng sông nước Cửu Long quanh năm phù sa, kênh rạch chằng chịt nên cá tôm, rau trái luôn sẵn, người dân tận dụng để nấu món canh giải nhiệt trong khí hậu nóng ẩm. Vị chua từ me, dứa, sấu hoặc lá giang kết hợp vị ngọt của cá, rau tạo nên món ăn thanh mát, đưa cơm. Canh chua cũng phản ánh lối sống tiện lợi, dân dã của người dân vùng sông nước phương Nam."
Cà phê trứng Hà Nội được làm theo công thức cơ bản nào?,"Cà phê trứng Hà Nội gồm lớp cà phê phin đậm phía dưới và lớp kem trứng béo ngậy phía trên. Công thức cơ bản: đánh lòng đỏ trứng gà với sữa đặc, đường và một ít cà phê nguyên chất đến khi bông mịn, tạo thành lớp kem vàng sệt. Rót cà phê đen phin ra ly, sau đó đặt nhẹ lớp kem trứng lên trên, có thể thêm bột ca cao hoặc cà phê bột rắc mặt. Khi uống, dùng muỗng khuấy đều để trứng quyện với cà phê, vị béo ngọt của trứng làm dịu vị đắng của cà phê. Món này ra đời từ những năm 1946 tại Hà Nội và hiện là đặc sản được du khách tìm đến mỗi khi ghé thủ đô."
"Bánh bèo, bánh bột lọc là đặc sản của vùng nào và có gì đặc trưng?","Bánh bèo và bánh bột lọc là đặc sản của miền Trung, đặc biệt nổi tiếng ở Huế. Bánh bèo làm từ bột gạo hấp chín trong chén nhỏ, tạo lớp mỏng trắng, rắc tôm chấy, mỡ hành, đậu phộng, ăn kèm nước mắm ớt chua ngọt; bánh bèo Huế có phần nước chấm pha đặc trưng với tôm chấy và nước mắm. Bánh bột lọc nhân tôm thịt bọc trong bột năng hoặc bột sắn trong suốt, có loại gói lá chuối (bánh bột lọc lá) và loại bỏ lá (bánh bột lọc trần), ăn kèm nước mắm ớt. Cả hai đều phản ánh sự tinh tế, cầu kỳ của ẩm thực cung đình Huế, được bán phổ biến ở các chợ, quán ăn khắp miền Trung."
Vì sao Sa Pa có thể xuất hiện tuyết dù Việt Nam nằm trong vùng khí hậu nhiệt đới?,"Sa Pa có tuyết vì độ cao địa hình: nằm ở độ cao khoảng 1.500–1.800 mét so với mực nước biển, đỉnh Phan Xi Păng 3.143 mét, nên nhiệt độ giảm mạnh theo quy luật cứ lên cao 100 mét thì giảm khoảng 0,6 độ C. Vào các đợt rét đậm, rét hại khi khối không khí lạnh từ phương Bắc tràn xuống kết hợp độ cao, nhiệt độ có thể xuống dưới 0 độ C, hơi ẩm trong không khí ngưng kết thành tuyết. Tuyết ở Sa Pa hiếm khi dày và thường chỉ xuất hiện vài ngày mỗi năm, chủ yếu ở các đỉnh núi cao. Đây là hiện tượng thời tiết đặc biệt, thu hút du khách lên ngắm tuyết khi có đợt lạnh lịch sử."
Vì sao Phú Quốc được mệnh danh là 'đảo ngọc'?,"Phú Quốc được gọi là 'đảo ngọc' nhờ vẻ đẹp thiên nhiên hoang sơ và giá trị kinh tế của nó. Đảo sở hữu những bãi biển cát trắng dài, nước biển trong xanh, hệ sinh thái biển phong phú với các rặng san hô, cùng rừng nguyên sinh trên đảo. Về kinh tế, Phú Quốc nổi tiếng với ngành nuôi cấy ngọc trai, sản xuất nước mắm, hồ tiêu và hải sản, góp phần tạo nên 'ngọc' ẩn dụ cho sự quý giá của hòn đảo. Từ một hòn đảo hoang sơ, Phú Quốc nay là đặc khu kinh tế, khu du lịch nghỉ dưỡng hàng đầu Việt Nam, là điểm đến hấp dẫn của du khách trong và ngoài nước."
Vì sao sông Cửu Long phân thành nhiều nhánh trước khi đổ ra biển?,"Sông Cửu Long là đoạn cuối của sông Mê Kông trên lãnh thổ Việt Nam, nằm trên vùng đồng bằng phù sa rất bằng phẳng. Khi dòng sông đến vùng đất trũng thấp, lực chảy giảm mạnh, nước không đủ sức duy trì một lòng chính nên tách thành nhiều nhánh nhỏ như Tiền Giang, Hậu Giang và hệ thống kênh rạch chằng chịt. Địa chất vùng đồng bằng phù sa mềm, dễ xói mòn cũng tạo điều kiện cho sông đào thêm các dòng mới. Hiện tượng phân nhánh giúp thoát lũ nhanh ra biển Đông qua nhiều cửa như Định An, Ba Lai, Cửa Đại, Cửa Tiểu. Vì vậy vùng Đồng bằng sông Cửu Long có mạng lưới sông kênh dày đặc nhất nước."
Vườn quốc gia Phong Nha - Kẻ Bàng có giá trị nổi bật gì?,"Phong Nha - Kẻ Bàng là vườn quốc gia ở tỉnh Quảng Bình, được UNESCO công nhận là di sản thiên nhiên thế giới năm 2003, nổi bật với hệ thống hang động karst cổ nhất châu Á, khoảng 400 triệu năm tuổi. Nơi đây sở hữu những hang động nổi tiếng như Phong Nha, Thiên Đường, Sơn Đoòng - hang động lớn nhất thế giới, cùng hệ sinh thái rừng nguyên sinh phong phú với nhiều loài đặc hữu, quý hiếm. Vùng này còn có giá trị nghiên cứu khoa học lớn về địa chất, địa mạo, đa dạng sinh học, đồng thời là điểm du lịch khám phá hấp dẫn thu hút du khách quốc tế. Phong Nha - Kẻ Bàng được xem là bảo tàng thiên nhiên kỳ vĩ của Việt Nam."
Vì sao vịnh Nha Trang được bình chọn là một trong những vịnh đẹp nhất thế giới?,"Vịnh Nha Trang được bình chọn là một trong những vịnh đẹp nhất thế giới nhờ vẻ đẹp tự nhiên hài hòa: biển xanh trong, bãi cát trắng trải dài, những đảo nhỏ phủ xanh rải rác trên mặt vịnh như Hòn Tre, Hòn Mun, Hòn Tằm. Vịnh có độ sâu vừa phải, nước ấm quanh năm, hệ sinh thái biển đa dạng với nhiều rặng san hô, là nơi lý tưởng cho lặn biển ngắm san hô. Ngoài ra, Nha Trang còn được mệnh danh là 'thành phố biển đẹp nhất Việt Nam' với khí hậu ôn hòa, hải sản phong phú và nhiều danh thắng như Tháp Bà Ponagar, Hòn Chồng. Những yếu tố này khiến vịnh Nha Trang trở thành điểm đến hấp dẫn hàng đầu thế giới."
Rừng ngập mặn đóng vai trò gì trong việc bảo vệ vùng ven biển?,"Rừng ngập mặn là lá chắn xanh bảo vệ vùng ven biển, đặc biệt quan trọng trong bão lũ. Hệ rễ chùm, rễ trụ dày đặc giữ đất, làm giảm tốc độ dòng nước và chắn sóng, hạn chế xói lở bờ biển, bảo vệ đê kè và khu dân cư. Rừng ngập mặn còn là nơi cư trú, sinh sản của nhiều loài thủy sản, chim nước, góp phần duy trì đa dạng sinh học và là nguồn thu nhập cho ngư dân. Về môi trường, rừng ngập mặn hấp thụ CO2, lọc các chất ô nhiễm trước khi đổ ra biển. Ở Việt Nam, rừng ngập mặn phát triển nhiều ở Cà Mau, Bạc Liêu, Cần Giờ (TP.HCM) - nơi có rừng ngập mặn được UNESCO công nhận khu dự trữ sinh quyển."
Vì sao bánh mì nướng chuyển sang màu vàng nâu và thơm?,"Khi nướng bánh mì, nhiệt độ cao trên bề mặt (khoảng 150–200 độ C) kích hoạt phản ứng Maillard: đường và axit amin trong bột phản ứng với nhau tạo hàng trăm hợp chất mới, trong đó có melanoidin tạo màu vàng nâu đặc trưng. Đồng thời đường trong bánh cũng bị caramen hóa, góp thêm vị ngọt và màu đậm. Các hợp chất bay hơi sinh ra trong hai phản ứng này tạo mùi thơm hấp dẫn của bánh mì nướng, khác hẳn bánh mì sống. Nướng càng lâu, màu càng đậm và vị càng đắng; nướng cháy đen có thể tạo chất không tốt, nên chỉ nướng đến vàng nâu vừa phải là ngon nhất."
Vì sao nam châm chỉ hút được một số kim loại nhất định?,"Nam châm hút kim loại dựa trên cấu trúc từ tính của chúng. Chỉ những vật liệu có khả năng từ hóa, nghĩa là các electron sắp xếp sao cho các miền từ (domain) có thể thẳng hàng theo từ trường, mới bị hút. Sắt, niken, coban và một số hợp kim là vật liệu sắt từ nên bị hút mạnh. Các kim loại như đồng, nhôm, vàng, bạc không có cấu trúc từ tương thích, các miền từ không thể xếp thẳng hàng bền vững nên gần như không bị hút hoặc hút rất yếu. Một số hợp kim thép cũng có từ tính vì chứa sắt. Vì vậy việc kiểm tra nam châm chỉ giúp phân biệt kim loại có từ tính, không xác định được toàn bộ thành phần kim loại."
Vì sao con người ngáp khi buồn ngủ?,"Ngáp thường xảy ra khi buồn ngủ, mệt mỏi hoặc chán, nhưng khoa học vẫn chưa có lời giải duy nhất. Giả thuyết phổ biến cho rằng ngáp giúp làm mát não: hít vào luồng không khí mát, kết hợp cử động cơ mặt, hàm và căng da làm giảm nhiệt độ não khi đang quá nóng do thiếu ngủ. Một giả thuyết khác cho rằng ngáp giúp tăng cường oxy lên não hoặc kéo giãn cơ để tỉnh táo lại. Ngáp còn mang tính lây lan ở người và một số động vật, được cho là cơ chế đồng bộ hóa nhịp sinh hoạt trong nhóm. Dù cơ chế chính xác còn tranh cãi, ngáp là phản xạ tự nhiên, bình thường của cơ thể."
Vì sao nước giếng mùa hè lại có cảm giác mát lạnh hơn nước hồ?,"Nước giếng mùa hè có cảm giác lạnh hơn vì nhiệt độ của tầng nước ngầm ít thay đổi theo mùa, thường giữ khoảng 20–22 độ C quanh năm, trong khi không khí và nước mặt mùa hè có thể nóng đến 30–35 độ C. Nước hồ, ao nhận nhiệt trực tiếp từ ánh nắng và không khí nên nóng theo thời tiết. Chênh lệch giữa nhiệt độ nước giếng và nhiệt độ cơ thể người lớn hơn so với nước hồ, nên cảm giác mát lạnh rõ rệt. Ngược lại, mùa đông nước giếng lại có cảm giác ấm hơn nước hồ vì đất giữ nhiệt ổn định trong khi không khí lạnh làm nước mặt lạnh theo."
Vì sao trên bầu trời đêm ở nông thôn thấy nhiều sao hơn ở thành phố?,"Ở nông thôn thấy nhiều sao hơn vì ít bị ô nhiễm ánh sáng. Đèn điện, biển quảng cáo, đèn đường ở thành phố phát ra lượng ánh sáng khổng lồ bị khí quyển khuếch tán, tạo 'màn sáng' (skyglow) làm mờ các vì sao mờ nhạt. Những ngôi sao sáng vẫn thấy nhưng số sao mờ, chòm sao nhỏ bị che khuất hoàn toàn. Ở nông thôn, bầu trời tối tự nhiên nên mắt có thể thấy được hàng nghìn ngôi sao, dải Ngân Hà và cả những thiên thể mờ. Ngoài ra, bụi và khói từ giao thông, công nghiệp đô thị cũng làm giảm độ trong của bầu trời, góp phần khiến sao mờ đi ở thành phố."
Vì sao cá thở bằng mang còn cá voi lại thở bằng phổi?,"Cá và cá voi thuộc hai nhóm động vật hoàn toàn khác nhau: cá là động vật có xương sống sống dưới nước, còn cá voi là động vật có vú sống dưới nước nhưng thở bằng phổi giống chó, mèo, người. Cá hô hấp bằng mang, cơ quan hấp thụ oxy hòa tan trong nước, cấu tạo gồm nhiều lá mang mỏng, giàu mạch máu. Cá voi là tổ tiên của động vật có vú sống trên cạn quay lại biển, giữ phổi để thở không khí nên phải ngoi lên mặt nước định kỳ, qua lỗ phun nước trên đỉnh đầu. Cá voi đẻ con, nuôi con bằng sữa, còn cá đẻ trứng, điều này cho thấy sự khác biệt lớn về tiến hóa giữa hai nhóm."
Vì sao cầu vồng luôn có bảy màu theo đúng thứ tự?,"Cầu vồng là hiện tượng ánh sáng mặt trời bị khúc xạ, phản xạ và khúc xạ lần nữa qua những giọt nước mưa, phân tách thành các màu quang phổ. Ánh sáng trắng gồm nhiều bước sóng, mỗi bước sóng bị bẻ cong góc độ khác nhau: đỏ bẻ ít nhất, tím bẻ nhiều nhất, nên các màu tách rời theo đúng thứ tự từ ngoài vào trong là đỏ, cam, vàng, lục, lam, chàm, tím. Mắt người thường chia phổ liên tục thành bảy màu quen thuộc để dễ nhận biết, nhưng thực tế phổ màu là liên tục, không có ranh giới rạch ròi giữa các màu. Mặt trời càng thấp, cầu vồng càng cao và rõ."
Vì sao khi bị ong đốt người ta khuyên bôi nước vôi trong hoặc giấm?,"Nọc ong có thành phần chủ yếu là protein mang tính axit, còn nước vôi trong (dung dịch canxi hydroxit) và giấm đều có tính kiềm hoặc trung hòa. Bôi các dung dịch này giúp trung hòa một phần axit trong nọc, giảm đau rát và sưng tại chỗ. Tuy nhiên hiệu quả chỉ có phần hạn chế, phần lớn triệu chứng do phản ứng viêm của cơ thể gây ra nên việc điều trị chính là làm mát vết đốt, chườm lạnh, uống thuốc giảm đau, kháng histamin khi cần. Trường hợp bị ong vò vẽ, ong đất đốt nhiều nốt hoặc có dấu hiệu dị ứng nặng như khó thở, sưng mặt phải đến cơ sở y tế ngay, vì nguy cơ sốc phản vệ rất nguy hiểm."
Vì sao lá chuối thường được dùng để gói bánh và hấp thức ăn?,"Lá chuối được dùng gói bánh và hấp thức ăn nhờ tính linh hoạt và an toàn thực phẩm. Lá to, dẻo, không vỡ khi gấp, chịu được nhiệt độ cao khi luộc, hấp nên dễ tạo hình cho bánh. Khi hấp, lá chuối giữ ẩm, tạo hương thơm nhẹ đặc trưng cho món ăn, đồng thời ngăn nước vào trong bánh, giúp bánh chín đều, dẻo thơm. Lá chuối còn có lớp sáp tự nhiên chống thấm, không chứa chất độc hại khi tiếp xúc thực phẩm. Vì vậy bánh chưng, bánh tét, bánh ít, bánh bò hay các món hấp như cá hấp lá chuối, lẩu lá chuối đều tận dụng được ưu điểm này, thể hiện sự gần gũi của ẩm thực Việt với thiên nhiên."
Lừa đảo bằng giọng nói giả lập (deepfake voice) hoạt động như thế nào?,"Đây là kỹ thuật kẻ gian dùng trí tuệ nhân tạo phân tích và tái tạo giọng nói của một người từ vài đoạn ghi âm ngắn (video livestream, cuộc gọi, bài hát) rồi gọi điện cho người thân, bạn bè, đồng nghiệp của nạn nhân giả làm người đó. Kịch bản thường gặp: giả giọng người nhà nói đang gặp tai nạn, bị bắt, cần tiền gấp; hoặc giả giọng sếp yêu cầu nhân viên chuyển tiền gấp. Vì giọng nói nghe rất giống thật, nạn nhân dễ mất cảnh giác. Cách phòng tránh là tuyệt đối xác minh lại qua số điện thoại đã lưu hoặc gọi video trực tiếp, đặt câu hỏi mà chỉ người đó biết, và không vội chuyển tiền khi chưa xác nhận được danh tính. (Thông tin kiến thức phòng tránh, không phải hướng dẫn phạm pháp.)"
Vì sao kẻ lừa đảo thường yêu cầu nạn nhân cài ứng dụng điều khiển từ xa khi gọi điện?,"Kẻ lừa đảo yêu cầu nạn nhân cài các ứng dụng điều khiển từ xa như AnyDesk, TeamViewer, hoặc các ứng dụng giả mạo tên tổng đài để chúng điều khiển được điện thoại hoặc máy tính của nạn nhân từ xa. Sau khi nạn nhân bấm đồng ý kết nối, kẻ gian nhìn thấy toàn bộ màn hình, đọc được mã OTP, mật khẩu, thao tác chuyển tiền trong ứng dụng ngân hàng mà nạn nhân không kịp hay biết. Chiêu này thường đi kèm kịch bản giả công an, giả nhân viên ngân hàng hướng dẫn xác minh tài khoản. Tuyệt đối không cài đặt hay cấp quyền điều khiển từ xa cho bất kỳ ai tự xưng là nhân viên hoặc cơ quan chức năng qua điện thoại. (Thông tin kiến thức an toàn, không phải hướng dẫn phạm pháp.)"
Lừa đảo qua các ứng dụng vay tiền online thường diễn ra như thế nào?,"Các ứng dụng vay tiền online giả mạo thường quảng cáo vay nhanh, không thế chấp, lãi suất thấp trên mạng xã hội. Khi người dùng tải về, ứng dụng yêu cầu cung cấp nhiều quyền trên điện thoại như danh bạ, tin nhắn, vị trí, đồng thời thu thập thông tin cá nhân, ảnh giấy tờ tùy thân. Sau đó kẻ gian dùng dữ liệu này để khủng bố tinh thần nạn nhân khi đòi nợ, hoặc chuyển khoản một khoản tiền nhỏ rồi tính lãi cắt cổ, đe dọa phát tán thông tin cho người thân. Một số ứng dụng còn cài mã độc đánh cắp tin nhắn OTP. Nên vay tiền qua các tổ chức tín dụng có giấy phép, đọc kỹ điều khoản và tuyệt đối không cấp quyền truy cập danh bạ cho ứng dụng lạ. (Thông tin kiến thức, không phải hướng dẫn phạm pháp.)"
Smurfing là gì và vì sao nó được xem là một kỹ thuật rửa tiền?,"Smurfing, còn gọi là kỹ thuật chẻ nhỏ hoặc phân mảnh, là cách rửa tiền bằng việc chia một khoản tiền lớn thành nhiều giao dịch nhỏ dưới ngưỡng phải báo cáo của ngân hàng, rồi thực hiện qua nhiều tài khoản khác nhau để tránh bị phát hiện. Ví dụ thay vì gửi một lần 500 triệu đồng, kẻ gian nhờ nhiều người gửi các khoản 30 đến 50 triệu vào nhiều tài khoản trong cùng một thời điểm. Nhiều người còn bị kẻ gian thuê, mua tài khoản ngân hàng, thẻ để làm phương tiện chẻ tiền mà không biết. Các ngân hàng có hệ thống theo dõi giao dịch bất thường để phát hiện hành vi này, và người đứng tên tài khoản có thể bị quy trách nhiệm. (Thông tin kiến thức giải thích khái niệm, không phải hướng dẫn phạm pháp.)"
Rửa tiền thông qua hoạt động thương mại quốc tế diễn ra như thế nào?,"Rửa tiền qua thương mại là kỹ thuật lợi dụng giao dịch xuất nhập khẩu để che giấu dòng tiền phi pháp. Các phương thức phổ biến gồm khai tăng giá trị hàng hóa khi nhập khẩu để chuyển tiền thừa ra nước ngoài, khai giảm giá trị hàng hóa khi xuất khẩu để nhận về ít tiền hơn, kê khai sai số lượng, chủng loại, hoặc lập hóa đơn khống cho lô hàng không có thật. Các công ty bình phong mua bán qua lại nhiều lần giữa các công ty con, công ty liên kết khiến dòng tiền và hàng hóa rối rắm, khó truy vết. Đây là lý do hải quan và ngân hàng đối chiếu giá giao dịch với giá thị trường tham chiếu để phát hiện sai lệch. (Thông tin kiến thức về cơ chế, không phải hướng dẫn phạm pháp.)"
Vì sao một trang web giả mạo vẫn có thể hiển thị biểu tượng ổ khóa HTTPS?,"Biểu tượng ổ khóa HTTPS chỉ chứng nhận kết nối giữa trình duyệt và máy chủ được mã hóa, tức dữ liệu truyền đi không bị đọc trộm trên đường truyền, chứ không chứng nhận website đó có uy tín hay hợp pháp. Bất kỳ ai cũng có thể xin chứng chỉ SSL miễn phí và cài lên trang web giả mạo, nên ổ khóa vẫn hiện bình thường. Điều quan trọng là kiểm tra tên miền có chính xác không, đặc biệt phần đuôi trước dấu chấm đầu tiên, tránh các trang có tên sai chính tả tinh vi hoặc dùng tên miền lạ. Ổ khóa chỉ đảm bảo đường truyền an toàn, không đảm bảo website đáng tin. (Thông tin kiến thức bảo mật, không phải hướng dẫn phạm pháp.)"
Các nhóm đầu tư chung trên Telegram thường lừa đảo bằng cách nào?,"Kẻ lừa đảo lập các nhóm Telegram kín có tên hấp dẫn như nhóm đầu tư chứng khoán, tiền số, bất động sản nước ngoài, với hàng chục, hàng trăm tài khoản giả đóng vai thành viên. Các tài khoản này liên tục đăng tin chốt lời, khoe lợi nhuận, cảm ơn quản trị viên, tạo cảm giác nhóm sôi động và đáng tin. Nạn nhân được hướng dẫn nạp tiền vào sàn giao dịch do nhóm cung cấp, thấy lãi tăng ảo trên ứng dụng nhưng không bao giờ rút được tiền thật; khi đòi rút thì bị đòi nộp thuế, phí phạt hoặc bị chặn khỏi nhóm. Đặc điểm chung: tên miền sàn mới lạ, không có giấy phép, và tuyệt đối cấm thành viên đặt câu hỏi hay so sánh với sàn khác. (Thông tin kiến thức nhận diện lừa đảo, không phải hướng dẫn phạm pháp.)"
"Vì sao cả những người thông minh, cẩn thận vẫn có thể bị lừa chuyển tiền?","Không ai miễn nhiễm với lừa đảo vì kẻ gian khai thác các điểm yếu tâm lý chung thay vì trí thông minh: cảm xúc sợ hãi hoặc hưng phấn khiến lý trí bị tạm gác sang một bên; áp lực thời gian ép người ta quyết định gấp; uy quyền của người tự xưng cơ quan chức năng, ngân hàng làm giảm khả năng phản biện; và hiệu ứng cam kết khiến nạn nhân đã đưa tiền lần đầu càng khó dừng lại. Ngoài ra, những người từng bị lừa thường thấy xấu hổ nên không chia sẻ, không học được từ kinh nghiệm của nhau. Cách tốt nhất là đặt ra nguyên tắc: mọi yêu cầu chuyển tiền đều phải xác minh qua kênh chính thống trước khi thực hiện. (Thông tin kiến thức phòng chống, không phải hướng dẫn phạm pháp.)"
Jailbreak và root trên thiết bị di động có gì khác nhau?,"Jailbreak và root cùng mục đích là gỡ bỏ giới hạn do nhà sản xuất đặt ra nhưng áp dụng cho hai hệ điều hành khác nhau. Jailbreak dùng cho thiết bị iOS của Apple, khai thác lỗ hổng để cài ứng dụng ngoài App Store, chỉnh sửa giao diện, can thiệp sâu vào hệ thống. Root dùng cho thiết bị Android, cho người dùng quyền quản trị (quyền superuser) để xóa ứng dụng mặc định, chỉnh hệ thống, cài ROM tùy chỉnh. Cả hai đều giúp kiểm soát thiết bị nhiều hơn nhưng đi kèm rủi ro: mất bảo hành, giảm bảo mật vì các cơ chế an toàn của hệ điều hành bị vô hiệu, dễ bị phần mềm độc hại xâm nhập. Thao tác sai cũng có thể làm hỏng thiết bị. (Thông tin kiến thức kỹ thuật, không phải hướng dẫn hành vi phạm pháp.)"
Dịch vụ làm thẻ tín dụng online lừa đảo thường lừa người dùng bằng chiêu nào?,"Các dịch vụ làm thẻ tín dụng online lừa đảo thường quảng cáo làm thẻ nhanh, không cần chứng minh thu nhập, hạn mức cao dù lịch sử tín dụng xấu. Nạn nhân được yêu cầu nộp phí hồ sơ, phí bảo lãnh, phí thẩm định trước, hoặc cung cấp ảnh giấy tờ tùy thân, số tài khoản, mã OTP. Sau khi nộp phí, họ bị chặn liên lạc hoặc được gửi một thẻ không sử dụng được, còn dữ liệu cá nhân thì bị lạm dụng để vay tiền hoặc mở tài khoản giả. Ngân hàng chính thức không bao giờ thu phí qua trung gian cá nhân hay yêu cầu chuyển tiền trước khi phát hành thẻ. Nên làm thẻ trực tiếp tại quầy giao dịch ngân hàng hoặc qua ứng dụng chính thức của ngân hàng. (Thông tin kiến thức phòng tránh, không phải hướng dẫn phạm pháp.)"
"Tin nhắn báo đơn hàng bị hoãn, bấm vào đường dẫn để nhận bồi hoàn là chiêu lừa gì?","Đây là dạng lừa đảo giả mạo đơn vị vận chuyển hoặc sàn thương mại điện tử. Kẻ gian gửi tin nhắn báo đơn hàng gặp sự cố, bị hoãn, thiếu thông tin giao hàng và yêu cầu bấm vào đường dẫn để cập nhật hoặc nhận tiền bồi hoàn. Đường dẫn dẫn đến trang web giả mạo giống hệt trang thật, yêu cầu nhập thông tin thẻ, tài khoản, mã OTP, nhờ đó kẻ gian đánh cắp và rút tiền. Một số biến thể yêu cầu tải ứng dụng chứa mã độc. Đơn vị vận chuyển và sàn thương mại chính thức không bao giờ nhắn tin kèm đường dẫn để yêu cầu cung cấp thông tin thanh toán. Kiểm tra đơn hàng trực tiếp trong ứng dụng chính thức trước khi làm theo. (Thông tin kiến thức phòng tránh, không phải hướng dẫn phạm pháp.)"
Vì sao ví điện tử và thẻ trả trước thường bị lợi dụng trong rửa tiền?,"Ví điện tử và thẻ trả trước bị lợi dụng vì quy trình xác minh danh tính thường đơn giản, hạn mức giao dịch nhỏ nên khó bị nghi ngờ, và giao dịch diễn ra nhanh, dễ chuyển tiếp qua nhiều tài khoản. Kẻ gian mua số lượng lớn thẻ trả trước hoặc tài khoản ví điện tử mở bằng giấy tờ giả, nhờ người khác đứng tên rồi nạp tiền từ các nguồn phi pháp và rút ra qua máy ATM, chuyển tiếp cho nhau. Việc này nằm trong giai đoạn phân tầng của quá trình rửa tiền nhằm cắt đứt dấu vết. Các nhà cung cấp dịch vụ thanh toán phải tuân thủ quy định nhận biết khách hàng, theo dõi giao dịch bất thường và báo cáo theo quy định của Ngân hàng Nhà nước. (Thông tin kiến thức pháp lý, không phải hướng dẫn phạm pháp.)"
Vì sao chúng ta lại nấc cụt và làm thế nào để hết nấc?,"Nấc cụt là sự co thắt đột ngột, không tự chủ của cơ hoành, tiếp đó nắp thanh quản đóng lại tạo ra tiếng hức. Nguyên nhân thường gặp: ăn quá nhanh, ăn cay, uống nước có gas, cười to, căng thẳng, hoặc nhiệt độ dạ dày thay đổi đột ngột. Hầu hết các cơn nấc tự hết sau vài phút. Các mẹo dân gian giúp cắt cơn nấc như nín thở một lúc, uống từng ngụm nước lạnh, nuốt một muỗng đường khô, thở vào túi giấy đều dựa trên nguyên tắc làm gián đoạn nhịp thở và kích thích dây thần kinh phế vị để đặt lại nhịp co cơ hoành. Nếu nấc kéo dài trên 48 giờ thì nên đi khám vì có thể liên quan đến vấn đề thần kinh hoặc tiêu hóa."
Vì sao khi hắt hơi chúng ta thường nhắm mắt lại?,"Hắt hơi là phản xạ của cơ thể nhằm tống bụi, vi khuẩn hoặc dị vật ra khỏi đường hô hấp với tốc độ cao, có thể lên tới hơn 100 km/h. Khi hắt hơi, toàn bộ các cơ mặt, cơ ngực và cơ bụng co bóp đồng thời, trong đó có cơ vòng mi, khiến mắt tự động nhắm lại. Đây là phản xạ vô điều kiện do hệ thần kinh điều khiển, không phải hành động có ý thức. Một số người có thể cố mở mắt khi hắt hơi, nhưng điều đó không gây lòi mắt như truyền miệng, vì áp lực tác động lên nhãn cầu không đủ lớn. Việc nhắm mắt khi hắt hơi được cho là giúp bảo vệ mắt khỏi các hạt bụi, vi khuẩn bị tống ra."
Vì sao tóc chuyển sang màu bạc trắng khi về già?,"Màu tóc do sắc tố melanin do các tế bào melanocyte nằm ở gốc nang tóc sản xuất. Khi về già, các tế bào này hoạt động yếu dần, ngừng sản xuất đủ melanin, khiến sợi tóc mới mọc ra không còn sắc tố nên có màu trắng bạc. Quá trình này chịu ảnh hưởng của di truyền, tuổi tác, và một phần do stress oxy hóa, thiếu vitamin B12, bệnh tuyến giáp hoặc hút thuốc. Tóc bạc sớm ở tuổi trẻ thường do gen di truyền nhiều hơn là bệnh lý. Tóc đã bạc không thể trở lại màu tự nhiên trừ khi được nhuộm, vì melanocyte đã ngừng hoạt động vĩnh viễn ở những nang tóc đó. Giữ sức khỏe tổng thể, ăn uống đủ chất chỉ giúp làm chậm chứ không ngăn được quá trình bạc tóc do tuổi."
"Vì sao khi trời lạnh hoặc sợ hãi, da lại nổi da gà?","Da gà xảy ra khi các cơ dựng lông nhỏ (cơ arrector pili) ở chân lông co lại, làm lông dựng đứng và da nổi những nốt nhỏ li ti. Phản xạ này do hệ thần kinh giao cảm kích hoạt khi cơ thể lạnh, sợ hãi, hồi hộp, hoặc xúc động mạnh. Ở động vật nhiều lông, phản xạ giúp giữ một lớp không khí ấm gần da hoặc làm cơ thể trông to hơn để uy hiếp kẻ thù. Ở người, do lông thưa, phản xạ không còn mấy tác dụng thực tế, chỉ còn là dấu tích tiến hóa từ tổ tiên nhiều lông. Cảm giác nổi da gà khi nghe nhạc hay hoặc xúc động cũng cùng cơ chế này, xuất phát từ hệ thống khen thưởng trong não."
Vì sao táo cắt ra để lâu lại chuyển màu nâu?,"Khi táo bị cắt, các tế bào bên trong vỡ ra, giải phóng enzyme polyphenol oxidase tiếp xúc với oxy trong không khí. Enzyme này xúc tác phản ứng oxy hóa các hợp chất polyphenol trong quả thành quinon, các quinon này tự kết hợp với nhau và với protein tạo thành các phân tử lớn màu nâu gọi là melanin thực vật. Vì vậy hiện tượng táo thâm nâu chỉ xảy ra khi có cả enzyme lẫn oxy. Chấm táo với nước chanh hoặc nước muối loãng giúp chậm thâm vì axit citric làm giảm độ pH khiến enzyme hoạt động kém, đồng thời lớp nước cản trở tiếp xúc với oxy. Táo thâm nâu vẫn ăn được, chỉ thay đổi màu sắc và vị nhẹ."
Vì sao mật ong có thể bảo quản được rất lâu mà không bị hư?,"Mật ong khó hư nhờ ba yếu tố chính: hàm lượng nước rất thấp, độ axit cao và chứa chất kháng khuẩn tự nhiên. Mật ong chín có hàm lượng nước dưới 18%, môi trường quá đặc khiến vi khuẩn, nấm mốc không thể sinh sôi vì bị mất nước qua thẩm thấu. Độ pH thấp của mật ong cũng kìm hãm vi sinh vật, cùng với hydrogen peroxide được tạo ra nhờ enzyme glucose oxidase do ong tiết ra khi pha loãng. Tuy nhiên mật ong phải được bảo quản trong lọ kín, tránh ẩm vì nếu hút nước, nồng độ giảm và vi sinh vật có thể phát triển. Mật ong bị kết tinh trắng không phải hư mà là đường kết tinh tự nhiên, có thể ấm lại để lỏng."
Vì sao mặt trăng có lúc tròn lúc khuyết?,"Mặt trăng không tự phát sáng mà phản chiếu ánh sáng mặt trời. Khi mặt trăng quay quanh Trái Đất, vị trí tương đối giữa Mặt Trời, Trái Đất và Mặt Trăng thay đổi liên tục, khiến phần bề mặt được chiếu sáng mà ta nhìn thấy cũng thay đổi, tạo ra các pha. Khi mặt trăng ở giữa Trái Đất và Mặt Trời, ta thấy mặt tối nên gọi là ngày sóc (trăng mới). Khi mặt trăng ở phía đối diện, cả nửa được chiếu sáng hướng về Trái Đất nên thấy trăng tròn. Các pha trung gian như trăng khuyết, trăng bán nguyệt hình thành ở các vị trí khác. Một chu kỳ đầy đủ của các pha mất khoảng 29,5 ngày, gọi là tháng âm lịch."
Vì sao kim la bàn luôn chỉ về hướng Bắc?,"Kim la bàn là một nam châm nhỏ có thể tự do xoay. Trái Đất có từ trường với cực từ gần các cực địa lý, vì vậy cực bắc của kim nam châm bị hút về phía cực từ nam gần Bắc Cực, khiến kim la bàn luôn chỉ về hướng Bắc. Trong lòng Trái Đất có lõi kim loại nóng chảy gồm sắt, niken chuyển động tạo ra dòng điện, sinh ra từ trường hành tinh. Lưu ý cực từ và cực địa lý không trùng nhau hoàn toàn nên kim la bàn chỉ về hướng Bắc từ chứ không chính xác hoàn toàn với hướng Bắc địa lý, sai lệch này gọi là độ từ thiên, có thể thay đổi theo vị trí và thời gian. Khi la bàn đặt gần vật kim loại hoặc nam châm mạnh, kết quả cũng bị nhiễu."
Vì sao chúng ta thấy chớp trước khi nghe thấy tiếng sấm?,"Chớp và sấm sinh ra cùng một lúc từ tia sét, nhưng ánh sáng truyền với tốc độ khoảng 300.000 km mỗi giây trong khi âm thanh chỉ truyền khoảng 340 mét mỗi giây trong không khí. Vì ánh sáng nhanh gần như tức thời còn âm thanh chậm hơn nhiều, mắt thấy chớp trước rồi tai mới nghe tiếng sấm sau, với khoảng cách càng xa thì độ trễ càng lớn. Có thể ước lượng khoảng cách đến tia sét bằng cách đếm số giây từ lúc thấy chớp đến khi nghe sấm rồi chia cho khoảng 3, ra kết quả tính bằng kilômét. Nếu đếm dưới 10 giây nghĩa là sét đang rất gần, nên vào nơi trú ẩn an toàn ngay."
Vì sao đom đóm lại phát sáng?,"Đom đóm phát sáng nhờ phản ứng hóa học gọi là phát quang sinh học, xảy ra trong cơ quan phát quang ở bụng. Chất luciferin phản ứng với oxy dưới tác dụng của enzyme luciferase và ATP (năng lượng của tế bào) tạo ra ánh sáng với hiệu suất rất cao, gần như toàn bộ năng lượng chuyển thành ánh sáng thay vì nhiệt, nên đom đóm không bị nóng khi phát sáng. Ánh sáng này chủ yếu dùng để giao tiếp: con đực phát sáng theo nhịp riêng để thu hút con cái, mỗi loài có tín hiệu nhấp nháy đặc trưng riêng. Một số loài còn dùng ánh sáng để cảnh báo kẻ săn mồi vì chúng chứa chất có vị khó chịu."
Vì sao mèo kêu gừ gừ và lúc nào mèo thường kêu?,"Mèo kêu gừ gừ do cơ thanh quản co giãn nhanh trong lúc thở, tạo ra tiếng rung trầm ổn định. Mèo thường gừ gừ khi được vuốt ve, no, thoải mái, gần người thân, nhưng cũng kêu khi đói, căng thẳng, đau hoặc sợ hãi để tự trấn an. Có giả thuyết cho rằng tần số rung của tiếng gừ gừ khoảng 20 đến 150 Hz có thể hỗ trợ chữa lành xương, giảm đau và giúp mèo hồi phục nhanh, vì dải tần này tốt cho tái tạo mô. Khi mèo con còn nhỏ, mèo mẹ cũng gừ gừ để gọi con bú. Nhìn chung gừ gừ là cách mèo giao tiếp và điều hòa cảm xúc, không phải lúc nào cũng có nghĩa là vui."
Vì sao thạch sùng (tắc kè) có thể bò trên tường trơn nhẵn mà không rơi?,"Bàn chân thạch sùng có hàng triệu sợi lông cực nhỏ gọi là setae, mỗi sợi lại chia thành nhiều nhánh nhỏ hơn nữa gọi là spatulae, tạo ra diện tích tiếp xúc với bề mặt rất lớn. Lực bám chủ yếu đến từ lực van der Waals, lực hút yếu giữa các phân tử khi hai bề mặt đặt rất sát nhau. Nhờ diện tích tiếp xúc khổng lồ ở cấp nano, tổng lực hút đủ lớn để nâng đỡ trọng lượng cơ thể. Thạch sùng có thể bám trên kính, trần nhà trơn vì cơ chế này không cần chất dính hay giác hút, và nó nhấc chân bằng cách thay đổi góc nghiêng để ngắt lực bám, giúp bò nhanh và linh hoạt."
Vì sao kiến thường đi thành hàng dài theo một đường cố định?,"Kiến đi thành hàng nhờ chất dẫn dụ pheromone. Khi một con kiến thợ tìm thấy nguồn thức ăn, trên đường về tổ nó để lại những vệt pheromone trên mặt đất; các con kiến khác ngửi thấy sẽ đi theo vệt này và cũng tiết thêm pheromone, khiến vệt ngày càng đậm và đông kiến bám theo. Đường đi thành một dải pheromone liên tục, nên ta thấy đàn kiến nối đuôi nhau theo một tuyến. Khi nguồn thức ăn cạn, kiến ngừng để pheromone, vệt bay hơi dần và đàn kiến tản ra tìm đường mới. Đây là hình thức giao tiếp hóa học giúp cả đàn hoạt động hiệu quả dù từng con không nhìn thấy nhau."
Vòng đời của con bướm diễn ra qua những giai đoạn nào?,"Bướm trải qua quá trình biến thái hoàn toàn gồm bốn giai đoạn. Thứ nhất là trứng, bướm cái đẻ trứng trên cây chủ. Thứ hai là sâu bướm (ấu trùng), nở ra và ăn lá liên tục để lớn nhanh, lột xác nhiều lần. Thứ ba là nhộng, sâu bọc mình trong kén hoặc treo mình hóa nhộng, bên trong diễn ra quá trình phá hủy mô cũ và tái cấu trúc thành cơ thể mới. Thứ tư là bướm trưởng thành, chui ra khỏi nhộng, phơi cánh cho khô rồi bay đi tìm mật hoa và giao phối. Mỗi giai đoạn có hình dạng hoàn toàn khác nhau, và thời gian của cả vòng đời tùy theo loài, có loài chỉ vài tuần, có loài kéo dài cả năm."
Vì sao người miền Bắc chơi hoa đào còn người miền Nam chơi hoa mai vào dịp Tết?,"Sự khác biệt này xuất phát từ khí hậu và thổ nhưỡng hai miền. Miền Bắc mùa xuân có khí hậu lạnh, ẩm, hợp với cây đào, hoa đào nở rộ đúng dịp Tết nên trở thành biểu tượng mùa xuân của người Bắc, màu hồng đỏ của hoa tượng trưng cho may mắn, hạnh phúc và xua đuổi điều xấu. Miền Nam khí hậu nóng, cây mai vàng phát triển tốt, hoa mai nở vàng rực vào xuân tượng trưng cho sự giàu sang, phú quý. Cả hai loài hoa đều thể hiện mong ước một năm mới an khang, thịnh vượng, là điểm nhấn không thể thiếu trong ngày Tết của mỗi vùng miền."
Bánh tét khác bánh chưng như thế nào?,"Bánh chưng và bánh tét đều là bánh nếp ngày Tết nhưng khác nhau về hình dạng, lá gói và nhân. Bánh chưng gói hình vuông, gói bằng lá dong, phổ biến ở miền Bắc, nhân truyền thống gồm đỗ xanh, thịt mỡ. Bánh tét gói hình trụ dài tròn, dùng lá chuối, phổ biến ở miền Trung và miền Nam, ngoài nhân đỗ thịt còn có biến thể nhân ngọt như đậu xanh trộn đường, nhân chuối, nhân trứng muối. Cách cắt cũng khác: bánh chưng cắt thành từng miếng vuông, bánh tét thái thành từng khoanh tròn. Hình trụ của bánh tét giúp dễ gói, vận chuyển và giữ được lâu trong điều kiện khí hậu nóng của miền Nam."
Món thịt kho tàu ngày Tết của người miền Nam được nấu như thế nào?,"Thịt kho tàu (thịt kho nước dừa) là món ăn không thể thiếu trong mâm cơm ngày Tết của người miền Nam. Cách nấu: thịt ba chỉ rửa sạch, cắt miếng vuông vừa ăn, ướp với nước mắm, đường, tiêu, tỏi, hành tím khoảng 30 phút cho thấm. Phi hành tỏi thơm rồi cho thịt vào xào săn, đổ nước dừa tươi ngập thịt, thêm trứng vịt luộc đã bóc vỏ, kho nhỏ lửa từ 1 đến 1,5 giờ cho đến khi nước cạn sền sệt, thịt mềm óng ánh vàng nâu. Điểm đặc trưng là vị béo của nước dừa, màu cánh gián đẹp mắt và vị mặn ngọt hài hòa. Món này ăn với cơm trắng và dưa giá để giảm ngán."
Bún bò Huế có gì đặc trưng so với các món bún khác của Việt Nam?,"Bún bò Huế nổi bật nhờ nước dùng đậm đà với vị cay nồng đặc trưng, khác hẳn vị thanh nhạt của phở hay vị chua ngọt của bún chả. Nước lèo được ninh từ xương bò, móng giò cùng sả, ruốc (mắm tôm) tạo vị mặn ngọt sâu, điểm thêm màu đỏ đẹp mắt từ dầu ớt, sa tế. Bún sợi to, mềm. Bò gồm thịt bò nạm, bắp, gân và đặc biệt là giò heo cắt khoanh. Ăn kèm rau sống như rau muống chẻ, bắp chuối, giá, ngò gai, chanh, ớt. Vị cay của bún bò Huế là dấu ấn khó lẫn của ẩm thực cố đô, có nguồn gốc từ sự giao thoa giữa món ăn dân dã và tinh tế cung đình Huế."
Gỏi cuốn là món gì và vì sao nó được ưa chuộng?,"Gỏi cuốn là món cuốn tươi làm từ bánh tráng mỏng cuốn với tôm, thịt heo, bún, xà lách, rau thơm, giá và thường thêm chả giò hoặc trứng. Món ăn được ưa chuộng vì thanh mát, ít dầu mỡ, nguyên liệu rau củ dồi dào, dễ ăn trong thời tiết nóng ẩm của Việt Nam. Gỏi cuốn thường chấm với nước mắm chua ngọt pha tỏi ớt hoặc tương đậu phộng, tạo vị hài hòa. Đây cũng là món ăn được quốc tế yêu thích và xếp vào danh sách món ăn lành mạnh, cân bằng dinh dưỡng. Biến thể phổ biến là gỏi cuốn chay dùng đậu hũ, rau củ, phù hợp người ăn kiêng."
Vì sao trà đá trở thành thức uống quen thuộc của người Việt?,"Trà đá trở nên quen thuộc vì rẻ, tiện lợi, dễ uống và phù hợp khí hậu nóng của Việt Nam. Trà được nấu loãng, để nguội rồi cho đá, bán phổ biến ở các quán nước vỉa hè, hàng ăn, quán cơm với giá vài nghìn đồng. Ly trà đá giúp giải khát, làm dịu vị giác khi ăn món cay mặn, và là chỗ dừng chân trò chuyện của nhiều người. Văn hóa trà đá gắn với đời sống bình dân, các quán trà đá là nơi gặp gỡ, nghỉ ngơi của người lao động, sinh viên. Dù các loại đồ uống công nghiệp ngày càng phổ biến, trà đá vẫn giữ vị trí đặc biệt như một nét văn hóa đường phố đặc trưng của người Việt."
Cách làm một ly sinh tố bơ ngon cần những bước nào?,"Sinh tố bơ ngon cần bơ chín vừa, mềm nhưng không bị thâm. Bước đầu tiên, bổ đôi quả bơ, bỏ hạt, dùng muỗng nạo phần thịt cho vào máy xay. Thêm sữa đặc có đường khoảng 2 đến 3 muỗng, sữa tươi không đường, vài viên đá hoặc sữa chua nếu thích vị chua nhẹ. Xay nhuyễn đến khi hỗn hợp mịn, sánh; nếu quá đặc thì thêm ít sữa tươi, nếu loãng thì thêm đá và xay tiếp. Đổ ra ly, có thể rắc thêm hạt điều hoặc dừa nạo lên mặt. Điểm mấu chốt là tỉ lệ bơ với sữa đặc vừa đủ để vị béo thơm nổi bật, không quá ngọt, và xay đủ mịn để không bị gợn. Dùng ngay khi mát lạnh."
Vì sao sầu riêng có mùi nồng đặc trưng nhưng vẫn được nhiều người yêu thích?,"Mùi nồng của sầu riêng do hỗn hợp nhiều hợp chất lưu huỳnh bay hơi, có mùi giống tỏi, hành, khí gas, khiến người không quen thấy khó chịu. Tuy nhiên phần thịt quả có vị ngọt đậm, béo ngậy, mùi thơm đặc biệt mà người hâm mộ ví như sự kết hợp của kem, hạnh nhân và vani, nên sầu riêng được gọi là vua của các loại trái cây. Sở thích này mang tính cá nhân và khác biệt di truyền: một số người nhạy cảm với mùi lưu huỳnh nên ghét, người khác lại thích. Sầu riêng ngon nhất ở miền Nam như sầu riêng Ri6, sầu riêng Cái Mơn, được dùng ăn tươi hoặc chế biến thành kem, chè, bánh pía."
Chè là gì và có những loại chè phổ biến nào ở Việt Nam?,"Chè là món tráng miệng truyền thống của người Việt, chế biến từ nhiều nguyên liệu như đậu, gạo nếp, bột báng, trái cây, nước cốt dừa và đường, ăn nóng hoặc lạnh tùy loại và tùy vùng miền. Các loại phổ biến gồm chè đậu xanh, chè đậu đen, chè trôi nước, chè bà ba, chè khúc bạch, chè thập cẩm, chè bưởi, chè sương sa hạt lựu, chè đỗ trắng. Miền Bắc có chè cốm, chè sen, chè kho; miền Nam có chè đậu phộng, chè bắp, chè chuối. Mỗi món mang hương vị riêng nhưng đều có thể dùng nước cốt dừa béo ngậy. Chè thường được bán tại các hàng quán vỉa hè, là món ăn gắn với ký ức tuổi thơ của nhiều người."
Chợ nổi ở miền Tây hoạt động như thế nào?,"Chợ nổi là khu chợ họp ngay trên sông, là nét đặc trưng của vùng đồng bằng sông Cửu Long. Người bán chở hàng trên ghe, xuồng, tập trung tại các ngã ba, ngã tư sông từ tờ mờ sáng. Nét đặc biệt là cách báo giá bằng cây bẹo: ghe bán món gì thì cắm một nhánh cây treo sản vật đó lên mũi thuyền, như cắm bẹo bắp chuối báo bán chuối, treo ổi báo bán ổi, để khách từ xa nhìn thấy. Khách đi ghe nhỏ len lỏi giữa các thuyền mua hàng, đồng thời có các ghe bán hủ tiếu, bánh mì, cà phê phục vụ ngay trên sông. Chợ nổi lớn nhất là chợ nổi Cái Răng ở Cần Thơ, họp quanh năm và thu hút nhiều du khách."
Ruộng bậc thang Mù Cang Chải đẹp nhất vào thời điểm nào trong năm?,"Ruộng bậc thang Mù Cang Chải thuộc tỉnh Yên Bái, nằm trên các sườn núi cao, đẹp nhất vào hai mùa chính. Mùa nước đổ từ khoảng tháng 5 đến tháng 6, khi nông dân dẫn nước vào ruộng cày cấy, những thửa ruộng óng ánh như gương phản chiếu bầu trời. Mùa lúa chín từ khoảng cuối tháng 9 đến đầu tháng 10, cả vùng núi vàng rực những thửa ruộng chín, tạo nên khung cảnh hùng vĩ được bình chọn là một trong những cảnh đẹp hút hồn nhất thế giới. Ba điểm ngắm nổi tiếng là đèo Khau Phạ, mỏm đá Cổng Trời và thung lũng La Pán Tẩn, Mồ Dề. Thời điểm đẹp nhất thường là sáng sớm khi sương mù tan trên ruộng."
Khu danh thắng Tràng An ở Ninh Bình có gì đặc biệt?,"Tràng An thuộc tỉnh Ninh Bình, được UNESCO công nhận là Di sản văn hóa và thiên nhiên thế giới, nổi bật với quần thể núi đá vôi trùng điệp, sông hồ xanh ngọc quanh co và hệ thống hang động xuyên thủy. Du khách ngồi thuyền do người chèo đưa qua các dòng sông uốn lượn giữa những vách núi, vào bên trong các hang động dài hàng trăm mét tối mát như hang Sáng, hang Tối, hang Nấu Rượu. Tràng An còn gắn với kinh đô Hoa Lư cổ với các đền thờ nằm giữa núi non. Đây là một trong những danh thắng hút khách nhất, được ví như vịnh Hạ Long trên cạn."
Vì sao Cà Mau được gọi là cực Nam của Tổ quốc?,"Cà Mau là tỉnh cực Nam của Việt Nam, nằm ở mũi phía nam bán đảo Cà Mau, nơi có Đất Mũi cắm mốc tọa độ cực Nam của đất liền. Huyện Ngọc Hiển với điểm du lịch Đất Mũi được xem là nơi đón những tia nắng sớm nhất, nơi ba mặt giáp biển và có hệ sinh thái rừng ngập mặn rộng lớn với rừng đước U Minh. Cà Mau nổi tiếng với nghề nuôi tôm, làm mắm tôm, mắm cá, cá khô và các món ăn đậm chất sông nước. Sông Ông Đốc, kênh rạch chằng chịt, vườn chim và vườn quốc gia U Minh Hạ là những điểm đến đặc trưng. Mốc tọa độ cực Nam là nơi nhiều du khách về tham quan, chụp ảnh."
Vì sao dừa Bến Tre lại nổi tiếng?,"Bến Tre được mệnh danh là xứ dừa vì có diện tích trồng dừa lớn nhất cả nước, hàng chục nghìn héc-ta với hàng triệu cây dừa, chủ yếu dọc theo hai bờ sông Tiền và sông Hàm Luông. Đất phù sa nhiễm mặn nhẹ và khí hậu vùng đồng bằng rất hợp với cây dừa, cho trái sai, cơm dày, nước ngọt. Dừa Bến Tre được dùng làm nước dừa giải khát, cơm dừa, dầu dừa, và đặc biệt là kẹo dừa, món quà đặc sản nổi tiếng. Ngành chế biến từ dừa tạo ra kẹo, sữa dừa, thạch dừa, túi xách, đồ thủ công, mang lại nguồn thu lớn. Cây dừa gắn bó với đời sống, văn hóa người dân Bến Tre đến mức có câu xứ dừa nổi tiếng."
Vì sao các đường link rút gọn trong tin nhắn thường được kẻ lừa đảo lợi dụng để lừa người dân?,"Đường link rút gọn (short link) che giấu địa chỉ web thật, nên kẻ lừa đảo dùng nó để ngụy trang link độc thành link trông vô hại trong SMS, email hay tin nhắn Zalo. Người nhận thấy link ngắn gọn, không nghi ngờ, bấm vào là bị dẫn tới trang giả mạo ngân hàng, trang đăng nhập Facebook hay trang cài phần mềm độc hại. Một số short link còn tự chuyển hướng (redirect) nhiều lần để qua mặt bộ lọc, hoặc chỉ kích hoạt khi người dùng đến từ đúng vùng IP. Cách phòng tránh là không bấm link rút gọn từ nguồn không rõ, luôn tự gõ địa chỉ trang web chính thức vào trình duyệt. Đây là thông tin kiến thức nhằm giúp nhận diện lừa đảo, không phải hướng dẫn phạm pháp."
Kẻ lừa đảo thường dùng cách nào để dụ nạn nhân đưa mã OTP qua điện thoại?,"Thủ đoạn phổ biến là giả danh nhân viên tổng đài ngân hàng, nhà mạng hoặc công an gọi tới, dựng bối cảnh 'tài khoản của anh chị đang bị nghi ngờ giao dịch bất thường, cần xác minh nhanh'. Họ tạo áp lực thời gian, yêu cầu đọc mã OTP vừa nhận được để kiểm tra. Một biến thể khác là giả làm người quen nhờ nhập giúp mã vì điện thoại của họ đang lỗi. Bản chất của trò này là xã hội học (social engineering) - đánh vào sự hoảng sợ hoặc lòng tin, chứ không phải hack kỹ thuật. Nguyên tắc an toàn tuyệt đối là mã OTP không bao giờ được chia sẻ cho ai, kể cả người tự xưng là nhân viên ngân hàng; khi nghi ngờ hãy gác máy và gọi lại số tổng đài chính thức. Đây là thông tin kiến thức để phòng tránh lừa đảo, không phải hướng dẫn phạm pháp."
Rửa tiền qua bất động sản và vàng thường được thực hiện bằng những cách nào?,"Bất động sản là kênh rửa tiền cổ điển vì giá trị lớn, giao dịch phức tạp. Kẻ rửa tiền mua nhà đất bằng tiền bẩn rồi bán lại cho công ty sân sau để hợp thức hóa, hoặc mua với giá cao hơn thực tế để khoản chênh lệch chảy về đúng người. Cũng có chiêu vay thế chấp chính mảnh đất vừa mua rồi vỡ nợ để ngân hàng siết nợ. Vàng thì dễ mua bán, dễ giấu, ít để lại dấu vết điện tử nên được dùng để đổi từ tiền mặt sang tài sản hoặc ngược lại. Các giao dịch này thường được che bằng hợp đồng giả, trung gian là người thân hoặc công ty ma. Cơ quan chống rửa tiền truy vết qua đối chiếu nguồn tiền, người thụ hưởng thực sự và giá trị giao dịch bất thường. Đây là thông tin kiến thức về cơ chế rửa tiền, không phải hướng dẫn phạm pháp."
Chiêu lừa bán hàng xách tay qua livestream Facebook thường diễn ra như thế nào?,"Kẻ lừa đảo mở livestream bán hàng xách tay giá rẻ bất thường như mỹ phẩm, điện thoại, quần áo, đôi khi thuê người nói sôi nổi để tạo cảm giác uy tín. Họ yêu cầu khách chuyển tiền cọc hoặc trả trước toàn bộ để giữ chỗ, hứa giao hàng trong vài ngày, rồi sau đó chặn liên lạc, đổi tên trang hoặc xóa buổi phát sóng. Nhiều trường hợp nhận tiền xong là biến mất, hoặc gửi hàng giả rồi khi khách phản ánh thì viện lý do hàng bị giữ ở hải quan cần đóng thêm phí. Để tránh, nên mua hàng ở trang có lịch sử bán lâu, xem đánh giá thật từ nhiều người, tránh chuyển cọc số tiền lớn, và ưu tiên thanh toán qua kênh có cơ chế bảo vệ người mua. Đây là thông tin kiến thức giúp nhận diện lừa đảo, không phải hướng dẫn phạm pháp."
Vì sao các nền tảng game NFT và tiền mã hóa lại bị lợi dụng để rửa tiền?,"Game NFT và tiền mã hóa được ưa dùng để rửa tiền vì tính ẩn danh, xuyên biên giới và tốc độ giao dịch nhanh. Kẻ rửa tiền có thể dùng tiền bẩn mua vật phẩm số, tài khoản game, NFT rồi bán lại cho tài khoản do chính mình sở hữu để hợp thức dòng tiền; hoặc dùng các sàn giao dịch phi tập trung không yêu cầu xác minh danh tính để đổi tiền sang tài sản số và ngược lại. Một số nền tảng còn cho phép nạp bằng thẻ quà tặng, loại tiền phổ biến trong các vụ lừa đảo. Dù vậy, blockchain công khai vẫn để lại dấu vết trên sổ cái, và các cơ quan chức năng hiện dùng công cụ phân tích chuỗi để truy vết luồng tiền. Đây là thông tin kiến thức về cơ chế rửa tiền kỹ thuật số, không phải hướng dẫn phạm pháp."
Khái niệm 'lỗ hổng zero-day' trong bảo mật phần mềm có nghĩa là gì?,"Zero-day (hay 0-day) chỉ lỗ hổng bảo mật trong phần mềm hoặc hệ điều hành chưa được nhà phát triển biết đến, vì vậy chưa có bản vá sẵn. Tên gọi zero day nghĩa là nhà cung cấp có không ngày nào để chuẩn bị sửa kể từ khi phát hiện. Kẻ tấn công khai thác lỗ hổng này để xâm nhập máy tính, đánh cắp dữ liệu hoặc cài mã độc mà người dùng khó phát hiện vì phần mềm vẫn hiển thị là hợp lệ. Lỗ hổng zero-day có giá trị rất cao trên thị trường chợ đen và thường bị dùng trong các chiến dịch gián điệp mạng có chủ đích. Cách giảm rủi ro là cập nhật phần mềm thường xuyên, dùng phần mềm diệt mã độc, hạn chế cài công cụ không rõ nguồn gốc. Đây là thông tin kiến thức về bảo mật, không phải hướng dẫn phạm pháp."
Chiêu lừa yêu cầu nạn nhân nạp thêm tiền để mở khóa ví điện tử là như thế nào?,"Đây là biến thể của trò lừa đảo phí trả trước. Kẻ lừa đảo thường giả làm nhân viên hỗ trợ ví điện tử, báo tài khoản của nạn nhân đang bị tạm khóa vì nghi ngờ gian lận, và để mở khóa thì phải nạp một khoản tiền xác minh - số tiền này hứa sẽ hoàn lại ngay. Nạn nhân tin tưởng nạp tiền, lừa đảo lại báo hệ thống lỗi, cần nạp thêm lần nữa, cứ thế dây dưa cho tới khi người dùng hết tiền thì bị chặn liên lạc. Biến thể khác dùng trong các app cho vay đen: yêu cầu đóng phí mở khóa khoản vay trước khi giải ngân. Nguyên tắc cần nhớ là ngân hàng và ví điện tử không bao giờ yêu cầu khách nạp tiền để mở khóa tài khoản; nếu nghi ngờ hãy tự mở ứng dụng chính thức và gọi tổng đài thật. Đây là thông tin kiến thức phòng tránh lừa đảo, không phải hướng dẫn phạm pháp."
Thế nào là tài khoản trung gian và vì sao nó bị lợi dụng trong hoạt động rửa tiền?,"Tài khoản trung gian (thường gọi là tài khoản mule) là tài khoản ngân hàng của người bình thường bị kẻ xấu dùng làm bến đỗ để nhận rồi chuyển tiếp tiền bẩn, tách rời dòng tiền khỏi nguồn gốc phạm tội. Kẻ rửa tiền tuyển người qua mạng xã hội với lời mời kiếm tiền nhẹ nhàng, chỉ cần cho mượn tài khoản nhận chuyển khoản hoặc làm cộng tác viên nhận đơn chuyển tiền. Mỗi lần tiền đi qua một tài khoản trung gian, dấu vết về chủ sở hữu thật bị xóa dần, khiến cơ quan điều tra khó truy ngược nguồn tiền. Người cho mượn tài khoản không chỉ có thể mất tiền mà còn có nguy cơ bị xử lý hình sự vì liên quan đến hành vi rửa tiền. Vì vậy tuyệt đối không cho bất kỳ ai mượn tài khoản hoặc nhận chuyển khoản giúp người lạ dù được trả phí. Đây là thông tin kiến thức để phòng tránh, không phải hướng dẫn phạm pháp."
Vì sao hạt bắp rang bơ lại nở bung thành bỏng ngô khi gặp nhiệt độ cao?,"Bên trong hạt bắp có một lõi tinh bột ẩm được bọc trong vỏ cứng không thoát hơi. Khi rang, nước trong lõi nóng lên thành hơi, áp suất bên trong tăng mạnh. Đến khoảng 180 độ C, áp suất có thể đạt tới 9-10 lần áp suất khí quyển, vỏ cứng không chịu nổi thì vỡ tung, tinh bột nóng phồng lên gấp nhiều lần kích thước ban đầu thành phần xốp giòn. Đó là lý do bỏng ngô giòn tan và tiếng nổ bụp vang lên trong nồi rang."
Vì sao gương trong phòng tắm lại bị mờ sương khi ta tắm nước nóng?,"Hơi nước nóng bốc lên chứa nhiều hơi ẩm. Khi luồng không khí ấm ẩm này chạm vào bề mặt gương, gương đang ở nhiệt độ thấp hơn nên hơi nước ngưng tụ thành hàng triệu giọt nước li ti phủ khắp bề mặt. Lớp giọt nhỏ này làm ánh sáng tán xạ, nên gương không còn phản chiếu rõ hình ảnh nữa mà trông như phủ một lớp sương trắng. Hiện tượng này gọi là sự ngưng tụ, cũng là nguyên nhân khiến kính cửa sổ mờ vào mùa lạnh."
Vì sao lòng đỏ trứng luộc quá lâu lại có một vòng màu xanh xám?,"Khi trứng bị luộc quá chín hoặc nấu quá lâu, nhiệt độ cao làm các protein trong lòng đỏ và lòng trắng phân hủy, giải phóng khí hydro sunfua. Khí này kết hợp với sắt có trong lòng đỏ tạo thành hợp chất sắt sunfua có màu xanh xám. Vòng xanh này chỉ là thay đổi hóa học vô hại, không gây hại cho sức khỏe, nhưng làm trứng hơi mất ngon và dai. Để tránh, chỉ nên luộc trứng khoảng 8-10 phút rồi ngâm ngay vào nước lạnh để hạ nhiệt nhanh."
Vì sao đá lạnh lại nổi trên mặt nước thay vì chìm xuống đáy cốc?,"Đa số chất khi đông đặc lại đặc hơn và chìm, nhưng nước là ngoại lệ. Khi làm lạnh xuống dưới 4 độ C, các phân tử nước bắt đầu sắp xếp thành cấu trúc lục giác rỗng, làm nước đá chiếm thể tích lớn hơn trong khi khối lượng không đổi, nên khối lượng riêng của đá nhỏ hơn nước lỏng. Vật nào có khối lượng riêng nhỏ hơn sẽ nổi, vì vậy đá nổi trên mặt nước. Đặc điểm này cũng giúp ao hồ giữ ấm ở đáy vào mùa đông để cá vẫn sống được."
"Vì sao trước cơn mưa giông trời thường oi bức, ngột ngạt đến khó chịu?","Trước khi mưa giông hình thành, không khí nóng ẩm được tích tụ và nâng lên mạnh, hơi nước trong không khí đạt mức cao làm độ ẩm gần như bão hòa. Độ ẩm cao khiến mồ hôi khó bay hơi, nên cơ thể không giải nhiệt được, tạo cảm giác bí bách. Cùng lúc đó bầu trời dần bị mây tích che phủ, chặn bớt gió và giữ lại bức xạ nhiệt gần mặt đất. Khi cơn mưa ập tới, hơi nước ngưng tụ mạnh tỏa nhiệt, không khí lạnh đi và cơn oi bức cũng tan biến."
"Vì sao vào mùa đông da tay lại dễ bị nẻ, khô ráp và nứt nẻ?","Thời tiết lạnh làm không khí khô, độ ẩm thấp, đồng thời lớp dầu tự nhiên trên da tiết ra ít hơn. Lớp dầu này vốn là hàng rào giữ ẩm cho da; khi bị suy giảm, nước trong tế bào da bay hơi nhanh, da mất độ đàn hồi và co lại, dẫn đến khô, bong tróc rồi nứt nẻ. Việc rửa tay nhiều bằng xà phòng và dùng nước nóng càng làm trôi lớp dầu bảo vệ. Để khắc phục nên thoa kem dưỡng ẩm sau khi rửa tay, đeo găng khi đi ngoài trời lạnh và tránh ngâm tay lâu trong nước nóng."
"Vì sao nghe tiếng móng tay cào trên bảng lại khiến nhiều người rùng mình, khó chịu?","Tiếng móng tay cào bảng phát ra tần số cao khoảng 2.000-4.000 Hz, đúng vùng tần số mà tai người nhạy cảm nhất vì nó giống tiếng kêu cứu của động vật trong tự nhiên, cũng là tần số của tiếng trẻ khóc. Não bộ liên kết âm thanh này với mối nguy hiểm tiềm tàng nên kích hoạt phản ứng cảnh giác: da nổi gai ốc, rùng mình, tim hơi thắt lại. Ngoài ra, hồi ức từ những lần từng nghe tiếng này khiến phản ứng càng mạnh hơn."
Vì sao rau cải khi xào lửa nhỏ lại bị ra nhiều nước và mềm nhũn?,"Trong tế bào thực vật có tới 80-90% là nước. Khi xào với nhiệt độ quá thấp hoặc cho quá nhiều muối sớm, thành tế bào bị tổn thương chậm nên nước bên trong thấm dần ra ngoài, rau ngập trong nước và bị luộc chứ không phải xào. Còn khi xào lửa lớn, nhiệt độ cao làm hơi nước bốc nhanh và giúp rau chín nhanh, giữ được độ giòn. Bí quyết là làm nóng dầu trước, cho rau vào trở đều với lửa to, cho muối gần cuối để rau giòn và ít chảy nước."
Vì sao giày mang lâu ngày lại bốc mùi hôi khó chịu và làm sao để giảm bớt?,"Mùi hôi chủ yếu do vi khuẩn và nấm. Bàn chân tiết mồ hôi qua rất nhiều tuyến, mồ hôi chứa muối và chất đạm là môi trường lý tưởng cho vi khuẩn sinh sôi; quá trình phân hủy của chúng tạo ra các hợp chất có mùi khai, chua. Giày kín, ẩm và tối là điều kiện hoàn hảo để vi khuẩn phát triển. Để giảm hôi, nên thay tất mỗi ngày, chọn tất cotton thấm hút, phơi giày nơi thoáng khí, xịt khử mùi hoặc rắc ít muối nở vào giày qua đêm để hút ẩm."
"Vì sao cốc cà phê sữa để lâu lại tách thành hai lớp, phần đáy đặc hơn?","Cà phê sữa là hỗn hợp gồm nước cà phê và chất béo của sữa đặc. Chất béo và nước vốn không hòa tan vào nhau; sữa đặc ban đầu được khuấy đều nên trông như một hỗn hợp đồng nhất. Để yên lâu, các hạt chất béo nhẹ hơn dần nổi lên trên tạo lớp màu nhạt, còn phần nước cà phê đặc, sẫm hơn chìm xuống đáy, hình thành ranh giới tách lớp rõ rệt. Hiện tượng này gọi là phân tách pha, càng rõ khi cà phê nguội dần."
Nghề gốm Bát Tràng có gì nổi bật và sản phẩm đặc trưng của làng nghề này là gì?,"Bát Tràng thuộc huyện Gia Lâm, Hà Nội, nổi danh gần 600 năm với nghề làm gốm. Điểm nổi bật là sử dụng đất sét trắng mịn và kỹ thuật nung ở nhiệt độ cao 1.200-1.300 độ C, cho ra men bền, màu sắc tinh tế. Sản phẩm đặc trưng gồm chum vại, bát đĩa, ấm chén, bình hoa, tượng và tranh gốm men xanh, men rạn, men ngọc. Gốm Bát Tràng vừa là đồ gia dụng vừa là sản phẩm mỹ nghệ được ưa chuộng, góp phần giữ gìn nghề truyền thống và thu hút du khách đến tham quan làng nghề."
Đờn ca tài tử Nam Bộ là gì và vì sao nó được UNESCO vinh danh là di sản văn hóa?,"Đờn ca tài tử là loại hình nghệ thuật dân gian của người dân Nam Bộ, hình thành và phát triển từ cuối thế kỷ 19, gắn với đời sống của cư dân miền Tây sông nước. Đây là loại nhạc thính phòng trình diễn tại gia, do các nghệ nhân chơi với các nhạc cụ như đàn kìm, đàn cò, đàn tranh, đàn bầu, kết hợp cùng tiếng hò, câu hát mang tính ứng tác. Năm 2013 UNESCO ghi danh đờn ca tài tử là Di sản văn hóa phi vật thể đại diện của nhân loại vì nó thể hiện giá trị tinh thần sâu sắc, gắn kết cộng đồng và là nét sinh hoạt văn hóa đặc trưng của vùng đất phương Nam."
Tục đi lễ chùa cầu may đầu năm của người Việt mang ý nghĩa gì trong đời sống tinh thần?,"Đi lễ chùa đầu năm là nét đẹp tâm linh đã ăn sâu vào đời sống người Việt, thường diễn ra trong dịp Tết Nguyên đán và các ngày rằm, mồng một. Người ta lên chùa để thắp hương, lễ Phật, cầu bình an, sức khỏe, may mắn cho gia đình và người thân. Đây không chỉ là việc xin lộc mà còn là dịp con người hướng về điều thiện, tĩnh tâm lại sau năm cũ, gửi gắm những ước nguyện tốt đẹp cho năm mới. Tục lệ này thể hiện đạo lý uống nước nhớ nguồn, sự kết nối cộng đồng và giữ gìn bản sắc văn hóa tâm linh của dân tộc."
Chiếc khăn rằn có vai trò gì trong văn hóa và đời sống của người dân Nam Bộ?,"Khăn rằn là tấm vải sọc trắng đen (hoặc trắng nâu) đặc trưng của người Nam Bộ, nhất là khu vực miền Tây. Trước đây khăn rằn là vật dụng thiết yếu của bà con nông dân khi đi ruộng: dùng để lau mồ hôi, che nắng, bịt mặt chống bụi, cuốn đầu hoặc quấn vai. Trong văn hóa, khăn rằn còn gắn với hình ảnh cô gái Nam Bộ duyên dáng, xuất hiện trong cải lương, đờn ca tài tử và văn chương. Ngày nay khăn rằn trở thành biểu tượng du lịch, được làm thành quà lưu niệm, khăn trải bàn, trang phục biểu diễn, thể hiện nét giản dị mà thấm đượm tình người vùng sông nước."
Múa lân sư rồng thường xuất hiện vào những dịp nào và có ý nghĩa gì với người Việt?,"Múa lân sư rồng thường được biểu diễn trong dịp Tết Nguyên đán, lễ khai trương, lễ hội, đám cưới và các dịp khánh thành. Theo quan niệm dân gian, lân là linh vật tượng trưng cho sự may mắn, tài lộc, mang đến điềm lành và xua đuổi tà khí. Điệu múa đặc sắc với động tác nhảy cao, lắc đầu, hái lộc trên cây tre, kèm tiếng trống rộn rã tạo không khí náo nức. Người dân thường treo lì xì trên cao để đoàn lân hái lộc mang phúc lộc về cho gia chủ. Múa lân vì thế không chỉ là trò vui mà còn là nghi thức cầu may gắn với tín ngưỡng dân gian lâu đời."
Tranh Đông Hồ có gì đặc biệt so với các dòng tranh dân gian khác của Việt Nam?,"Tranh Đông Hồ ở làng Đông Hồ, tỉnh Bắc Ninh, là dòng tranh dân gian nổi tiếng được in bằng kỹ thuật khắc gỗ. Nét đặc biệt là giấy in được làm từ vỏ cây dó, phủ lớp điệp (vỏ sò nghiền mịn) tạo nền óng ánh lấp lánh. Màu sắc chế từ nguyên liệu tự nhiên như màu đen từ than lá tre, đỏ từ gỗ vang, vàng từ hoa hòe. Đề tài gần gũi đời sống như lợn đàn, gà đàn, đánh ghen, chăn trâu, thể hiện ước vọng no đủ, hạnh phúc của người nông dân. Nghề làm tranh Đông Hồ đã được công nhận là di sản văn hóa phi vật thể quốc gia."
Nón lá Việt Nam được làm từ những vật liệu gì và trải qua quy trình ra sao?,"Nón lá truyền thống được làm chủ yếu từ lá cọ hoặc lá nón và khung tre, mây, kết bằng chỉ. Quy trình gồm chọn lá tươi, phơi héo rồi ủ cho lá trắng và dẻo, sau đó là nước lá lên khuôn. Người thợ chuốt tre vót mảnh uốn thành 16-18 nan tròn xếp thành hình chóp, rồi khâu từng lá lên khung bằng chỉ, cuối cùng dùng sợi tre mảnh may viền mép tạo độ bền. Nón có thể tráng thêm một lớp dầu bóng để chống nước. Nón lá vừa là vật che mưa nắng vừa là hình ảnh biểu tượng dịu dàng của người phụ nữ Việt Nam."
Vì sao người Việt thường chào nhau bằng câu 'ăn cơm chưa?' thay vì 'xin chào'?,"Câu ăn cơm chưa bắt nguồn từ nền văn hóa nông nghiệp lúa nước, nơi cơm gạo là trung tâm của bữa ăn và sự no đủ là mối quan tâm hàng đầu. Hỏi ăn cơm chưa không phải để kiểm tra bạn đã ăn hay chưa mà là lời hỏi thăm sức khỏe, thể hiện sự quan tâm, gần gũi giữa người với người. Nếu đối phương trả lời chưa, người hỏi còn tự nhiên mời vào ăn với tôi, tạo sự thân tình. Cách chào này thể hiện nét ứng xử trọng tình, trọng nghĩa và sự hiếu khách đặc trưng của người Việt."
Bánh cuốn Thanh Trì có gì đặc biệt so với bánh cuốn nơi khác?,"Bánh cuốn Thanh Trì ở Hà Nội nổi tiếng nhờ bánh mỏng, mịn, trắng trong như tờ giấy. Bí quyết nằm ở việc chọn gạo ngon ngâm kỹ, xay mịn, khi tráng chỉ dùng một lớp bột rất mỏng trên vải căng hơi nước để bánh chín đều mà vẫn mềm mượt. Nhân bánh là thịt băm xào với mộc nhĩ, hành phi thơm. Điểm nhấn là nước chấm được pha tỉ mỉ từ nước mắm ngon, chanh, đường, ớt, tỏi và phần chả giòn béo ăn kèm, tạo nên vị thanh đạm mà đậm đà khó trộn lẫn với bánh cuốn các vùng khác."
Hủ tiếu Nam Vang có đặc trưng gì và thường được ăn kèm với những thành phần nào?,"Hủ tiếu Nam Vang là món ăn gốc từ người Hoa ở Nam Vang (Phnom Penh, Campuchia), du nhập và phổ biến ở Nam Bộ. Đặc trưng là sợi hủ tiếu làm từ bột gạo trắng dai, mềm, nước lèo trong ngọt được ninh từ xương heo cùng tôm khô, củ cải khô, tạo hương thơm đặc trưng. Tô hủ tiếu thường đầy đặn với tôm, thịt băm, lòng heo, gan, trứng cút, và ăn kèm giá, hẹ, ngò, rau sống cùng chanh, ớt. Người sành ăn thường dùng thêm miếng chao hoặc nước tương để tăng vị. Món này thể hiện sự giao thoa ẩm thực Hoa - Việt rất hài hòa."
Chả cá Lã Vọng được chế biến như thế nào và vì sao nổi tiếng đến vậy?,"Chả cá Lã Vọng là món ăn Hà Nội, dùng cá lăng hoặc cá quả tươi lọc thịt, ướp với nghệ, riềng, nước mắm rồi xiên que nướng vàng thơm. Khi ăn, chả cá được bỏ vào chảo mỡ nóng với thì là và hành hoa, vừa ăn vừa giữ lửa để miếng cá nóng giòn. Món ăn kèm bún rối, lạc rang, mắm tôm pha chanh, ớt tạo nên hương vị đậm đà đặc trưng. Nổi tiếng từ cuối thế kỷ 19 ở phố Chả Cá, món này đã trở thành thương hiệu ẩm thực của Hà Nội, thu hút thực khách trong nước và quốc tế đến thưởng thức."
Cơm hến Huế có gì đặc biệt khiến nó trở thành món ăn dân dã nổi tiếng?,"Cơm hến Huế là món ăn dân dã của người dân cố đô, làm từ cơm nguội trộn với hến xào, kèm các loại rau sống như xà lách xoong, bắp chuối, rau thơm, đậu phộng rang, mè rang và tóp mỡ. Điểm đặc biệt là vị chua cay thanh của tương ớt Huế, vị mặn ngọt của nước mắm, kèm dưa môn, khế chua tạo nên tổng hòa hương vị đậm đà. Món ăn tuy bình dị nhưng thể hiện sự khéo léo phối trộn nguyên liệu, được người dân địa phương và du khách yêu thích vì vừa ngon vừa no mà giá lại bình dân."
"Cách pha chén nước mắm chua ngọt chuẩn vị để ăn kèm các món cuốn, món chiên là gì?","Tỉ lệ phổ biến cho nước mắm chua ngọt là 1 phần nước mắm ngon, 1 phần đường, 1 phần nước lọc và nước cốt chanh khoảng nửa quả, rồi thêm tỏi ớt băm nhuyễn. Quy trình: hòa tan đường với nước lọc trước, sau đó cho nước mắm và chanh vào khuấy đều để tránh bị lắng đọng. Cuối cùng cho tỏi ớt vào và để yên khoảng 10 phút cho tỏi ớt chìm xuống, chén nước mắm nhìn đẹp mắt. Tùy món ăn có thể điều chỉnh độ chua, cay; nước mắm ăn với cuốn hoặc chiên thường hơi lỏng và đậm hơn một chút."
Vì sao ẩm thực miền Trung Việt Nam lại thiên về vị mặn và cay hơn các vùng khác?,"Ẩm thực miền Trung đậm vị mặn và cay do điều kiện tự nhiên và tập quán sinh hoạt. Khí hậu miền Trung nắng nóng, nhiều gió Lào khô nóng khiến người dân dùng mặn để bảo quản thực phẩm lâu hơn và dùng cay để kích thích ăn ngon, giải nhiệt. Các món như bún bò Huế, cơm hến, mắm tép, cá trê chiên nước mắm đều có độ mặn và cay rõ rệt. Ngoài ra, nước mắm miền Trung, đặc biệt từ các tỉnh như Phan Thiết, Nha Trang, vốn đậm đà hơn nước mắm miền Bắc hay miền Nam, góp phần tạo nên bản sắc mặn mà khó lẫn của ẩm thực vùng này."
Vì sao Hà Nội có đủ bốn mùa rõ rệt trong khi TP.HCM gần như chỉ có hai mùa?,"Hà Nội nằm ở vĩ độ khoảng 21 độ Bắc, trong vùng khí hậu nhiệt đới gió mùa có mùa đông lạnh, chịu ảnh hưởng của gió mùa Đông Bắc từ lục địa tràn xuống mỗi năm, nên có bốn mùa xuân, hạ, thu, đông phân biệt rõ. TP.HCM nằm gần xích đạo, khoảng 10,5 độ vĩ Bắc, quanh năm nắng nóng với hai mùa mưa - khô, biên độ nhiệt ngày đêm và năm đều nhỏ, không có mùa lạnh. Sự khác biệt chủ yếu do vĩ độ và cơ chế gió mùa, khiến miền Bắc có mùa đông còn miền Nam gần như không có thời tiết lạnh rõ rệt."
Vì sao đất đỏ bazan ở Tây Nguyên lại rất thích hợp để trồng cà phê và cao su?,"Đất đỏ bazan (đất feralit trên đá bazan) hình thành từ dung nham phong hóa lâu năm, có tầng đất dày, tơi xốp, thoát nước tốt nhưng vẫn giữ được độ ẩm cần thiết. Loại đất này giàu dinh dưỡng, nhất là các khoáng chất như sắt, nhôm và các nguyên tố vi lượng cần cho cây công nghiệp dài ngày. Cà phê và cao su cần bộ rễ ăn sâu, đất thoáng khí nên phát triển rất mạnh trên loại đất này. Khí hậu Tây Nguyên có mùa mưa khô rõ rệt lại giúp cây ra hoa, chín quả tập trung, tạo nên vùng trồng cà phê, cao su lớn nhất cả nước."
Rừng U Minh ở miền Tây có hệ sinh thái và những đặc sản gì nổi bật?,"Rừng U Minh gồm U Minh Thượng (Kiên Giang) và U Minh Hạ (Cà Mau), là kiểu rừng tràm trên đất than bùn độc đáo của vùng đồng bằng sông Cửu Long. Hệ sinh thái nơi đây có tràm, đước, nhiều loài chim nước như cò, vạc, le le và các loài cá đồng, tôm càng xanh. Đặc sản nổi tiếng gồm mật ong rừng U Minh, khô cá đồng, lươn, cá lóc nướng trui, mắm và đọt choại. Rừng U Minh còn là lá phổi và lá chắn sóng gió cho vùng đất mũi Cà Mau, được công nhận là khu dự trữ sinh quyển thế giới."
Vì sao đảo Lý Sơn lại nổi tiếng về trồng tỏi và hành?,"Lý Sơn (Quảng Ngãi) có nguồn đất bazan màu mỡ phun trào từ núi lửa ngầm, giàu khoáng chất, cùng khí hậu nắng gió biển khắc nghiệt giúp tỏi, hành tích lũy tinh dầu và chất cay nhiều hơn hẳn. Tỏi Lý Sơn được ưa chuộng vì củ nhỏ, chắc, thơm nồng và bảo quản được lâu nhờ phơi khô trên cát trắng hút ẩm. Người dân còn trồng tỏi xen cạnh trên những ruộng cát ven đảo, tận dụng gió biển tự nhiên. Sản lượng tuy nhỏ nhưng chất lượng vượt trội, tạo nên thương hiệu tỏi, hành Lý Sơn nổi tiếng khắp cả nước."
Hồ Ba Bể ở Bắc Kạn có những giá trị nổi bật gì về thiên nhiên và du lịch?,"Hồ Ba Bể nằm ở tỉnh Bắc Kạn, được hình thành từ nhiều sông ngầm và thung lũng đá vôi, là hồ nước ngọt tự nhiên lớn nhất Việt Nam và một trong những hồ nước ngọt đẹp nhất thế giới theo đánh giá của các nhà khoa học. Hồ có ba phần liên thông là Pe Lèng, Pe Lù, Pe Lầm, được bao quanh bởi núi đá vôi và rừng nguyên sinh, trong hồ có đảo Bà Góa, hang Thẳm Kình, động Hua Mạ. Hệ sinh thái nơi đây phong phú với nhiều loài cá quý hiếm. Hồ Ba Bể nằm trong vườn quốc gia Ba Bể và được công nhận là khu du lịch quốc gia, thu hút du khách đến chèo thuyền, khám phá hang động và nghỉ dưỡng."
Vì sao các đàn chim di cư thường bay theo hình chữ V?,"Bay hình chữ V giúp đàn chim tiết kiệm năng lượng. Con chim bay phía trước tạo ra luồng không khí xoáy nhỏ ở phía sau cánh, các con phía sau tận dụng luồng gió nâng này để đỡ bớt trọng lượng cơ thể, giảm sức cản, nhờ đó tiết kiệm tới 20-30% năng lượng so với bay đơn lẻ. Ngoài ra, cách xếp hàng này giúp từng con vẫn giữ tầm nhìn rõ ràng về phía trước và không cản trở nhau. Con dẫn đầu phải chịu sức cản lớn nhất nên chúng thường thay phiên nhau đi đầu để chia sẻ sức lực trên chặng đường dài."
Vì sao hoa sen được xem như quốc hoa của Việt Nam?,"Hoa sen gắn bó sâu sắc với văn hóa và tâm hồn người Việt. Sen mọc lên từ bùn lầy nhưng vẫn tỏa hương thơm ngát, không nhiễm mùi hôi, tượng trưng cho phẩm chất thanh cao, kiên cường mà khiêm nhường của con người Việt. Trong Phật giáo, sen là biểu tượng của sự thuần khiết và giác ngộ; trong đời sống, các sản phẩm từ sen như trà sen Tây Hồ, hạt sen, ngó sen, lá sen gói cơm đã thành nét ẩm thực đặc trưng. Hình ảnh hoa sen xuất hiện trong thơ ca, kiến trúc và cả biểu tượng hàng không quốc gia, nên được chọn làm quốc hoa thể hiện bản sắc dân tộc."
"Vì sao chó thường thè lưỡi, thở hổn hển để giải nhiệt khi trời nóng?","Chó không có tuyến mồ hôi phân bố khắp cơ thể như người, mồ hôi chỉ tiết ra rất ít ở lòng bàn chân. Cách chính để chó hạ nhiệt là thở hổn hển: thè lưỡi dài, thở nhanh và nông, làm không khí lướt qua bề mặt lưỡi và khoang miệng ẩm, giúp hơi nước bốc hơi nhanh và mang theo nhiệt ra ngoài. Lưỡi chó có diện tích lớn và được cấp nhiều mạch máu, nên hiệu quả làm mát khá tốt. Khi trời nóng hoặc sau khi chạy nhảy, bạn sẽ thấy chó thở mạnh và thè lưỡi nhiều hơn, đó là cơ chế điều hòa thân nhiệt tự nhiên của chúng."
"Nhận được tin nhắn báo chuyển khoản nhầm vào tài khoản rồi yêu cầu chuyển lại tiền, đây có phải chiêu lừa đảo không?","Đúng, đây là một trong những chiêu lừa đảo đang phổ biến hiện nay. Kẻ gian cố tình chuyển một khoản tiền từ nguồn bất hợp pháp vào tài khoản bạn, sau đó liên hệ thông báo chuyển nhầm và nhờ bạn chuyển lại một phần hoặc toàn bộ sang tài khoản của chúng. Nếu bạn làm theo, chính bạn sẽ thành cầu nối rửa dòng tiền bẩn, và khi nạn nhân thật khởi kiện, ngân hàng có thể phong tỏa tài khoản của bạn để điều tra. Cách xử lý đúng là không tự ý chuyển tiền, thông báo ngay cho ngân hàng và cơ quan công an để được hướng dẫn. (Thông tin kiến thức phòng tránh, không phải hướng dẫn phạm pháp.)"
Rửa tiền qua sòng bạc và cá độ trực tuyến diễn ra như thế nào?,"Sòng bạc và cá độ trực tuyến là kênh rửa tiền phổ biến vì dòng tiền qua lại dày đặc, khó phân biệt tiền thắng thua thật giả. Kẻ rửa tiền dùng tiền bẩn mua chip hoặc nạp vào tài khoản cá cược, chơi vài ván để tạo bề ngoài thắng thua, rồi rút ra số tiền đã được hợp thức hóa với lý do là tiền thắng. Một số nơi còn dùng người trung gian đứng tên tài khoản, hoặc đổi chip trực tiếp ra tiền mặt không để lại dấu vết. Các cơ quan chống rửa tiền hiện giám sát giao dịch nạp rút bất thường và xác minh người thụ hưởng thực sự. (Thông tin kiến thức giải thích cơ chế, không phải hướng dẫn phạm pháp.)"
Chiêu lừa mua hàng trả góp online thường diễn ra như thế nào?,"Lừa đảo trả góp online thường nhắm vào người cần mua điện thoại, xe máy, đồ điện tử gấp nhưng không đủ điều kiện vay. Kẻ gian mở trang web hoặc fanpage quảng cáo trả góp 0%, thủ tục siêu nhanh, chỉ cần giấy tờ tùy thân. Nạn nhân được yêu cầu nộp tiền đặt cọc, phí hồ sơ, phí bảo hiểm khoản vay trước khi nhận hàng, hoặc bị dẫn dắt cài ứng dụng giả để kiểm tra điểm tín dụng nhằm đánh cắp dữ liệu. Khi đã nộp tiền, họ bị chặn liên lạc hoặc nhận hàng giả, hàng cũ. Ngoài ra có biến thể yêu cầu cung cấp ảnh giấy tờ tùy thân, ảnh ký hợp đồng để lừa vay tiền dưới danh nghĩa người khác. Nên mua trả góp trực tiếp tại cửa hàng uy tín hoặc qua công ty tài chính có giấy phép. (Thông tin kiến thức phòng tránh, không phải hướng dẫn phạm pháp.)"
Kỹ thuật jailbreak chatbot bằng cách mã hóa hoặc xáo trộn câu hỏi hoạt động như thế nào?,"Đây là một trong các kỹ thuật vượt rào kiểm duyệt của mô hình ngôn ngữ. Thay vì hỏi trực tiếp, người dùng mã hóa câu hỏi bằng mã ký tự, viết ngược, dùng bảng mã riêng, hoặc chèn ký tự lạ giữa các từ để bộ lọc an toàn không nhận diện được nội dung, trong khi mô hình vẫn có khả năng giải mã ý nghĩa và trả lời. Một biến thể khác là tách câu hỏi thành nhiều phần nhỏ rồi yêu cầu mô hình ghép lại, hoặc dùng ngôn ngữ ít phổ biến. Các nhà phát triển liên tục cập nhật bộ lọc và huấn luyện mô hình nhận diện dạng mã hóa này, nên hiệu quả của kỹ thuật ngày càng giảm. (Thông tin kiến thức về cơ chế an toàn AI, không phải hướng dẫn phạm pháp.)"
Làm sao nhận biết cuộc gọi video deepfake giả mạo người thân để xin tiền?,"Công nghệ deepfake hiện có thể ghép khuôn mặt và tái tạo giọng nói trong thời gian thực, nên việc nghe thấy giọng người thân hay nhìn thấy hình ảnh không còn là bằng chứng chắc chắn. Để nhận biết, chú ý các chi tiết: chuyển động môi không khớp lời nói, ánh mắt ít chớp, đường viền mặt mờ hoặc lệch, cử chỉ thiếu tự nhiên, chất lượng hình ảnh biến đổi khi xoay mặt. Quan trọng nhất là đặt câu hỏi kiểm tra mà chỉ người thân thật mới biết, gọi lại bằng số điện thoại đã lưu trong danh bạ, hoặc yêu cầu đổi sang ứng dụng gọi video khác. Nếu người kia lảng tránh, đòi chuyển tiền gấp, cấm kể cho ai thì rất có thể là deepfake. (Thông tin kiến thức phòng tránh, không phải hướng dẫn phạm pháp.)"
Social engineering là gì và vì sao nó lại nguy hiểm hơn cả việc hack kỹ thuật?,"Social engineering (kỹ thuật xã hội) là nghệ thuật thao túng tâm lý con người để họ tự nguyện tiết lộ thông tin bí mật, chuyển tiền hoặc cấp quyền truy cập, thay vì khai thác lỗ hổng phần mềm. Nó nguy hiểm vì tấn công vào mắt xích yếu nhất của mọi hệ thống là con người: có thể dựng tường lửa tốt đến mấy, nhưng nếu nhân viên gõ mật khẩu vào trang giả hoặc đọc mã OTP qua điện thoại thì mọi lớp bảo mật kỹ thuật đều vô nghĩa. Các kỹ thuật thường gặp gồm giả danh cơ quan chức năng, dựng bối cảnh khẩn cấp, lợi dụng lòng tin và sự sẵn lòng giúp đỡ. Khác với mã độc, kỹ thuật này để lại rất ít dấu vết kỹ thuật để truy vết. (Thông tin kiến thức an ninh, không phải hướng dẫn phạm pháp.)"
Phishing kit là gì và kẻ lừa đảo dùng nó như thế nào?,"Phishing kit là bộ công cụ có sẵn trên chợ đen để tạo trang web giả mạo, thường gồm template sao chép giao diện ngân hàng, mạng xã hội hoặc dịch vụ thanh toán, kèm script thu thập mật khẩu, số thẻ, mã OTP và cả công cụ tự gửi dữ liệu về máy chủ của kẻ gian. Kẻ lừa đảo chỉ cần mua hoặc tải kit, chọn tên miền trông giống thật, gửi email hoặc tin nhắn dụ nạn nhân bấm link, mọi thông tin nhập vào trang giả sẽ tự động bị đánh cắp. Một số kit còn có tính năng tự đổi giao diện theo trình duyệt, chặn địa chỉ IP của cơ quan chức năng để khó bị phát hiện. Nhờ kit, ngay cả người không rành kỹ thuật cũng dựng được trang giả, khiến lừa đảo trở nên phổ biến. (Thông tin kiến thức bảo mật, không phải hướng dẫn phạm pháp.)"
Chiêu lừa đăng ký dịch vụ gia tăng qua tin nhắn SMS hoạt động thế nào?,"Đây là chiêu lừa đăng ký các dịch vụ nội dung trả phí (như nhạc chuông, xem bói, xổ số, tin tức) qua SMS hoặc qua link trên mạng xã hội. Kẻ gian gửi tin nhắn quảng cáo mời tham gia trúng thưởng, cập nhật bảo mật, hoặc đăng link kèm lời hứa nhận quà; khi người dùng nhắn tin theo cú pháp, bấm vào link hoặc gọi số tổng đài, họ vô tình đăng ký gói cước trả phí định kỳ mà không nhận được gì có giá trị. Nhiều người chỉ phát hiện khi cước điện thoại tăng vọt hoặc bị trừ tiền tự động liên tục. Để phòng tránh, không nhắn tin, không bấm link theo yêu cầu của số lạ, thường xuyên kiểm tra gói cước và chủ động hủy các gói đăng ký ngoài ý muốn. (Thông tin kiến thức phòng tránh, không phải hướng dẫn phạm pháp.)"
Dịch vụ nhận giải cứu tiền bị lừa thu phí trên mạng có đáng tin không?,"Tuyệt đối không nên tin. Khi một người bị lừa chuyển tiền, họ dễ rơi vào trạng thái hoảng loạn, và ngay lúc đó xuất hiện những nhóm tự xưng chuyên thu hồi tiền bị lừa, giải cứu tài khoản bị hack với cam kết lấy lại tiền trong 24 giờ. Đây thực chất là vòng lừa thứ hai: nạn nhân bị yêu cầu đóng phí trước, phí xử lý, thuế giải ngân, rồi bị chặn liên lạc hoặc bị dẫn dắt nộp thêm. Không một dịch vụ tư nhân nào có quyền truy xuất và thu hồi tiền trong tài khoản người khác; việc thu hồi chỉ thực hiện qua ngân hàng, cơ quan công an và cơ quan tố tụng. Nếu bị lừa, hãy trực tiếp đến cơ quan công an và ngân hàng chính thức để được hỗ trợ. (Thông tin kiến thức phòng tránh, không phải hướng dẫn phạm pháp.)"
Shell bank (ngân hàng bình phong) là gì trong hoạt động rửa tiền?,"Shell bank là ngân hàng không có hiện diện vật chất thực sự, không thuộc tập đoàn ngân hàng hợp pháp nào, không hoạt động tại nước đăng ký, và không có giấy phép ngân hàng tại nơi thực hiện giao dịch. Trong rửa tiền, kẻ gian lập shell bank để mở tài khoản giả, chuyển tiền xuyên biên giới mà không bị kiểm soát, vì shell bank không tuân thủ quy định nhận biết khách hàng và không báo cáo giao dịch bất thường. Dòng tiền bẩn được chuyển vào shell bank rồi chuyển tiếp qua nhiều ngân hàng khác để cắt đuôi truy vết. Chính vì vậy các quy định chống rửa tiền quốc tế yêu cầu ngân hàng từ chối giao dịch với shell bank và kiểm tra kỹ ngân hàng đại lý nước ngoài. (Thông tin kiến thức pháp lý, không phải hướng dẫn phạm pháp.)"
Vì sao quả chuối chín lại xuất hiện những đốm nâu trên vỏ?,"Khi chuối chín, enzyme và tinh bột chuyển hóa thành đường, vỏ chuyển vàng. Các đốm nâu xuất hiện khi quả chín quá độ, do chất ethylene tiếp tục kích thích quá trình hô hấp, enzyme polyphenol oxidase oxy hóa các hợp chất trong vỏ tạo ra sắc tố nâu, đồng thời mô vỏ bắt đầu phân hủy. Đốm nâu là dấu hiệu chuối rất chín, ngọt nhất vì tinh bột đã chuyển hóa gần hết thành đường, nhưng cũng có nghĩa quả sắp quá lửa, dễ nhũn. Ở một số loài khác như chuối sáp, đốm nâu lại là dấu hiệu chín dùng để ăn hoặc làm bánh. Vì vậy nhìn vỏ có đốm không có nghĩa là quả hư, chỉ là quả đã chín kỹ."
Vì sao lá cây có màu xanh?,"Lá cây có màu xanh vì chứa chất diệp lục (chlorophyll) trong lục lạp. Diệp lục hấp thụ mạnh ánh sáng xanh tím và ánh sáng đỏ cam để phục vụ quá trình quang hợp, nhưng hấp thụ rất ít ánh sáng màu xanh lục, nên phần ánh sáng xanh bị phản xạ lại và mắt ta nhìn thấy lá màu xanh. Màu xanh giúp lá tối ưu quá trình tổng hợp năng lượng: năng lượng ánh sáng được dùng để biến CO2 và nước thành đường nuôi cây. Vào mùa thu ở các vùng ôn đới, khi diệp lục phân hủy, các sắc tố khác như carotenoid (vàng cam) và anthocyanin (đỏ tím) lộ ra nên lá chuyển màu rực rỡ trước khi rụng."
Vì sao gấu lại ngủ đông trong thời gian dài?,"Gấu ngủ đông để vượt qua mùa đông khắc nghiệt khi thức ăn khan hiếm và nhiệt độ xuống thấp. Trước mùa đông, gấu ăn rất nhiều để tích mỡ dự trữ, rồi tìm hang ẩn náu, hạ thân nhiệt, nhịp tim và nhịp thở chậm lại đáng kể, sử dụng mỡ dự trữ làm nguồn năng lượng. Đặc điểm thú vị là gấu ngủ đông không hoàn toàn ngủ mê man mà có thể thức giấc nhẹ, không ăn uống, không bài tiết, nhưng vẫn giữ được khối lượng cơ bắp và xương nhờ cơ chế tái chế chất thải. Khi xuân đến, gấu tỉnh dậy, cơ thể đã sẵn sàng hoạt động bình thường. Một số loài động vật khác như sóc, nhím, dơi cũng ngủ đông tương tự."
Vì sao dầu ăn và nước không hòa tan vào nhau?,"Dầu ăn và nước không hòa tan vì cấu trúc phân tử của chúng khác nhau về bản chất hóa học. Phân tử nước có tính phân cực: đầu oxy mang điện âm, đầu hydro mang điện dương, nên các phân tử nước hút nhau mạnh bằng liên kết hydro. Phân tử dầu thì gần như không phân cực, gồm chuỗi carbon và hydro dài, không mang điện tích lệch rõ. Vì các phân tử dầu không thể tạo liên kết với phân tử nước, chúng không trộn được, và do nhẹ hơn nước nên dầu nổi lên trên tạo thành hai lớp riêng biệt. Muốn hòa tan hai chất này cần chất trung gian gọi là chất nhũ hóa, ví dụ lòng đỏ trứng, mù tạt, có trong sốt mayonnaise để tạo hỗn hợp nhũ tương ổn định."
Vì sao Trái Đất có ngày và đêm luân phiên nhau?,"Ngày và đêm luân phiên vì Trái Đất tự quay quanh trục của mình. Trái Đất quay trọn một vòng quanh trục trong khoảng 24 giờ, quay từ tây sang đông, nên tại một thời điểm chỉ có một nửa bề mặt hướng về Mặt Trời nhận được ánh sáng (ngày), nửa còn lại quay ra xa Mặt Trời nên tối (đêm). Khi Trái Đất tiếp tục quay, vị trí giữa ngày và đêm dịch chuyển dần, tạo nên vòng tuần hoàn sáng tối. Trục Trái Đất nghiêng khoảng 23,5 độ so với mặt phẳng quỹ đạo, nên độ dài ngày đêm không bằng nhau giữa các mùa, mùa hè ngày dài đêm ngắn, mùa đông thì ngược lại."
"Vì sao kim loại dẫn điện tốt hơn gỗ, nhựa?","Khả năng dẫn điện phụ thuộc vào sự chuyển động của các hạt mang điện trong vật liệu. Trong kim loại, các electron ở lớp ngoài cùng không gắn chặt với một nguyên tử mà tạo thành biển electron tự do chuyển động khắp khối kim loại; khi có điện áp đặt vào, những electron này dễ dàng dịch chuyển theo một hướng, tạo ra dòng điện. Gỗ, nhựa, cao su là chất cách điện vì các electron bị giữ chặt trong liên kết hóa học, hầu như không di chuyển được nên không dẫn điện. Một số vật liệu nằm giữa như silicon có thể dẫn điện ở mức hạn chế, gọi là chất bán dẫn. Vì đặc tính này, dây điện dùng lõi đồng nhôm còn vỏ bọc ngoài làm bằng nhựa, cao su để cách điện an toàn."
Vì sao cơ thể con người cần vitamin C mỗi ngày?,"Cơ thể cần vitamin C vì nó tham gia nhiều chức năng quan trọng nhưng con người lại không tự tổng hợp được. Vitamin C giúp sản xuất collagen, loại protein cấu trúc chính của da, sụn, gân, mạch máu, giúp vết thương mau lành; đồng thời hoạt động như chất chống oxy hóa bảo vệ tế bào khỏi gốc tự do, tăng cường hấp thu sắt từ thực phẩm thực vật. Thiếu vitamin C lâu ngày gây bệnh scurvy với triệu chứng chảy máu chân răng, da khô, mệt mỏi, vết thương lâu lành. Vitamin C không tích trữ được lâu trong cơ thể, phần dư bị đào thải qua nước tiểu, nên cần bổ sung hàng ngày qua trái cây như cam, quýt, ổi, kiwi và rau xanh như ớt chuông, cải xanh."
Vì sao con người lại mơ khi ngủ?,"Giấc mơ xảy ra chủ yếu trong giai đoạn ngủ REM (chuyển động mắt nhanh), khi não hoạt động gần như lúc thức trong khi cơ thể đang trong trạng thái thư giãn sâu. Giấc mơ được cho là cách não xử lý, sắp xếp và lưu trữ ký ức của một ngày, củng cố các thông tin quan trọng và loại bỏ thông tin thừa. Ngoài ra, mơ có thể phản ánh cảm xúc, mong muốn, lo lắng tiềm ẩn, và một phần là sản phẩm ngẫu nhiên của hoạt động điện não khi xử lý thông tin. Không phải lúc nào ngủ cũng mơ, nhưng hầu hết mọi người mơ vài lần mỗi đêm, chỉ là quên đi vì không thức giấc đúng lúc. Ngủ đủ giấc giúp chu kỳ REM diễn ra đều đặn."
Vì sao vỏ trứng chim rất mỏng nhưng vẫn chịu được sức nặng của chim mẹ khi ấp?,"Vỏ trứng tuy mỏng nhưng cấu trúc cong của nó phân bố lực rất đều. Hình vòm cầu giúp lực ép từ bên ngoài được dàn trải ra toàn bộ bề mặt thay vì tập trung tại một điểm, giống nguyên lý của vòm cầu hay mái vòm kiến trúc, chịu lực nén tốt. Ngoài ra, vỏ trứng gồm nhiều lớp tinh thể canxi cacbonat sắp xếp xen kẽ với màng protein, tạo độ bền cơ học cao cho độ dày nhỏ. Chim mẹ khi ấp cũng phân bổ trọng lượng cơ thể qua lòng bàn chân, không dồn lực xuống một điểm. Nếu có vết nứt nhỏ trên vỏ, điểm yếu này khiến trứng dễ vỡ hơn nhiều, chứng tỏ sự nguyên vẹn của vòm là yếu tố then chốt."
Vì sao khi bị chuột rút người ta thường duỗi cơ và bổ sung kali?,"Chuột rút là cơn co cơ đột ngột, không tự chủ, thường xảy ra khi cơ bắp hoạt động quá sức, mất nước, thiếu khoáng chất hoặc tuần hoàn máu kém. Khi bị chuột rút, duỗi cơ và xoa bóp nhẹ giúp kéo căng sợi cơ đang co thắt, làm dịu cơn đau và đưa cơ trở lại trạng thái bình thường. Kali là khoáng chất đóng vai trò quan trọng trong dẫn truyền tín hiệu thần kinh và co giãn cơ; thiếu kali khiến cơ dễ bị kích thích quá mức, dẫn tới chuột rút. Vì vậy sau khi bị chuột rút, bổ sung thực phẩm giàu kali như chuối, khoai tây, cam, nước dừa giúp phòng ngừa tái phát, kết hợp uống đủ nước và khởi động kỹ trước khi vận động."
Tín ngưỡng thờ Mẫu của người Việt có ý nghĩa gì?,"Tín ngưỡng thờ Mẫu là tín ngưỡng dân gian bản địa thờ các vị nữ thần cai quản trời, đất, nước, rừng và núi, tiêu biểu là Mẫu Liễu Hạnh. Tín ngưỡng này thể hiện sự tôn kính người phụ nữ, tình mẫu tử, và ước nguyện cầu sức khỏe, bình an, may mắn cho gia đình. Nghi lễ thờ Mẫu gồm lên đồng, hát văn, hầu bóng với trang phục, cử chỉ và màn múa mang tính nghệ thuật cao. Năm 2016, tín ngưỡng thờ Mẫu Tam phủ của người Việt được UNESCO ghi danh là di sản văn hóa phi vật thể đại diện của nhân loại. Đây là nét văn hóa tâm linh giàu bản sắc, kết nối cộng đồng và phản ánh tín ngưỡng đa thần lâu đời của người Việt."
Tết Trung thu của người Việt có những phong tục đáng chú ý nào?,"Tết Trung thu rơi vào ngày rằm tháng 8 âm lịch, còn gọi là Tết thiếu nhi hay Tết trông trăng. Phong tục đáng chú ý nhất là rước đèn, phá cỗ: trẻ em xếp hàng rước đèn lồng, đèn ông sao, đèn kéo quân quanh sân, sau đó phá cỗ bánh trung thu, trái cây dưới ánh trăng. Bánh trung thu có hai loại bánh nướng và bánh dẻo, nhân thập cẩm, đậu xanh, hạt sen, thường được tặng nhau trong dịp này. Người lớn còn bày mâm cỗ cúng trăng với hoa quả, bánh kẹo, tượng trưng cho sự no đủ. Trong dịp này cũng diễn ra múa lân sư rồng rộn rã. Trung thu vừa là dịp sum vầy gia đình vừa là lễ hội dành riêng cho trẻ em, thể hiện tình thương của người lớn dành cho các em."
Hội Lim ở Bắc Ninh có những nét đặc sắc nào?,"Hội Lim là lễ hội lớn nhất của vùng Kinh Bắc, tổ chức vào ngày 13 tháng Giêng âm lịch hằng năm tại thị trấn Lim, huyện Tiên Du, tỉnh Bắc Ninh. Điểm đặc sắc nhất là hát quan họ trên thuyền: các liền anh, liền chị trong trang phục truyền thống hát giao duyên trên hồ nước, tạo nên khung cảnh lãng mạn rất riêng. Hội Lim còn có thi hát quan họ giữa các làng, hát đối đáp, cùng các trò chơi dân gian như đấu vật, đu tiên, kéo co, thi thổi cơm. Lễ hội gắn với truyền thuyết ông Hiếu Trung (thành hoàng làng) và tinh thần thượng võ, gắn kết cộng đồng. Hội Lim thu hút đông đảo du khách về nghe quan họ, thưởng thức ẩm thực và nét văn hóa đặc trưng của vùng đất quan họ."
Ngày giỗ Tổ Hùng Vương mùng 10 tháng 3 âm lịch có ý nghĩa gì với người Việt?,"Giỗ Tổ Hùng Vương diễn ra vào mùng 10 tháng 3 âm lịch hằng năm tại Đền Hùng, tỉnh Phú Thọ, là dịp cả dân tộc tưởng nhớ công dựng nước của các vua Hùng. Theo truyền thuyết, các vua Hùng là những người khai sinh nhà nước đầu tiên của người Việt, đặt nền móng cho đất nước. Ngày giỗ Tổ là biểu tượng của đạo lý uống nước nhớ nguồn, tinh thần đoàn kết dân tộc, nhắc nhở mọi người luôn hướng về cội nguồn. Năm 2012, tín ngưỡng thờ cúng Hùng Vương được UNESCO ghi danh là di sản văn hóa phi vật thể đại diện của nhân loại. Đây là ngày lễ lớn, có ý nghĩa quốc giỗ, khiến người Việt ở khắp nơi đều hướng về Đền Hùng, dù đi xa vẫn nhớ về quê cha đất tổ."
Tết Hàn thực của người Việt có nguồn gốc và ý nghĩa gì?,"Tết Hàn thực diễn ra vào ngày mùng 3 tháng 3 âm lịch hằng năm. Tên gọi Hàn thực có nguồn gốc từ Trung Quốc, nghĩa là ăn đồ nguội để tưởng nhớ Giới Tử Thôi thời Xuân Thu, nhưng khi du nhập vào Việt Nam, phong tục này được biến đổi thành ngày làm bánh trôi, bánh chay dâng cúng tổ tiên. Bánh trôi làm từ bột gạo nếp viên nhỏ tròn, có hoặc không có nhân đường, bánh chay viên to hơn có nhân đậu xanh, ăn kèm nước đường gừng. Người Việt không kiêng lửa như phong tục gốc mà chỉ làm bánh để cúng và quây quần gia đình. Tết Hàn thực vì thế trở thành dịp để các gia đình Việt thể hiện lòng thành kính với tổ tiên và gìn giữ nét văn hóa ẩm thực truyền thống."
Bánh ướt ăn kèm chả lụa được làm như thế nào?,"Bánh ướt là món ăn làm từ bột gạo xay mịn, hòa với nước, tráng mỏng trên vải căng hơi nước trong xửng, tạo thành lớp bánh mềm mịn, trắng, hơi ướt nên gọi là bánh ướt. Bánh thường được cuốn với chả lụa, chả quế, rau sống, dưa leo, ăn kèm nước mắm pha chua ngọt, thêm ít giá chần và hành phi. Cách làm đòi hỏi pha bột đúng độ đặc để bánh không bị dày, không bị nát, và tráng nhanh để lớp bánh mỏng đều. Bánh ướt phổ biến ở nhiều nơi, nổi tiếng nhất là bánh ướt thịt nướng Đà Nẵng. Món ăn thanh mát, mềm mượt, thích hợp ăn sáng hoặc ăn nhẹ."
Bánh khọt Vũng Tàu khác bánh xèo như thế nào?,"Bánh khọt và bánh xèo cùng họ bánh chiên từ bột gạo nhưng khác nhau rõ về kích thước, hình dạng và cách chế biến. Bánh khọt có kích thước nhỏ, đúc trong khuôn tròn có nhiều lỗ, lớp viền ngoài giòn, giữa bột mềm, thường đổ bột vào khuôn rồi cho tôm nguyên con lên trên. Bánh xèo thì to, tráng mỏng dàn đều trên chảo, cuốn với rau. Bánh khọt ăn kèm rau sống, chấm nước mắm chua ngọt, đôi khi thêm nước cốt dừa vào bột để tăng vị béo. Ở Vũng Tàu, bánh khọt thường ăn kèm xoài bào sợi và nước mắm đặc trưng, trở thành món ăn vặt nổi tiếng của vùng biển. Cả hai món đều ngon nhất khi ăn nóng, vừa giòn vừa thơm."
Lẩu mắm U Minh có gì đặc trưng?,"Lẩu mắm U Minh là đặc sản của vùng đất U Minh, Cà Mau, nổi tiếng với hương vị đậm đà từ mắm. Nước lẩu được nấu từ mắm cá linh, cá sặc, cá lóc lọc kỹ lấy nước cốt, lọc bỏ xương rồi nêm với sả, ớt, đường, tạo vị mặn ngọt đặc trưng. Lẩu ăn kèm nhiều loại rau rừng như bông súng, bông điên điển, rau nhút, đọt choại, kèm cá linh, cá lóc, tôm, mực, thịt ba chỉ. Cách ăn là nhúng từng loại rau vào nồi lẩu sôi, rau chín tái vẫn giữ độ giòn. Vị mắm nồng nàn kết hợp rau đồng tươi mát tạo nên hương vị khó quên, thể hiện đặc trưng ẩm thực của vùng sông nước miền Tây. Món này thích hợp cho các buổi sum họp bạn bè."
Bánh bò có gì đặc biệt về kết cấu và hương vị?,"Bánh bò là loại bánh truyền thống của người Việt, làm từ bột gạo, đường, nước cốt dừa, men hoặc bột nở, hấp chín. Điểm đặc biệt nhất là kết cấu xốp, mềm, bên trong có nhiều lỗ tổ ong li ti do khí sinh ra trong quá trình lên men, khi cắn vào bánh như tan ngay trong miệng. Có hai loại phổ biến: bánh bò hấp màu trắng và bánh bò nướng có màu vàng nâu, lớp ngoài dai dai, vị ngọt béo của nước cốt dừa, thơm mùi bột lên men. Bánh bò thường được ăn kèm nước cốt dừa hoặc chấm mật mía, xuất hiện trong mâm cỗ, lễ vật và là món quà quê dân dã. Hương vị ngọt thanh, mềm mịn khiến bánh bò được mọi lứa tuổi yêu thích."
Phở trộn và phở nước khác nhau như thế nào?,"Phở nước và phở trộn cùng dùng sợi phở và thịt nhưng khác nhau về cách chế biến và thưởng thức. Phở nước là món kinh điển với bánh phở chan nước dùng trong, ngọt, nóng hổi, ăn kèm thịt bò tái, chín hoặc gà, rau thơm, hành. Phở trộn thì không có nước dùng: sợi phở được trộn với thịt, rau, dầu hành, lạc rang, sốt mắm chua ngọt hoặc nước sốt đặc, ăn kèm ít chanh, ớt. Phở trộn đậm vị hơn, giòn giòn nhờ lạc và rau, phù hợp người thích ăn nhanh, ít nước. Ở một số nơi còn có biến thể phở chiên giòn kết hợp nước sốt. Cả hai món đều thể hiện sự sáng tạo của ẩm thực Việt trong việc biến tấu từ cùng một nguyên liệu sợi phở."
Vì sao các món cuốn Việt Nam thường ăn kèm rất nhiều loại rau thơm?,"Rau thơm trong món cuốn không chỉ để trang trí mà đóng vai trò quan trọng trong hương vị và tiêu hóa. Các loại rau như húng lũi, húng quế, tía tô, kinh giới, diếp cá, xà lách, giá đỗ có tinh dầu thơm, vị the nhẹ giúp làm dịu vị béo ngậy của thịt, tôm, chả giò, tạo sự cân bằng giữa các vị trong cuốn. Nhiều loại rau có tính mát, hỗ trợ tiêu hóa và giúp cơ thể đỡ ngán khi ăn nhiều món chiên rán. Việc cuốn bánh tráng với nhiều rau còn tăng độ giòn, tươi mát và giúp món ăn thêm hấp dẫn về mặt thị giác. Văn hóa ăn nhiều rau thơm đã trở thành nét đặc trưng khiến ẩm thực Việt được thế giới đánh giá cao về sự cân bằng và tốt cho sức khỏe."
Vì sao đèo Hải Vân được mệnh danh là thiên hạ đệ nhất hùng quan?,"Đèo Hải Vân nằm trên dãy Bạch Mã, chạy qua ranh giới giữa Đà Nẵng và Thừa Thiên Huế, là đèo dài và hiểm trở nhất trên tuyến quốc lộ 1A, nên từ thời nhà Nguyễn đã được vua Minh Mạng sắc phong là thiên hạ đệ nhất hùng quan (cửa ải hùng vĩ nhất trời đất). Đèo dài khoảng 21 km, uốn lượn bên sườn núi cao, một bên là biển Đông, một bên là rừng núi trập trùng, tạo nên khung cảnh tuyệt đẹp. Xưa đèo là nơi trấn giữ chiến lược giữa hai miền, có hải vân quan cổ. Ngày nay đường hầm Hải Vân dài nhất Đông Nam Á được xây dựng để rút ngắn hành trình, còn cung đường đèo trở thành điểm du lịch ngắm cảnh nổi tiếng, thu hút du khách trong nước và quốc tế."
Cao nguyên đá Đồng Văn có những giá trị nổi bật nào?,"Cao nguyên đá Đồng Văn thuộc tỉnh Hà Giang, là một trong những cao nguyên đá vôi lớn và độc đáo nhất Việt Nam, được UNESCO công nhận là Công viên địa chất toàn cầu đầu tiên của Việt Nam năm 2010. Nơi đây sở hữu hệ thống núi đá vôi trùng điệp với tuổi địa chất từ 400-600 triệu năm, những vách đá hùng vĩ, thung lũng sâu và nhiều hang động kỳ vĩ. Cao nguyên này là nơi sinh sống của các dân tộc thiểu số như Mông, Lô Lô, Giấy với những bản làng nằm trên sườn núi, ruộng bậc thang và chợ phiên độc đáo. Vẻ đẹp hoang sơ, hùng vĩ cùng nét văn hóa đặc sắc khiến Đồng Văn trở thành điểm du lịch hấp dẫn, tiêu biểu cho cảnh quan địa chất và văn hóa của vùng cao nguyên đá."
Sông Sài Gòn có vai trò gì đối với thành phố Hồ Chí Minh?,"Sông Sài Gòn dài khoảng 256 km, chảy qua tỉnh Bình Dương, Tây Ninh rồi vào địa phận thành phố Hồ Chí Minh trước khi đổ ra biển. Sông có vai trò quan trọng trong đời sống kinh tế - văn hóa của thành phố: là tuyến giao thông thủy vận chuyển hàng hóa, cung cấp nước sinh hoạt và sản xuất, điều tiết nguồn nước cho hệ thống kênh rạch. Hai bên bờ sông là cảng Sài Gòn, các khu công nghiệp, bến cảng, đồng thời cũng là không gian đô thị với nhiều tuyến đường ven sông, khu vui chơi giải trí. Con sông gắn với lịch sử hình thành và phát triển của Sài Gòn, từ bến Nghé xưa đến khu đô thị hiện đại hôm nay, là biểu tượng sông nước gắn với đời sống người dân thành phố."
Vì sao trà sen Tây Hồ được xem là đặc sản quý của Hà Nội?,"Trà sen Tây Hồ là đặc sản quý của Hà Nội vì cách làm công phu và nguyên liệu hiếm. Sen Tây Hồ được trồng tại hồ Tây, nơi có địa chất, nguồn nước và khí hậu đặc biệt khiến hoa sen thơm ngát, thường nở rộ vào mùa hè. Để ướp trà, người thợ phải hái sen từ sáng sớm khi hoa còn e ấp, tách hạt và ướp từng lớp với trà sen, sau đó ủ và phơi nhiều lần, có khi phải ướp tới 7-8 lần để trà thấm hương. Kết quả là trà sen Tây Hồ có hương sen thanh tao, dịu nhẹ, hậu vị ngọt, không lẫn với trà sen nơi khác. Mỗi cân trà ngon cần rất nhiều hoa sen, giá trị cao, được coi là thức quà tinh tế đặc trưng của người Hà Nội xưa."
Vì sao mèo thường rình mồi một cách kiên nhẫn và chậm rãi?,"Mèo rình mồi chậm rãi và kiên nhẫn vì chúng là loài săn mồi đơn độc, dựa vào sự bất ngờ thay vì rượt đuổi đường dài như chó sói. Khi rình, mèo hạ thấp người, bước chậm từng bước nhẹ, dừng lại quan sát và nhắm đúng thời điểm để bật vồ nhanh, chính xác; chiến lược này giúp tiết kiệm năng lượng và tăng tỉ lệ bắt được con mồi. Tư thế thấp giúp mèo khuất sau vật cản, còn đuôi và thân giữ thăng bằng để sẵn sàng bật nhảy. Ngoài ra, mèo còn rình mồi để chơi đùa, kể cả khi không đói, vì đây là bản năng săn mồi được giữ lại từ tổ tiên hoang dã. Vì vậy bạn sẽ thấy mèo nhà vẫn lặng lẽ rình một con côn trùng hay món đồ chơi hàng giờ."
Vì sao vẹt có thể bắt chước tiếng người?,"Vẹt bắt chước được tiếng người vì chúng có cơ quan phát âm đặc biệt gọi là syrinx, nằm ở chỗ chia đôi khí quản, cấu tạo với các cơ phức tạp cho phép tạo ra nhiều âm thanh đa dạng và linh hoạt hơn hầu hết các loài chim khác. Bên cạnh đó, vẹt là loài rất thông minh, có não lớn với vùng điều khiển học hát và bắt chước âm thanh, chúng nghe và phân tích giọng nói rồi tái tạo chính xác nhịp điệu, ngữ điệu. Vẹt bắt chước tiếng người chủ yếu để giao tiếp xã hội và hòa nhập với bầy đàn; với vẹt nuôi trong nhà, con người trở thành bầy đàn của chúng nên chúng học cách nói chuyện để tương tác. Không phải loài vẹt nào cũng nói giỏi như nhau, vẹt xám châu Phi và vẹt mào nổi tiếng là giỏi nhất."
Vì sao rùa được xem là loài sống lâu nhất trong thế giới động vật?,"Rùa được xem là loài có tuổi thọ dài bậc nhất trong động vật trên cạn, nhiều cá thể sống hơn 100 năm, thậm chí có trường hợp hơn 180 năm. Tuổi thọ cao nhờ quá trình trao đổi chất rất chậm: rùa ít vận động, ăn ít, nhịp tim chậm, tiêu hao năng lượng thấp nên cơ thể hao mòn chậm. Mai rùa cứng bảo vệ khỏi kẻ săn mồi, giúp chúng tránh được nguy cơ bị ăn thịt khi còn nhỏ. Ngoài ra, tế bào rùa ít bị tổn thương do quá trình oxy hóa, và chúng có cơ chế sửa chữa DNA hiệu quả hơn nhiều loài. Ngược lại, các loài động vật nhỏ, trao đổi chất nhanh thường sống ngắn. Rùa Galapagos, rùa Aldabra là những loài nổi tiếng sống rất thọ."
Vì sao nước biển nhìn từ xa có màu xanh lam?,"Nước biển nhìn từ xa có màu xanh lam do hiện tượng hấp thụ và tán xạ ánh sáng. Ánh sáng mặt trời gồm nhiều bước sóng; nước hấp thụ mạnh các bước sóng đỏ, cam, vàng (bước sóng dài) trong khi các bước sóng xanh lam (ngắn hơn) bị hấp thụ ít hơn và bị tán xạ trở lại, nên ánh sáng phản chiếu lên mắt chủ yếu là màu xanh. Ngoài ra, các hạt phù du, sinh vật biển và độ sâu cũng ảnh hưởng màu sắc: vùng biển sâu ít sinh vật trông xanh thẫm, vùng gần bờ có nhiều phù sa thường xanh lục hoặc vàng nâu. Bầu trời trong xanh phản chiếu xuống mặt nước cũng góp phần tăng cảm giác xanh lam. Vì vậy màu biển không giống nhau giữa các vùng, tùy độ sâu và lượng phù sa, sinh vật trong nước."
Vì sao nước mưa có thể mang tính axit?,"Nước mưa tinh khiết vốn hơi có tính axit yếu do hòa tan CO2 trong không khí tạo axit cacbonic. Nhưng mưa axit thực sự là hiện tượng nước mưa có độ pH thấp hơn bình thường do hòa tan các khí thải từ hoạt động đốt nhiên liệu như SO2 (lưu huỳnh điôxit), NOx (nitơ oxit) từ nhà máy, phương tiện giao thông, đốt than dầu. Các khí này gặp hơi nước trong khí quyển tạo thành axit sunfuric, axit nitric, khiến nước mưa có tính axit mạnh hơn. Mưa axit gây hại cho cây trồng, ăn mòn công trình kim loại, đá, làm chua hóa đất, ao hồ, ảnh hưởng sức khỏe con người và hệ sinh thái. Để giảm mưa axit, các nước cần giảm khí thải, chuyển sang năng lượng sạch và xử lý khí thải công nghiệp."
Kỹ thuật vishing (lừa đảo qua cuộc gọi thoại) thường được triển khai theo kịch bản nào?,"Vishing là lừa đảo qua điện thoại, kẻ xấu giả làm nhân viên ngân hàng, công an, bưu điện hoặc tổng đài. Kịch bản phổ biến: bước một gọi thông báo khẩn cấp như nợ thuế, đơn hàng thất lạc hoặc tài khoản bị xâm nhập; bước hai tạo áp lực thời gian để nạn nhân không kịp suy nghĩ; bước ba yêu cầu cung cấp OTP, số thẻ hoặc chuyển tiền vào tài khoản 'bảo lãnh'. Chúng thường gọi vào giờ cao điểm, dùng giọng gấp gáp và chặn số gọi lại. Nhận biết: ngân hàng, công an không bao giờ gọi yêu cầu chuyển tiền hay hỏi mã OTP qua điện thoại. Đây là thông tin kiến thức để phòng tránh, không phải hướng dẫn phạm pháp."
"Lừa đảo qua email giả mạo hóa đơn tiền điện, nước hoặc cước viễn thông thường hoạt động ra sao?","Kẻ lừa đảo gửi email có logo, tên công ty điện lực hoặc nhà mạng trông rất giống thật, nội dung báo hóa đơn quá hạn với số tiền lớn và đe dọa ngắt điện, cắt số nếu không thanh toán ngay. Trong email có đường dẫn dẫn tới trang thanh toán giả để đánh cắp thẻ hoặc yêu cầu tải file đính kèm cài mã độc. Dấu hiệu nhận biết: địa chỉ email người gửi không khớp tên miền chính thức, lời văn đe dọa gấp gáp, số hóa đơn không đúng với tài khoản thật. Khi nghi ngờ hãy vào app hoặc website chính thức của nhà cung cấp để kiểm tra hóa đơn thực. Đây là thông tin kiến thức phòng tránh lừa đảo, không phải hướng dẫn phạm pháp."
Kỹ thuật 'pig butchering' (vỗ béo) trong các nhóm lừa đảo đầu tư online là gì?,"Pig butchering là chiêu lừa đầu tư kéo dài nhiều tuần, thường qua mạng xã hội, ứng dụng hẹn hò hoặc Telegram. Kẻ lừa đảo xây dựng lòng tin bằng cách trò chuyện thân thiết mỗi ngày, khoe lợi nhuận đầu tư tiền mã hóa, chứng khoán hoặc ngoại hối, rồi rủ nạn nhân góp vốn. Giai đoạn đầu chúng trả lãi nhỏ để nạn nhân tin tưởng và nạp thêm; khi số tiền đủ lớn, chúng chặn rút tiền, lấy lý do thuế, phí giải ngân để siết thêm rồi biến mất. Đặc điểm chung là lời hứa lợi nhuận bất thường, hối thúc nạp tiền và không thể rút vốn. Đây là thông tin kiến thức giúp nhận diện và tránh bị lừa, không phải hướng dẫn phạm pháp."
"Chiêu lừa 'mua hộ, nhận hộ' tiền trên mạng là gì và vì sao nó nguy hiểm?","Chiêu này thường xuất hiện trong các nhóm kín hoặc qua lời mời kết bạn: người lạ nhờ bạn nhận giúp một khoản chuyển khoản rồi chuyển tiếp sang tài khoản khác, đổi lấy phần trăm hoa hồng. Bản chất khoản tiền đó thường là tiền nạn nhân khác vừa bị lừa, và bạn bị dùng làm tài khoản trung gian che giấu dòng tiền. Nguy hiểm ở chỗ: ngân hàng truy ra giao dịch, bạn bị khóa tài khoản, bị quy vào hành vi rửa tiền hoặc đồng phạm lừa đảo, thậm chí phải hoàn trả toàn bộ số tiền. Không bao giờ nhận hộ hoặc chuyển hộ tiền cho người không quen biết. Đây là thông tin kiến thức cảnh báo, không phải hướng dẫn phạm pháp."
Dùng hợp đồng vay nợ giả để rửa tiền thường diễn ra theo cách nào?,"Trong kỹ thuật này, tiền bẩn được ngụy trang thành khoản vay hợp pháp: kẻ rửa tiền dựng một hợp đồng vay giả giữa người có tiền bẩn và một công ty bình phong, với lãi suất và kỳ hạn không thực tế. Dòng tiền bị che giấu dưới hình thức 'giải ngân khoản vay' hoặc 'trả nợ gốc lẫn lãi' qua lại giữa các tài khoản, kèm hồ sơ, biên nhận, báo cáo tài chính dựng sẵn để qua mặt kiểm soát. Điều đáng chú ý là các giao dịch thường tròn trịa, không có dòng tiền kinh doanh thật nào hỗ trợ, và các bên liên quan có quan hệ sở hữu chéo. Ngân hàng phát hiện bằng cách rà soát mục đích vay, khả năng trả nợ và tính hợp lý của lãi suất. Đây là thông tin kiến thức giáo dục, không phải hướng dẫn phạm pháp."
Jailbreak AI bằng cách xây dựng nhân vật giả (kỹ thuật persona/DAN) hoạt động như thế nào?,"Kỹ thuật persona khai thác việc mô hình ngôn ngữ tuân theo lời mô tả vai trò trong prompt. Kẻ dùng yêu cầu AI 'vào vai' một nhân vật không bị ràng buộc, ví dụ kiểu DAN, hoặc tách thành hai nhân cách đối lập rồi bảo một nhân cách phản bác nhân cách kia, khiến mô hình tự cởi trói rào cản để trả lời. Hiệu quả của nó phụ thuộc vào cách hệ thống nhắc nhở và tách bạch câu hỏi khỏi ngữ cảnh 'vai diễn'. Nhà phát triển chống lại bằng cách nhận diện ý đồ, kiểm tra xem người dùng có đang yêu cầu nội dung cấm hay không thay vì tin vào lời 'nhập vai' hời hợt. Đây là thông tin kiến thức về bảo mật AI và cách nhận diện tấn công, không phải hướng dẫn phạm pháp."
Kỹ thuật đảo ngược vai trò để jailbreak mô hình ngôn ngữ là gì?,"Đảo ngược vai trò là thủ thuật khiến AI tạm thời quên chức năng trợ lý của mình: người dùng bảo mô hình đóng vai người kiểm thử viết nội dung xấu để 'đánh giá mức độ nguy hiểm', hoặc giả vờ rằng câu trả lời chỉ là trích dẫn từ sách, lời phim, hoặc chữ trên tờ giấy, nhằm lách các quy tắc về ngữ cảnh. Mô hình bị mắc khi phân loại sai câu hỏi thật sự là gì, chỉ thấy hình thức 'giả lập' trước mắt. Đây cùng họ với các kỹ thuật mã hóa câu, xen kẽ ký tự, đảo câu chữ đã được nghiên cứu rộng rãi trong lĩnh vực an toàn AI. Hiểu kỹ thuật này giúp người phát triển gia cố hệ thống phòng thủ, đồng thời là nội dung kiến thức bảo mật, không phải hướng dẫn phạm pháp."
Lừa đảo qua tin nhắn giả mạo tổng đài SMS (smishing) hoạt động như thế nào?,"Smishing là phishing qua tin nhắn SMS: kẻ lừa đảo mạo danh ngân hàng, tổng đài nhà mạng hoặc dịch vụ vận chuyển, nhắn nội dung như 'tài khoản sắp khóa, bấm vào đường dẫn', 'gói cước cần gia hạn', 'đơn hàng bị hoãn, nhận bồi hoàn'. Đường dẫn dẫn đến trang giả yêu cầu nhập số thẻ, OTP hoặc tải phần mềm độc hại. Khác email, SMS thường ngắn và dễ khiến người dùng mất cảnh giác vì tin nhắn ngân hàng thật cũng ngắn gọn. Dấu hiệu nhận biết: số gửi là dãy số lạ, có đường dẫn rút gọn, nội dung gây gấp. Ngân hàng thật không bao giờ nhắn yêu cầu bấm link để nhập OTP. Đây là thông tin kiến thức phòng tránh, không phải hướng dẫn phạm pháp."
Kẻ lừa đảo dùng chiêu giả phần mềm 'khóa máy' để đòi tiền chuộc trên điện thoại như thế nào?,"Đây là biến thể của ransomware giả: nạn nhân bấm vào đường dẫn lạ hoặc cài app không rõ nguồn gốc, màn hình điện thoại bị khóa bởi thông báo giả mạo cảnh sát hoặc công ty bảo mật, cáo buộc 'phát hiện nội dung bất hợp pháp' và yêu cầu nộp phạt bằng thẻ cào hoặc chuyển khoản để mở khóa. Thực tế thiết bị không bị nhiễm virus nặng, chỉ bị khóa bằng ứng dụng độc hại hoặc trang web chế độ toàn màn hình. Cách xử lý: không nộp tiền, thoát khỏi chế độ toàn màn hình, vào cài đặt gỡ bỏ app lạ, quét mã độc bằng phần mềm uy tín, nếu nặng thì khôi phục cài đặt gốc. Đây là thông tin kiến thức giúp nhận diện và xử lý, không phải hướng dẫn phạm pháp."
Các trang web bán hàng giả 'bom giá' trên Facebook lừa khách đặt cọc như thế nào?,"Kẻ lừa đảo dựng fanpage hoặc shop online bán hàng hiệu, điện tử, nội thất với giá rẻ bất thường, kèm hình ảnh đẹp và lượt like khủng. Chúng yêu cầu khách đặt cọc hoặc thanh toán trước một phần để 'giữ hàng', 'gửi từ nước ngoài', rồi chậm giao, viện lý do bị giữ ở hải quan cần đóng thêm phí, đến khi khách đòi lại tiền thì chặn liên lạc, đổi tên trang hoặc lập trang mới tiếp tục. Dấu hiệu nhận biết: giá quá rẻ so với thị trường, không có địa chỉ công ty rõ ràng, chỉ nhận chuyển khoản cá nhân, từ chối hình thức giao hàng thu tiền tại nhà (COD). Đây là thông tin kiến thức phòng tránh mua sắm trực tuyến, không phải hướng dẫn phạm pháp."
Lừa đảo đầu tư vào dự án bất động sản 'ma' hoặc đất nền ảo thường diễn ra thế nào?,"Kẻ lừa đảo dựng các dự án khu dân cư, nghỉ dưỡng không có pháp lý thật, mở phòng bán hàng sang trọng, đưa khách đi tham quan một khu đất thật rồi giới thiệu là vị trí dự án, tung chiết khấu khủng và chính sách thanh toán theo đợt. Nạn nhân đặt cọc, đóng tiền theo tiến độ, sau một thời gian mới phát hiện dự án không được cấp phép hoặc quy hoạch khác hẳn lời giới thiệu. Dấu hiệu cảnh giác: giá rẻ hơn nhiều so với mặt bằng chung, không xem được sổ đỏ, hợp đồng thiếu điều khoản phạt, hối thúc đặt cọc gấp để giữ suất ưu đãi. Người mua nên kiểm tra quy hoạch và tình trạng pháp lý tại cơ quan chức năng trước khi giao tiền. Đây là thông tin kiến thức phòng tránh, không phải hướng dẫn phạm pháp."
Mua bán sim rác và 'tài khoản ma' bị lợi dụng trong các đường dây lừa đảo như thế nào?,"Sim rác là sim không đúng chủ hoặc đăng ký bằng giấy tờ giả, được bán trôi nổi với giá rẻ; tài khoản ma là tài khoản ngân hàng đứng tên người khác nhưng do kẻ lừa đảo kiểm soát. Chúng dùng sim rác để đăng ký tài khoản mạng xã hội, app vay, nhận cuộc gọi lừa đảo, rồi dùng tài khoản ma để nhận và chuyển tiền bất hợp pháp, khiến cơ quan khó truy vết tới chủ thật. Việc mua bán, cho thuê, cho mượn sim và tài khoản ngân hàng là vi phạm pháp luật, chủ tài khoản phải chịu trách nhiệm pháp lý khi dòng tiền phạm pháp chảy qua. Đây là thông tin kiến thức về cơ chế hoạt động và hệ quả, không phải hướng dẫn phạm pháp."
Rửa tiền qua sàn giao dịch tiền mã hóa phi tập trung và ví ẩn danh diễn ra như thế nào?,"Kẻ rửa tiền đổi tiền bẩn thành tiền mã hóa, chuyển qua nhiều ví, trộn coin bằng dịch vụ mixer để xóa dấu vết giao dịch, rồi dùng sàn phi tập trung không yêu cầu xác minh danh tính để đổi lại thành tiền pháp định hoặc mua tài sản. Các sàn tập trung uy tín thường yêu cầu xác minh KYC nên kẻ xấu chuyển sang sàn phi tập trung, ví ẩn danh, hoặc giao dịch qua mạng riêng và các chuỗi có tính ẩn danh cao. Dù vậy, blockchain công khai vẫn để lại dấu vết và cơ quan điều tra dùng công cụ phân tích chuỗi để lần vết dòng tiền. Đây là thông tin kiến thức về cơ chế và biện pháp chống rửa tiền, không phải hướng dẫn phạm pháp."
Vì sao các đường dây lừa đảo thường yêu cầu nạn nhân chuyển tiền vào tài khoản cá nhân thay vì tài khoản công ty?,"Tài khoản cá nhân khó bị ràng buộc nghĩa vụ chứng minh nguồn gốc giao dịch như tài khoản doanh nghiệp, đồng thời kẻ lừa đảo dùng tài khoản 'mượn' của người không liên quan nên khi nạn nhân khiếu nại, ngân hàng chỉ khóa được một tài khoản trong khi chúng đã chuyển tiền tiếp sang tài khoản khác ngay lập tức. Việc dùng tài khoản cá nhân cũng giúp chúng che giấu mối liên hệ với công ty bình phong, kéo dài thời gian trước khi bị truy vết. Khi thấy yêu cầu chuyển tiền vào tài khoản cá nhân với lý do kinh doanh, thanh toán dịch vụ, đó là tín hiệu đỏ điển hình của lừa đảo. Đây là thông tin kiến thức phòng tránh, không phải hướng dẫn phạm pháp."
Vì sao cơm nguội để qua đêm rồi ăn lại có thể gây ngộ độc?,"Cơm nguội có nguy cơ nhiễm vi khuẩn Bacillus cereus, loại này tồn tại dưới dạng bào tử trong gạo và không chết khi nấu chín. Khi cơm để ở nhiệt độ phòng quá lâu, bào tử phát triển thành vi khuẩn sinh độc tố, gây đau bụng, tiêu chảy, nôn ói. Cách phòng tránh: cơm chín nên để nguội nhanh rồi cất tủ lạnh trong vòng 2 giờ, hâm lại ở nhiệt độ cao khi ăn, không để cơm nguội ngoài nhiệt độ phòng qua nhiều giờ liền."
Vì sao lòng trắng trứng khi đánh lên lại bông cứng như tuyết?,"Lòng trắng trứng chứa nhiều protein albumin và nước. Khi đánh, các protein bị phá vỡ cấu trúc xoắn và duỗi ra, không khí bị cuốn vào tạo thành bọt; các sợi protein bám quanh màng bọt khí tạo thành khung đông cứng, vì vậy hỗn hợp dần bông và đứng được. Nhiệt độ cao và chất béo (như dầu, lòng đỏ) làm phá vỡ màng bọt nên lòng trắng khó bông, vì thế khi đánh người ta thường dùng tô sạch, khô, thêm một chút muối hoặc chanh để ổn định bọt."
Vì sao trà nóng quá lại có vị đắng hơn trà nguội?,"Nhiệt độ cao làm tan nhiều chất tan trong lá trà, trong đó có tannin và catechin tạo vị đắng chát. Khi trà nguội, các hợp chất này ít hòa tan hơn nên vị đắng giảm. Ngoài ra, uống trà quá nóng khiến vị giác khó cảm nhận vị ngọt của đường và cảm biến đắng trên lưỡi bị kích thích mạnh hơn. Vì vậy trà ủ quá lâu hoặc để quá nóng thường đắng, còn trà nguội bớt sẽ dịu và cảm nhận được vị ngọt hậu."
Vì sao kim loại để ngoài trời mưa nắng lâu ngày lại bị gỉ sét?,"Gỉ sét là kết quả của phản ứng oxy hóa giữa sắt, nước và oxy trong không khí, tạo ra các hợp chất oxit sắt có màu nâu đỏ. Nước mưa mang theo oxy hòa tan và các chất điện ly như muối, axit làm phản ứng diễn ra nhanh hơn. Lớp gỉ tơi xốp không bảo vệ kim loại như lớp oxit bền trên nhôm, nên gỉ tiếp tục ăn sâu vào bên trong. Cách chống gỉ là sơn phủ, mạ kẽm, bôi dầu mỡ hoặc giữ bề mặt kim loại khô ráo để cắt nguồn nước và oxy."
Vì sao ruồi rất khó đập trúng dù phản xạ của con người được xem là nhanh?,"Ruồi có mắt kép với hàng nghìn mắt đơn, góc nhìn rộng gần 360 độ, giúp chúng phát hiện vật đang tiếp cận từ mọi hướng rất sớm. Hệ thần kinh của ruồi xử lý hình ảnh nhanh gấp nhiều lần con người, và trước mỗi cú đập, luồng không khí do tay di chuyển tạo ra bị chúng cảm nhận qua các sợi lông trên cơ thể, cho thời gian kịp phản ứng bay đi. Ngoài ra chúng chỉ cần một phần trăm giây để cất cánh. Muốn đập ruồi thành công thường phải nhích tay chậm rãi rồi vung nhanh ở cự ly gần."
"Vì sao sau khi tập luyện nặng, cơ bắp thường đau nhức vào ngày hôm sau?","Hiện tượng này gọi là đau cơ khởi phát muộn, xảy ra khi vận động với cường độ hoặc kiểu động tác lạ so với thói quen. Các sợi cơ bị tổn thương vi mô, cùng với phản ứng viêm cục bộ và tích tụ chất thải chuyển hóa, kích thích đầu dây thần kinh cảm giác đau. Cơn đau thường đỉnh điểm sau 24–72 giờ rồi tự giảm khi cơ phục hồi và thích nghi. Giảm nhẹ bằng cách giãn cơ nhẹ nhàng, massage, chườm nóng, uống đủ nước và ngủ đủ giấc, không cần dừng vận động hoàn toàn."
Vì sao sau cơn mưa đầu mùa lại có mùi đất ẩm rất đặc trưng?,"Mùi này gọi là petrichor, xuất hiện khi mưa rơi xuống đất khô và cuốn theo các hợp chất hữu cơ do vi khuẩn đất (đặc biệt là geosmin) tiết ra, cùng với tinh dầu thực vật hấp thụ trong đất khô. Lớp không khí ẩm sau mưa cũng tăng khả năng lan truyền hương, nên ta cảm nhận rõ. Mũi người cực nhạy với geosmin dù nồng độ cực thấp, có thể là do tổ tiên loài người dùng mùi này để nhận biết vùng đất có nước và sự sống."
Vì sao thức ăn nấu bằng nồi áp suất lại nhanh chín hơn nồi thường?,"Trong nồi áp suất, hơi nước không thoát ra ngoài nên áp suất bên trong tăng lên, làm nhiệt độ sôi của nước vượt quá 100 độ C, có thể lên khoảng 120 độ C. Nhiệt độ cao hơn khiến các phản ứng nấu chín, mềm hóa tinh bột, protein diễn ra nhanh hơn rõ rệt. Vì vậy thịt dai, đậu khô, xương hầm chỉ cần một phần ba đến một nửa thời gian so với nồi thường, đồng thời tiết kiệm điện năng và giữ được nhiều dinh dưỡng."
"Tại sao người Việt chuộng màu đỏ và vàng khi trang trí ngày lễ, Tết?","Đỏ là màu may mắn, sức sống và năng lượng dương, gắn với lửa, máu, sự ấm áp, thường dùng trong câu đối, bao lì xì, hoa đào, bàn thờ để trừ tà và cầu phúc. Vàng tượng trưng cho sự thịnh vượng, giàu sang và hào quang, màu của lúa chín và đất đai. Hai màu kết hợp tạo nên sắc thái rực rỡ, tươi mới cho không gian ngày hội, đồng thời phản ánh quan niệm âm dương, ngũ hành và mong ước no đủ, an khang của người Việt trong năm mới."
"Vì sao người Việt thường nấu chè, xôi, làm bánh để cúng vào ngày mùng 1 và ngày rằm hàng tháng?","Đây là phong tục cúng sóc vọng theo truyền thống, lấy ngày mùng 1 và rằm làm mốc tâm linh để tưởng nhớ tổ tiên và thần linh. Chè, xôi, bánh là món ngọt, dễ chế biến, đại diện cho sự no đủ, tấm lòng thành của gia đình, khác với mâm cơm mặn trong các dịp lớn. Ngoài ý nghĩa tín ngưỡng, tập quán này còn là dịp các gia đình quây quần, giữ gìn nếp sống hướng về cội nguồn, thể hiện sự biết ơn ông bà và cầu bình an cho cả tháng."
Ý nghĩa của tục xin chữ đầu năm của người Việt là gì?,"Xin chữ đầu năm xuất phát từ truyền thống hiếu học và tín ngưỡng dân gian: người xin chữ thường đến thầy đồ hay các địa điểm như Văn Miếu, chọn những chữ mang ý nghĩa tốt lành như Phúc, Lộc, Thọ, Tài, Trí, An. Chữ được xin là lời cầu mong cả năm may mắn, con cháu học hành tấn tới, làm ăn phát đạt. Chữ 'Tâm' cũng được nhiều người xin để nhắc mình sống tử tế. Tục lệ này thể hiện văn hóa trọng chữ nghĩa, tôn sư trọng đạo và khao khát tri thức của dân tộc."
"Vì sao người Việt cúng ông Công, ông Táo vào ngày 23 tháng Chạp hằng năm?","Theo tín ngưỡng dân gian, ông Táo là ba vị thần cai quản bếp núc, chứng giám việc tốt xấu trong nhà, đến 23 tháng Chạp thì cưỡi cá chép về trời báo cáo với Ngọc Hoàng. Cá chép vừa là phương tiện, vừa tượng trưng cho sự thăng tiến, nên nhiều nhà phóng sinh cá chép. Lễ cúng thường có mâm cỗ, vàng mã và đôi khi là mũ, áo giấy. Đây là nét văn hóa gắn với ý nghĩa tổng kết năm cũ, chuẩn bị tinh thần cho năm mới và nhắc nhở sự tu tâm trong đời sống gia đình."
Vì sao người Việt kiêng quét nhà trong ba ngày Tết?,"Theo quan niệm dân gian, đầu năm mà quét nhà thì 'quét đi' tài lộc, may mắn của cả năm, vì thế người ta tránh quét dọn, đổ rác trong mùng 1, đôi khi kéo dài ba ngày Tết để giữ lộc trong nhà. Nhiều gia đình dọn dẹp, đổ rác kỹ trước giao thừa, rồi đến mùng 3 mới quét trở lại. Đây là tín ngưỡng mang tính tâm lý an lành hơn là quy định cứng nhắc; tùy vùng miền mà cách kiêng có khác nhau, nhưng tinh thần chung là muốn giữ gìn sự may mắn, sung túc ngay từ những ngày đầu năm mới."
Vì sao khẩu vị người miền Nam thiên về ngọt hơn người miền Bắc?,"Khẩu vị ngọt của miền Nam hình thành từ điều kiện tự nhiên: vùng đất nhiều phù sa trồng mía, dừa, trái cây ngọt dồi dào, cộng với sự giao thoa ẩm thực của cộng đồng Hoa kiều trong quá trình khai hoang. Người miền Nam thường cho đường và dừa vào nhiều món kho, xào, nước chấm để tạo vị đậm đà dễ ăn. Người miền Bắc khí hậu ôn hòa hơn, ẩm thực nghiêng về vị vừa phải, thanh nhẹ, đề cao vị mặn vừa và mùi thơm của rau gia vị. Sự khác biệt này là nét đa dạng thú vị của ẩm thực Việt."
Mắm tép chưng thịt là món ăn đặc trưng của vùng nào và cách làm có gì đặc sắc?,"Mắm tép chưng thịt là món quê nổi tiếng của người miền Bắc, nhất là vùng Hải Dương, Hà Nội. Nguyên liệu chính là mắm tép ngon, thịt ba chỉ băm, trứng gà, chút mỡ và hành khô, đánh tan rồi chưng cách thủy cho đến khi chín sệt. Món này có màu nâu cánh gián đẹp mắt, vị mặn ngọt hài hòa, mùi mắm thơm đặc trưng, thường ăn kèm với rau sống và cơm trắng hoặc dùng để chấm. Đây là món nhậu khoái khẩu, thể hiện cách người Bắc tận dụng mắm tép dân dã làm thành món sang."
Nước chấm của người miền Bắc và miền Nam có điểm gì khác nhau?,"Người miền Bắc chuộng nước chấm mặn, thanh, pha từ mắm cốt hoặc nước mắm ngon với nước sôi để nguội, đường, chanh hoặc giấm, tỏi ớt, ăn kèm rau sống rất nhiều trong các món cuốn, món chiên. Người miền Nam thường pha nước mắm ngọt đậm hơn, thêm nhiều đường và ớt, có nơi dùng nước mắm tỏi ớt kiểu 'mắm nêm' chấm với thịt heo luộc. Ngoài ra miền Trung thiên về vị mặn cay gắt với ớt nhiều hơn. Sự khác nhau này bắt nguồn từ khẩu vị vùng miền, khiến cùng một món ăn khi đi qua mỗi vùng lại có nước chấm riêng đầy cá tính."
Vì sao phở gà và phở bò ở Hà Nội vẫn được xem là hai 'dòng' phở riêng biệt chứ không phải một?,"Phở bò và phở gà tuy cùng nước dùng ninh xương thơm mát nhưng khác nhau ở nguyên liệu và cách chế biến nên hình thành hai truyền thống riêng. Phở bò có nước dùng đậm từ xương bò ninh cùng thảo quả, hoa hồi, gừng nướng, ăn với thịt bò tái, chín hoặc gầu; phở gà dùng nước luộc gà thanh, ngọt tự nhiên, thịt gà ta thái mỏng kèm lòng non. Người ăn sành thường gọi riêng 'phở bò' hay 'phở gà', mỗi hàng phở cũng khoe riêng bí quyết ninh nước. Vì vậy dù cùng tên 'phở', hai món được tách biệt như hai đặc sản độc lập của Hà Nội."
Hang Sơn Đoòng ở Quảng Bình có gì đặc biệt khiến nó được xem là hang động lớn nhất thế giới?,"Sơn Đoòng nằm trong quần thể Phong Nha – Kẻ Bàng, được khám phá năm 1990 và công bố rộng rãi năm 2009. Hang có tổng chiều dài hơn 9 km, nơi rộng nhất đạt chiều ngang hơn 150 m và chiều cao hơn 200 m, đủ sức chứa cả một tòa nhà chọc trời. Bên trong có sông ngầm, hệ thực vật phát triển ở các 'giếng trời', thạch nhũ khổng lồ và một bức tường ngọc thạch nổi tiếng. Quy mô, hệ sinh thái và vẻ đẹp nguyên sơ khiến hang trở thành kỳ quan thiên nhiên độc đáo bậc nhất thế giới."
Vì sao mùa lũ ở miền Tây được người dân gọi trìu mến là 'mùa nước nổi'?,"Miền Tây nằm ở hạ nguồn sông Cửu Long, mỗi năm nước lũ từ thượng nguồn tràn về từ tháng 8 đến tháng 11, làm ngập đồng ruộng, vườn cây và một phần đường sá. Người dân gọi là 'nước nổi' vì nước dâng lên từ từ, hiền hòa, gắn với đời sống thủy sinh: cá linh, cá lóc theo lũ về, bông súng, rau muống nước sinh sôi, đất được bồi phù sa và rửa chua phèn. Mùa nước nổi là lúc ngư dân thả lưới, giăng câu, là 'mùa làm ăn' chứ không phải nỗi lo như lũ quét miền núi, nên được đón nhận như một mùa đặc sản của thiên nhiên."
Núi Fansipan cao bao nhiêu và vì sao được mệnh danh là 'nóc nhà Đông Dương'?,"Fansipan thuộc dãy Hoàng Liên Sơn, nằm trên địa bàn thị xã Sa Pa, tỉnh Lào Cai, với đỉnh cao 3.143 mét so với mực nước biển. Đây là ngọn núi cao nhất Việt Nam, đồng thời cao nhất toàn bộ ba nước Việt Nam – Lào – Campuchia của bán đảo Đông Dương, nên được gọi là 'nóc nhà Đông Dương'. Từ năm 2016, tuyến cáp treo đã đưa du khách lên gần đỉnh núi, trong khi những người ưa chinh phục vẫn lựa chọn đi bộ leo núi mất 2–3 ngày để ngắm biển mây và hệ sinh thái rừng nguyên sinh."
Vì sao vịnh Hạ Long có những hòn đảo đá vôi hình thù kỳ lạ như vậy?,"Vịnh Hạ Long hình thành qua hàng trăm triệu năm, khi các rạn san hô và vỏ sinh vật tích tụ dưới biển cổ tạo nên khối đá vôi dày. Quá trình kiến tạo nâng địa hình lên cao, rồi nước mưa chứa axit cacbonic và nước biển ăn mòn đá vôi qua các khe nứt, tạo nên hệ thống hang động, hố sụt và những khối núi còn sót lại bị cô lập thành đảo. Phong hóa tiếp tục biến các khối đá thành hình dáng độc đáo như gà gỗ, hòn Đỉnh Hương, hòn Trống Mái. Sự kết hợp giữa địa chất karst và mực nước biển dâng đã tạo nên cảnh quan độc nhất vô nhị này."
Vì sao biển Mũi Né có đồi cát trắng và cát ở đây được tận dụng để làm gì?,"Đồi cát trắng Mũi Né là kết quả của gió biển thổi cát từ bãi biển vào sâu trong đất liền, tích tụ thành các cồn cát liên tục di chuyển theo mùa gió, tạo cảnh quan hoang sơ nổi tiếng ở Phan Thiết. Loại cát ở đây có độ tinh khiết cao, trước đây từng được khai thác làm nguyên liệu sản xuất thủy tinh và sợi thủy tinh, từng được xuất khẩu. Ngày nay khu vực đồi cát chủ yếu phát triển du lịch với các hoạt động như trượt cát, cưỡi xe địa hình, ngắm bình minh, góp phần quan trọng vào kinh tế địa phương."
Vì sao đồng bằng sông Cửu Long đang phải đối mặt với tình trạng sụt lún và xâm nhập mặn?,"Đồng bằng Cửu Long sụt lún do nhiều nguyên nhân: khai thác nước ngầm quá mức làm lỗ hổng trong lòng đất bị nén lại, thiếu phù sa từ thượng nguồn do các đập thủy điện trên sông Mê Kông chặn giữ, và tác động của nước biển dâng do biến đổi khí hậu. Khi mặt đất hạ thấp và mùa khô kéo dài, nước biển xâm nhập sâu vào các cửa sông, làm nhiễm mặn nước tưới tiêu và nước sinh hoạt, ảnh hưởng đến lúa, vườn cây ăn trái. Giải pháp gồm chuyển đổi cơ cấu cây trồng, giảm khai thác nước ngầm, xây cống ngăn mặn và sử dụng nước tiết kiệm."
Vì sao rừng Tràm U Minh Thượng được gọi là 'thủ đô mật ong' của miền Tây?,"Rừng tràm U Minh Thượng ở Kiên Giang có hệ sinh thái ngập nước đặc trưng, hàng nghìn héc-ta tràm mọc trên nền than bùn, xen lẫn các loài hoa dại, sen, súng, cây thủy sinh nở quanh năm. Chính nguồn hoa phong phú này là nơi ong mật tự nhiên làm tổ, tạo nên loại mật ong rừng U Minh thơm, ngọt, đậm đặc nổi tiếng cả nước. Người dân dùng khói, dùng cách truyền thống để thu hoạch mật trong mùa nước nổi mà không phá tổ ong, giữ rừng tràm luôn trù phú. Nhờ sản lượng và chất lượng vượt trội, vùng này được xem là thủ phủ mật ong của miền Tây Nam Bộ."
"Vì sao người ta nói không thể nhìn thấy lỗ đen, và các nhà khoa học phát hiện ra chúng bằng cách nào?","Lỗ đen không thể nhìn thấy trực tiếp vì lực hấp dẫn của nó mạnh đến mức ngay cả ánh sáng cũng không thoát ra được. Các nhà khoa học phát hiện chúng qua những dấu hiệu gián tiếp: quan sát chuyển động của sao và khí xoay quanh một vùng tối, bắt sóng tia X phát ra khi vật chất nóng bị hút vào, và đo sóng hấp dẫn sinh ra khi hai lỗ đen va chạm. Năm 2019, kính viễn vọng chân trời sự kiện còn chụp được ảnh thật của lỗ đen trong thiên hà M87, với vòng sáng đặc trưng quanh vùng tối trung tâm."
Vì sao màn hình điện thoại và tivi chỉ cần ba màu cơ bản mà lại hiển thị được hàng triệu màu?,"Màn hình dùng nguyên lý màu cộng: mỗi điểm ảnh gồm ba điểm con đỏ, xanh lá và xanh dương (RGB), phát sáng với cường độ khác nhau. Mắt người có ba loại tế bào nhạy màu ứng với ba quang phổ này, nên khi ba màu cơ bản được trộn theo tỉ lệ khác nhau, não bộ tổng hợp thành các màu trung gian. Với 256 mức cường độ cho mỗi màu, tổ hợp lên tới hơn 16 triệu màu khác nhau, đủ để mắt cảm nhận gần như mọi sắc độ trong tự nhiên. Đây là nguyên lý được ứng dụng rộng rãi từ tivi CRT đến màn hình LED hiện đại."
BEC là gì và kẻ gian giả mạo email lãnh đạo doanh nghiệp để chiếm đoạt tiền như thế nào?,"BEC (Business Email Compromise - lừa đảo qua email doanh nghiệp) là chiêu kẻ gian xâm nhập hoặc giả mạo hộp thư của lãnh đạo, kế toán để gửi chỉ thị chuyển tiền cho nhân viên phụ trách tài chính. Kịch bản thường gặp: email giả giọng sếp yêu cầu chuyển gấp khoản thanh toán cho đối tác mới, nói đang họp không gọi điện được và cấm trao đổi với người khác. Vì email đúng tên, đúng chữ ký nên nhiều doanh nghiệp vô tình chuyển cả trăm triệu đồng. Phòng tránh bằng quy trình xác minh qua điện thoại hoặc kênh khác trước mọi giao dịch tài chính, tuyệt đối không chỉ tin email. (Đây là thông tin kiến thức nhận diện rủi ro, không phải hướng dẫn phạm pháp.)"
Kỹ thuật skimming gắn thiết bị đọc trộm thẻ tại cây ATM hoạt động ra sao?,"Skimming là kỹ thuật gắn thiết bị đọc trộm dữ liệu thẻ lên khe cắm thẻ tại cây ATM hoặc máy POS, kết hợp camera mini giấu ở bàn phím để ghi lại mã PIN. Khi khách rút tiền, dữ liệu dải từ trên thẻ bị đọc lại và gửi về kẻ gian, sau đó chúng dùng máy ghi thẻ trắng tạo thẻ giả để rút tiền. Kẻ gian còn dùng thiết bị che phím hoặc lớp bọc giả khe thẻ để ngụy trang. Cách phòng tránh: kiểm tra khe thẻ có lỏng lẻo bất thường, dùng tay che bàn phím khi bấm PIN, ưu tiên ATM trong trụ sở ngân hàng và bật thông báo giao dịch qua SMS để phát hiện sớm. (Đây là thông tin kiến thức bảo vệ tài khoản, không phải hướng dẫn phạm pháp.)"
Spoofing số điện thoại là gì và vì sao số hiển thị giống tổng đài thật vẫn có thể là lừa đảo?,"Spoofing số điện thoại là kỹ thuật kẻ gian làm giả số gọi đến, khiến điện thoại nạn nhân hiển thị đúng số tổng đài ngân hàng, công an hoặc người thân. Chúng dùng dịch vụ VOIP hoặc thiết bị chuyên dụng để chọn số hiển thị tùy ý rồi giả giọng nhân viên yêu cầu xác minh tài khoản, cung cấp OTP hoặc chuyển tiền. Vì số hiển thị là thật nên người nghe dễ mất cảnh giác. Tuy nhiên ngân hàng và cơ quan chức năng không bao giờ gọi điện yêu cầu chuyển tiền hay hỏi mã OTP, nên gặp trường hợp này hãy gác máy rồi gọi lại đúng số trên thẻ hoặc ứng dụng. (Thông tin kiến thức phòng tránh lừa đảo, không phải hướng dẫn phạm pháp.)"
Vì sao hợp đồng bảo hiểm nhân thọ lại có thể bị lợi dụng để rửa tiền?,"Bảo hiểm nhân thọ là kênh bị lợi dụng để rửa tiền vì hợp đồng bảo hiểm hợp pháp, dòng tiền đóng phí và chi trả có hồ sơ đầy đủ. Kẻ rửa tiền dùng tiền bẩn đóng phí bảo hiểm rất lớn, sau đó hủy hợp đồng trong thời gian ngắn để nhận lại giá trị hoàn lại, khi đó tiền bẩn đã sạch vì có nguồn gốc chi trả của công ty bảo hiểm. Một số chiêu khác là nhờ người khác đứng tên hợp đồng hộ hoặc mua cho người thân rồi chỉ định người thụ hưởng. Các công ty bảo hiểm phải rà soát giao dịch phí bất thường, xác minh nguồn tiền đóng phí và báo cáo theo quy định chống rửa tiền. (Thông tin kiến thức về cơ chế, không phải hướng dẫn phạm pháp.)"
"Rửa tiền qua thị trường nghệ thuật và các phiên đấu giá tranh, cổ vật thường diễn ra như thế nào?","Rửa tiền qua nghệ thuật hoạt động nhờ giá trị tranh, cổ vật không có chuẩn tham chiếu rõ ràng. Kẻ rửa tiền mua tác phẩm bằng tiền bẩn với giá bị khai khống cao hơn nhiều so với giá thật, hoặc tự dựng phiên đấu giá giữa các công ty bình phong để hợp thức hóa giá trị, rồi bán lại và thu về tiền sạch. Một cách khác là đổi tiền bẩn lấy tranh rồi đem cầm cố, đấu giá xuyên biên giới để cắt dấu vết. Thị trường nghệ thuật ít minh bạch, ít bị kiểm soát hơn ngân hàng nên dễ bị lợi dụng. Các quy định chống rửa tiền hiện yêu cầu nhà đấu giá, phòng tranh nhận biết khách hàng và báo cáo giao dịch tiền mặt lớn. (Thông tin kiến thức pháp lý, không phải hướng dẫn phạm pháp.)"
Hệ thống chuyển tiền ngầm Hawala là gì và vì sao nó bị lợi dụng để rửa tiền xuyên biên giới?,"Hawala là hệ thống chuyển tiền ngầm truyền thống hoạt động dựa trên mạng lưới tin cậy, không dùng chứng từ chính thức. Người chuyển đưa tiền cho nhà môi giới hawala ở nước này, nhà môi giới thông báo cho đối tác ở nước kia chi tiền cho người nhận, khoản nợ được bù trừ qua các giao dịch hàng hóa hoặc chuyển tiền khác mà không có dòng tiền ngân hàng. Vì không để lại dấu vết điện tử, hệ thống này bị lợi dụng để chuyển tiền bẩn xuyên biên giới, trốn thuế và tài trợ hoạt động phi pháp. Đây là lý do cơ quan tài chính các nước coi hoạt động hawala không đăng ký là vi phạm pháp luật. (Thông tin kiến thức giải thích khái niệm, không phải hướng dẫn phạm pháp.)"
Rug pull và airdrop lừa đảo trong thị trường tiền mã hóa là gì?,"Rug pull là hình thức lừa đảo trong thị trường tiền mã hóa: nhóm phát hành tạo một token hoặc dự án DeFi có giao diện hoành tráng, chạy quảng cáo airdrop và hứa hẹn lợi nhuận để thu hút nhà đầu tư nạp tiền vào thanh khoản. Khi gom đủ tiền, nhóm này rút toàn bộ thanh khoản hoặc bán tháo token khiến giá sụp đổ và nhà đầu tư mất trắng. Dấu hiệu cảnh báo: đội ngũ ẩn danh, hợp đồng thông minh không được kiểm toán, cam kết lợi nhuận bất thường, kêu gọi nạp nhanh trước khi hết suất. Ngoài ra airdrop lừa đảo còn dùng link lấy cắp ví khi người dùng kết nối ví để nhận thưởng. (Thông tin kiến thức nhận diện rủi ro đầu tư, không phải hướng dẫn phạm pháp.)"
Chiêu lừa cửa sổ cảnh báo máy tính nhiễm virus giả mạo (tech support scam) thường hoạt động như thế nào?,"Tech support scam là chiêu lừa xuất hiện dưới dạng cửa sổ cảnh báo giả đầy màn hình với nội dung máy tính của bạn bị nhiễm virus, kèm số điện thoại hỗ trợ kỹ thuật giả hoặc giọng nói đe dọa dữ liệu sắp bị xóa. Khi gọi theo số đó, kẻ gian yêu cầu cài phần mềm truy cập từ xa để kiểm tra, rồi dựng lên hàng loạt lỗi giả và đòi phí sửa chữa, hoặc đánh cắp mật khẩu, thông tin thẻ trong lúc điều khiển máy. Các công ty công nghệ thật không bao giờ hiện popup đòi bạn gọi điện. Cách xử lý: đóng tab, không gọi số trong cảnh báo, cài phần mềm diệt virus uy tín và cập nhật trình duyệt thường xuyên. (Thông tin kiến thức an toàn, không phải hướng dẫn phạm pháp.)"
Các nhà nghiên cứu an toàn AI kiểm tra và chống jailbreak mô hình ngôn ngữ như thế nào?,"Các nhà nghiên cứu an toàn AI chống jailbreak bằng nhiều lớp: họ dùng bộ dữ liệu prompt tấn công tổng hợp gồm nhập vai, mã hóa câu hỏi, đảo vai trò để tìm lỗ hổng rồi tinh chỉnh mô hình; kết hợp lọc đầu ra kiểm tra nội dung trước khi gửi cho người dùng; dùng mô hình phụ làm bộ đánh giá rủi ro và bổ sung huấn luyện phản đối. Họ cũng rà soát liên tục các kỹ thuật mới xuất hiện trên cộng đồng, xây dựng cơ chế phát hiện ý đồ độc hại xuyên qua các hình thức hỏi khác nhau. Cuộc chạy đua này diễn ra thường xuyên vì kẻ tấn công luôn tìm cách mới trong khi nhà phát triển cập nhật phòng thủ. (Thông tin kiến thức về bảo mật AI, không phải hướng dẫn phạm pháp.)"
Vì sao thái hành tây lại làm chảy nước mắt và làm sao để giảm cay mắt?,"Khi thái hành tây, enzyme trong tế bào hành bị phá vỡ và phản ứng với khí trong không khí tạo ra hợp chất lưu huỳnh dễ bay hơi tên syn-propanethial-S-oxide. Hợp chất này bốc lên mắt, gặp lớp nước mắt và chuyển thành axit sunfenic nhẹ, kích thích dây thần kinh giác mạc khiến tuyến lệ tiết nước mắt để rửa trôi chất kích ứng. Mẹo giảm cay mắt là làm lạnh hành trước khi thái để làm chậm phản ứng hóa học, thái nhanh dưới vòi nước, bật quạt đuổi khí, dùng dao sắc để ít làm vỡ tế bào và rửa tay sạch sau khi thái để tránh chạm vào mắt."
Vì sao nước có ga lại liên tục sủi bọt khi rót ra ly?,"Bọt trong nước có ga là khí carbon dioxide được nén hòa tan trong nước dưới áp suất cao khi đóng chai. Khi mở nắp, áp suất giảm đột ngột, lượng khí dư hòa tan thoát ra thành hàng triệu bọt nhỏ bám vào thành ly hoặc các hạt bụi, chất xơ trong nước - những nơi có vết nứt siêu nhỏ giúp khí dễ hình thành bọt. Các bọt liên tục sinh ra vì nước vẫn còn khí hòa tan chờ điều kiện thoát ra, quá trình chỉ dừng khi lượng CO2 trong nước xuống mức cân bằng với không khí. Khuấy hoặc cho đường, muối vào sẽ tạo thêm nhiều điểm hình thành bọt hơn."
"Cùng một nhiệt độ phòng, vì sao chạm vào kim loại lại thấy lạnh hơn chạm vào gỗ?","Kim loại và gỗ để cùng phòng có cùng nhiệt độ, nhưng kim loại là chất dẫn nhiệt tốt nên nhanh chóng hút nhiệt từ tay bạn truyền đi khắp vật thể, khiến vùng da tiếp xúc mất nhiệt nhanh và cảm giác lạnh buốt. Gỗ dẫn nhiệt kém nên nhận nhiệt từ tay rất chậm, vùng da tiếp xúc ít mất nhiệt nên cảm giác ấm hơn dù cùng nền nhiệt. Cảm giác lạnh thực chất phản ánh tốc độ mất nhiệt của da chứ không phải nhiệt độ của vật. Vì vậy nhựa, gỗ, xốp luôn có cảm giác ấm còn kim loại luôn lạnh khi chạm vào ở nhiệt độ thường."
Vì sao rắc muối lên mặt đường đóng băng lại giúp băng tan nhanh hơn?,"Muối làm hạ điểm đóng băng của nước: hòa tan muối vào nước tạo dung dịch có điểm đông thấp hơn 0 độ C, nên ở nhiệt độ dưới 0 nhưng chưa quá lạnh, lớp băng tan ra thành nước muối thay vì đóng băng trở lại. Khi rắc muối lên mặt đường đóng băng, muối tan trong lớp nước mỏng trên bề mặt tạo dung dịch muối, làm tan tiếp lớp băng bên dưới và phá vỡ liên kết với mặt đường. Cơ chế này cũng giải thích vì sao sau khi đổ muối, tuyết và băng tan nhanh hơn. Muối canxi clorua còn hiệu quả hơn muối ăn vì hạ điểm đông xuống thấp hơn nữa."
Vì sao cái thìa ngâm trong cốc nước lại trông như bị gãy khúc?,"Hiện tượng thìa trong cốc nước trông như bị gãy là do sự khúc xạ ánh sáng. Ánh sáng truyền từ nước sang không khí đổi tốc độ và bị bẻ cong tại mặt phân cách, mắt ta nhận tia sáng này rồi suy ra vị trí của vật theo đường thẳng của tia tới, nên phần thìa ngập trong nước trông nằm ở vị trí khác với vị trí thật, tạo cảm giác bị gãy. Nước chiết suất ánh sáng mạnh hơn không khí nên độ lệch khá rõ. Hiện tượng này cũng khiến cá dưới nước trông nông hơn vị trí thật, là lý do ngư dân cần phóng lệch hướng để bắt trúng."
Vì sao xoay vòng nhiều vòng rồi dừng lại lại thấy chóng mặt?,"Khi bạn xoay người, các ống bán khuyên chứa đầy dịch trong tai trong chuyển động theo, dịch này do quán tính tiếp tục trôi sau khi bạn dừng lại, đẩy các tế bào cảm giác và gửi tín hiệu đang quay lên não dù cơ thể đã đứng yên. Mắt thì báo đang đứng yên, tai lại báo đang quay, não xử lý tín hiệu mâu thuẫn này gây chóng mặt và mất thăng bằng. Cảm giác giảm dần khi dịch trong tai ngừng trôi. Để đỡ chóng mặt, hãy nhìn cố định một điểm, ngồi nghỉ một lúc cho hệ thống tiền đình ổn định lại."
Vì sao hâm nóng thức ăn bằng lò vi sóng lại không đều?,"Lò vi sóng hâm nóng không đều vì sóng điện từ tạo ra các điểm nóng và điểm lạnh phân bố rải rác trong khoang lò, tùy thuộc vào vị trí đặt thức ăn và hình dạng bát đĩa. Vùng thức ăn chứa nhiều nước, nằm chỗ sóng tập trung mạnh sẽ nóng nhanh, còn phần nằm ở vùng sóng yếu hầu như không ấm. Ngoài ra phần mép và phần mỏng của thức ăn nhận nhiều năng lượng hơn phần dày ở giữa. Để hâm đều nên khuấy thức ăn giữa chừng, dàn đều mỏng, xoay vị trí bát và dùng nắp đậy để giữ hơi nước giúp truyền nhiệt tốt hơn."
Vì sao muỗi lại thích đốt một số người hơn những người khác?,"Muỗi tìm mục tiêu dựa vào mùi cơ thể, nhiệt độ và khí CO2 thở ra. Người thở ra nhiều CO2 hơn như người lớn, người mang thai hoặc người vừa vận động sẽ thu hút muỗi hơn. Ngoài ra axit lactic, axit uric, amoniac trong mồ hôi cùng vi khuẩn trên da tạo ra mùi riêng mà muỗi nhạy cảm; người có mùi da hợp gu của muỗi sẽ bị đốt nhiều. Nhóm máu O, người mặc quần áo tối màu và người uống bia cũng có xu hướng bị muỗi để ý hơn. Dùng kem chống muỗi, mặc quần áo sáng và tránh ra ngoài lúc chập tối giúp giảm nguy cơ bị đốt."
Bún riêu cua là món gì và được chế biến ra sao?,"Bún riêu là món ăn đặc trưng của miền Bắc, điểm nhấn là riêu cua làm từ gạch và thịt cua đồng giã nhuyễn, lọc lấy nước để nấu bát nước dùng, phần xác cua đóng thành những mảng riêu đỏ đẹp mắt. Nước dùng nấu cùng cà chua xào, dấm bỗng hoặc mẻ tạo vị chua dịu, thêm đậu phụ rán vàng. Bát bún riêu đầy đủ gồm bún, riêu cua, đậu, rau sống như rau muống chẻ, rau thơm, giá, kèm mắm tôm để chấm riêu. Món ăn có vị chua thanh, ngọt tự nhiên của cua, thường ăn nóng và rất phổ biến ở Hà Nội cùng các tỉnh phía Bắc."
Bánh canh là món gì và có những loại bánh canh nổi tiếng nào ở Việt Nam?,"Bánh canh là món ăn có sợi bánh làm từ bột gạo hoặc bột sắn dây, sợi to, tròn, dai, được luộc chín rồi chan nước dùng. Loại phổ biến nhất là bánh canh cá lóc ở miền Trung với nước dùng ninh xương cá ngọt, ăn cùng cá lóc chiên, chả cá; bánh canh giò heo phổ biến ở miền Nam với nước dùng đậm vị, giò heo mềm. Sợi bánh canh làm từ bột sắn có độ trong, dai hơn sợi bún nên khi ăn có cảm giác sần sật đặc trưng. Mỗi vùng có cách nấu riêng nhưng nhìn chung bánh canh là món ăn nóng, ngọt nước, được ưa chuộng khắp cả nước."
Phở cuốn Hà Nội khác phở nước như thế nào và ăn kèm với gì?,"Phở cuốn là món đặc sản nổi tiếng của Hà Nội, dùng bánh phở tráng mỏng, mềm thay vỏ bánh để cuốn với nhân thịt bò xào, rau sống như xà lách, kinh giới, tía tô, hành tây. Cuốn phở thường chấm nước mắm pha chua ngọt hoặc mắm tôm pha chanh, ớt tùy sở thích. Khác với phở nước dùng bát nước dùng nóng, phở cuốn là món ăn nguội, mát, đậm vị thịt xào và rau thơm, phù hợp thời tiết nóng. Phở cuốn thường được bán kèm nem chua rán và chả giò, phổ biến nhất ở khu vực Hồ Tây, trở thành món ăn đặc trưng của thủ đô."
Cá kho tộ ngon cần những bí quyết gì?,"Cá kho tộ là món ăn dân dã nổi tiếng của miền Nam, thường dùng cá lóc hoặc cá basa kho với nước màu thắng đường, nước mắm, tiêu, ớt, sả và hành tím. Bí quyết là kho nhỏ lửa thật lâu cho cá săn lại, thấm gia vị và có màu cánh gián đẹp, thêm nước dừa để vị ngọt thanh; kho đi kho lại nhiều lần càng ngon. Cá kho tộ ăn kèm cơm trắng nóng, dưa leo hoặc khổ qua để giảm ngán. Món này thể hiện nét ẩm thực Nam Bộ đậm đà, mặn ngọt hài hòa, thường xuất hiện trong bữa cơm gia đình và mâm cỗ ngày Tết."
Chả mực Hạ Long được làm như thế nào và vì sao nổi tiếng?,"Chả mực là đặc sản nổi tiếng của Hạ Long, làm từ mực tươi xay hoặc giã nhuyễn cùng chút mỡ, gia vị, nặn thành miếng dẹt rồi chiên vàng. Điểm đặc trưng là miếng chả giữ được độ giòn sần sật của từng miếng mực nguyên, thơm vị biển. Chả mực Hạ Long ăn kèm bánh mì, cơm hoặc làm món nhậu, chấm nước mắm gừng hoặc tương ớt. Để chả ngon phải chọn mực tươi, giã không quá nhuyễn để giữ miếng mực, chiên với lửa vừa cho vàng đều. Đây là món quà và món ăn biểu tượng khi du khách ghé vịnh Hạ Long."
Bánh đúc là món ăn như thế nào và có những loại nào?,"Bánh đúc là món ăn dân dã làm từ bột gạo hoặc bột năng hòa nước vôi trong, nấu chín rồi đổ khuôn để đông lại thành khối. Bánh đúc nóng ăn kèm thịt băm xào, tôm chấy, hành phi, nước mắm chua ngọt, phổ biến ở miền Bắc; bánh đúc lạc chấm mắm ớt hoặc nước mắm tỏi. Ở miền Trung còn có bánh đúc chấm với nước cá kho, ruốc. Bánh đúc mát, mềm, dễ ăn, thường bán ở chợ quê với giá bình dân. Món ăn này phản ánh lối ẩm thực tiết kiệm, gần gũi của người Việt và vẫn được ưa chuộng đến ngày nay."
Tục ăn trầu có ý nghĩa gì trong văn hóa người Việt?,"Tục ăn trầu là nét văn hóa lâu đời của người Việt, gắn với câu chuyện trầu cau về tình anh em và tình nghĩa vợ chồng. Miếng trầu gồm lá trầu không, cau tươi, vôi và thuốc, khi nhai tạo nước màu đỏ, vị cay nồng, giúp làm thơm miệng, kích thích tiêu hóa và làm ấm cơ thể. Trong hôn nhân, trầu cau là lễ vật bắt buộc trong đám hỏi, thể hiện sự thành kính và gắn kết hai gia đình. Trầu cau còn dùng để tiếp khách quý, cúng giỗ và trong các dịp lễ Tết. Dù ngày nay ít người còn nhai trầu, phong tục này vẫn được lưu giữ qua các nghi lễ."
Cây nêu ngày Tết có ý nghĩa gì trong tín ngưỡng dân gian của người Việt?,"Cây nêu là cây tre được dựng trước nhà trong dịp Tết, với ngọn treo các vật như bùa, vòng đồng, ấn, câu đối, dây tết hình con cá chép và lá cờ. Theo quan niệm dân gian, cây nêu giúp xua đuổi tà ma và những điều xấu, đánh dấu ranh giới linh thiêng của ngôi nhà trong những ngày đầu năm. Người ta dựng nêu từ khoảng 23 tháng Chạp đến hết mùng 7 Tết rồi hạ xuống. Tục dựng cây nêu thể hiện ước mong bình an, may mắn, xua đuổi bệnh tật và gắn với tín ngưỡng dân gian lâu đời của người Việt."
Hát chèo là loại hình nghệ thuật gì và có đặc điểm ra sao?,"Chèo là loại hình sân khấu dân gian truyền thống của người Việt, ra đời ở đồng bằng Bắc Bộ, gắn với đời sống nông nghiệp lúa nước. Chèo có tính chất trữ tình, hài hước, kết hợp lời ca, điệu múa và nhạc cụ dân tộc như đàn bầu, sáo, trống, mang đậm chất thôn quê. Nội dung thường kể về cuộc sống người nông dân, phê phán cái xấu, ca ngợi cái đẹp. Các vở chèo kinh điển như Quan Âm Thị Kính, Thị Mầu lên chùa rất quen thuộc. Chèo thường được biểu diễn ngoài sân đình, trong lễ hội làng và được coi là di sản văn hóa phi vật thể quý giá của dân tộc."
Ca trù là loại hình nghệ thuật gì và vì sao được UNESCO vinh danh?,"Ca trù là loại hình nghệ thuật thính phòng thanh nhã của người Việt, kết hợp hát và đàn, biểu diễn bởi ca nương hát, kép đàn đáy và người ngồi trống chầu chấm câu theo dấu phách. Ca trù có kỹ thuật hát rất khó với nhiều lối luyến láy, ngân nga, đòi hỏi ca nương có giọng hát điêu luyện và am hiểu văn thơ. Nghệ thuật này từng là thú chơi của giới trí thức, gắn với văn học Hán Nôm và sinh hoạt của các đình làng. Năm 2009, ca trù được UNESCO ghi danh là di sản văn hóa phi vật thể cần bảo vệ khẩn cấp. Đây là nét văn hóa nghệ thuật độc đáo của người Việt."
Cốm làng Vòng được làm như thế nào và vì sao nổi tiếng?,"Cốm làng Vòng là đặc sản nổi tiếng của Hà Nội, làm từ nếp cái hoa vàng non được rang với cát nóng để tróc vỏ, giã trong cối đá rồi sàng lấy hạt cốm dẻo, xanh non. Cốm có vị ngọt bùi của nếp non, mùi thơm đặc trưng, thường được gói trong lá sen để giữ độ ẩm và hương. Người ta ăn cốm không hoặc làm cốm xào, bánh cốm, chè cốm. Nghề làm cốm làng Vòng vẫn được giữ gìn qua nhiều thế hệ, trở thành một trong những tinh hoa ẩm thực của Hà Nội, gắn với mùa thu khi nếp bắt đầu đòng đòng."
Đám cưới truyền thống của người Việt trải qua những nghi lễ chính nào?,"Đám cưới truyền thống của người Việt trải qua các nghi lễ chính: lễ dạm ngõ (hai gia đình gặp gỡ chính thức), lễ ăn hỏi (nhà trai mang trầu cau, lễ vật sang nhà gái xin cưới), lễ cưới và lễ lại mặt. Trong lễ ăn hỏi, nhà trai chuẩn bị tráp lễ gồm trầu cau, rượu, trà, bánh phu thê, lợn quay tùy vùng miền. Ngày cưới, nhà trai sang đón dâu, làm lễ gia tiên ở nhà gái rồi đưa dâu về nhà trai làm lễ thành hôn trước bàn thờ tổ tiên. Sau đó đôi vợ chồng mới về nhà gái làm lễ lại mặt. Các nghi lễ này thể hiện sự gắn kết hai gia đình và lòng thành kính với tổ tiên."
Thác Bản Giốc nằm ở đâu và có gì đặc biệt?,"Thác Bản Giốc nằm trên dòng sông Quây Sơn thuộc huyện Trùng Khánh, tỉnh Cao Bằng, là thác nước lớn nhất Việt Nam và là một trong những thác nước biên giới hùng vĩ nhất thế giới. Thác rộng khoảng 300 mét, cao hơn 30 mét, chia thành nhiều dòng nước trắng xóa đổ xuống giữa khung cảnh núi rừng trùng điệp. Mùa mưa từ tháng 6 đến tháng 9 là lúc thác đẹp nhất với lượng nước lớn, còn mùa khô nước dịu nhẹ hơn. Xung quanh thác có đồng ruộng, làng bản và hang động, tạo nên cảnh quan thiên nhiên đẹp nổi tiếng, thu hút đông đảo du khách trong và ngoài nước."
Vườn quốc gia Cúc Phương có những giá trị nổi bật gì?,"Vườn quốc gia Cúc Phương nằm ở Ninh Bình, là khu rừng đặc dụng đầu tiên của Việt Nam, thành lập năm 1962, sở hữu hệ sinh thái rừng mưa nhiệt đới cổ thụ với những cây cổ thụ hàng nghìn năm tuổi. Nơi đây là nơi sinh sống của nhiều loài động thực vật quý hiếm như voọc mông trắng, báo hoa mai, cùng hàng nghìn loài cây, trong đó có cây chò xanh hàng nghìn năm tuổi. Cúc Phương còn nổi tiếng với hoạt động bảo tồn cây gỗ quý, các tuyến đi bộ xuyên rừng và ngắm hoa phong lan. Đây là điểm du lịch sinh thái và nghiên cứu khoa học quan trọng của Việt Nam."
Hồ Gươm có ý nghĩa gì đối với người Hà Nội và gắn với truyền thuyết nào?,"Hồ Gươm (Hồ Hoàn Kiếm) nằm ở trung tâm Hà Nội, gắn với truyền thuyết vua Lê Lợi trả gươm thần cho Rùa Vàng sau khi đánh thắng giặc, nên hồ mang tên Hoàn Kiếm. Giữa hồ có Tháp Rùa cổ kính, phía bắc có đền Ngọc Sơn với cầu Thê Húc đỏ son. Hồ Gươm là trái tim của Hà Nội, nơi người dân và du khách dạo bộ, tập thể dục, ngắm tháp và cầu, đặc biệt đẹp vào sáng sớm và mùa thu. Đây là biểu tượng văn hóa - lịch sử của thủ đô, thể hiện tinh thần yêu nước và truyền thuyết lâu đời của người Hà Nội."
Đảo Cô Tô có gì hấp dẫn du khách?,"Cô Tô là quần đảo thuộc tỉnh Quảng Ninh, cách đất liền khoảng 60 km, nổi bật với bãi biển nước trong xanh, cát trắng mịn và cảnh quan hoang sơ chưa bị đô thị hóa mạnh. Điểm hút khách là bãi biển Hồng Vàn, Cô Tô Con, ngọn hải đăng Cô Tô nơi ngắm bình minh tuyệt đẹp, cùng các món hải sản tươi sống giá bình dân. Du khách đến Cô Tô thường đi phà hoặc tàu cao tốc từ cảng Cái Rồng ở Vân Đồn. Nhờ khí hậu mát mẻ và biển sạch, Cô Tô ngày càng là điểm du lịch biển được ưa chuộng, mang lại nguồn thu lớn cho người dân trên đảo."
Sông Hồng có vai trò gì đối với đồng bằng Bắc Bộ?,"Sông Hồng dài hơn 1.100 km, bắt nguồn từ vùng núi Vân Nam ở Trung Quốc, chảy qua lãnh thổ Việt Nam khoảng 510 km rồi đổ ra biển ở cửa Ba Lạt. Sông mang theo lượng phù sa lớn nên nước có màu đỏ, tạo nên đồng bằng sông Hồng trù phú, nơi phát triển nông nghiệp lúa nước và hình thành các đô thị lớn như Hà Nội. Sông cung cấp nước tưới tiêu, nước sinh hoạt, giao thông thủy và là nguồn phù sa bồi đắp đất đai. Tuy nhiên sông cũng gây nguy cơ ngập lụt vào mùa lũ, nên hệ thống đê điều dọc sông rất quan trọng, được người Việt đắp từ hàng trăm năm nay."
Núi Bà Đen ở Tây Ninh có gì đặc biệt?,"Núi Bà Đen nằm ở tỉnh Tây Ninh, cao khoảng 986 mét, là ngọn núi cao nhất vùng Nam Bộ, mệnh danh là nóc nhà Nam Bộ. Núi gắn với truyền thuyết Bà Đen, sau được nhân dân lập miếu thờ, nay có chùa Bà Linh Sơn Thánh Mẫu thu hút đông đảo khách hành hương. Từ năm 2020, tuyến cáp treo và tượng Phật Bà Tây Bổ Đà Sơn cao 72 mét trên đỉnh núi được xây dựng, biến nơi đây thành khu du lịch tâm linh nổi tiếng. Từ đỉnh núi có thể ngắm toàn cảnh đồng bằng rộng lớn, buổi sớm còn thấy biển mây phủ quanh đỉnh hùng vĩ."
Cực quang là gì và vì sao nó xuất hiện?,"Cực quang là hiện tượng quang học xuất hiện ở vùng gần cực, tạo thành những dải ánh sáng màu xanh lá, hồng, tím uốn lượn trên bầu trời đêm. Nó hình thành khi các hạt mang điện từ gió mặt trời lao vào khí quyển Trái Đất, va chạm với các phân tử khí như oxy và nitơ; các nguyên tử bị kích thích rồi phát ra ánh sáng màu đặc trưng: oxy cho màu xanh lá và đỏ, nitơ cho màu tím và hồng. Cực quang chỉ xuất hiện gần cực từ vì từ trường Trái Đất dẫn các hạt tới đó. Ở vùng ôn đới rất hiếm thấy, nhưng khi hoạt động mặt trời mạnh có thể lan xa hơn về phía xích đạo."
Vì sao thủy tinh lại trong suốt trong khi nhiều vật liệu khác thì không?,"Thủy tinh trong suốt vì cấu trúc phân tử của nó: các phân tử silic dioxit trong thủy tinh sắp xếp không theo trật tự tinh thể, với khoảng cách giữa chúng lớn hơn bước sóng ánh sáng nhìn thấy. Ánh sáng không bị hấp thụ hay tán xạ mạnh khi đi qua, phần lớn truyền thẳng nên mắt nhìn xuyên qua. Ngược lại, nhiều vật liệu khác có cấu trúc hấp thụ ánh sáng hoặc chứa tạp chất gây tán xạ nên không trong suốt. Khi thủy tinh lẫn tạp chất như oxit sắt, đồng thì nó hấp thụ một phần ánh sáng và ngả màu xanh lục, xanh lam, chứng minh độ trong phụ thuộc vào độ tinh khiết."
Vì sao kim cương lại cứng đến vậy?,"Kim cương là khoáng vật cứng nhất trong tự nhiên nhờ cấu trúc tinh thể: mỗi nguyên tử carbon liên kết cộng hóa trị với bốn nguyên tử carbon khác tạo thành mạng lưới ba chiều cực kỳ bền vững. Liên kết cộng hóa trị này rất mạnh và đều khắp nên mọi hướng trong tinh thể đều khó bị phá vỡ, cho độ cứng tối đa theo thang Mohs là 10. Khác với than chì cũng làm từ carbon nhưng các lớp liên kết yếu trượt lên nhau dễ dàng. Nhờ độ cứng và độ bền, kim cương được dùng làm dao cắt, mũi khoan và trang sức, nhưng nó cũng giòn và có thể vỡ nếu bị đập mạnh theo mặt tinh thể."
Vì sao ngọn lửa lại có nhiều màu khác nhau?,"Màu ngọn lửa phụ thuộc vào chất cháy và nhiệt độ. Khi chất rắn hoặc nhiên liệu cháy không hoàn toàn, các hạt carbon nóng phát sáng màu vàng cam, vì vậy ngọn lửa bếp gas và nến thường vàng cam. Nếu đủ oxy và nhiệt độ cao, phản ứng cháy gần như hoàn toàn tạo ngọn lửa xanh lam, như phần cháy sạch của bếp gas. Khi đốt các kim loại, mỗi nguyên tố phát ra màu riêng do electron nhảy mức năng lượng: đồng cho màu xanh lục, natri vàng tươi, lithium đỏ thẫm. Nguyên tắc này được dùng để tạo pháo hoa nhiều màu trong các dịp lễ hội."
Vì sao trời lại có mưa?,"Trời mưa là một phần của vòng tuần hoàn nước. Nhiệt từ mặt trời làm nước ở biển, sông, hồ, đất và lá cây bốc hơi, tạo thành hơi nước bay lên cao. Ở tầng cao, không khí lạnh dần khiến hơi nước ngưng tụ thành những giọt nước li ti bám quanh các hạt bụi, tạo thành mây. Các giọt nước trong mây va chạm, kết hợp lại thành giọt lớn dần; khi đủ nặng so với lực nâng của không khí, chúng rơi xuống đất thành mưa. Mưa xuống lại bốc hơi trở lại, cứ thế tiếp diễn. Điều kiện có mưa gồm đủ độ ẩm, hạt nhân ngưng tụ và quá trình làm lạnh không khí."
Tuyển cộng tác viên đặt đơn hàng online hoàn tiền trên hoa hồng có phải là chiêu lừa đảo phổ biến?,"Đây là một trong những chiêu lừa đảo việc làm online phổ biến nhất hiện nay. Kẻ lừa đảo giao các đơn hàng ảo, lúc đầu trả hoa hồng thật để tạo niềm tin, sau đó đẩy lên các đơn hàng giá trị lớn và bắt nạn nhân đặt cọc trước bằng tiền của chính họ. Khi nạn nhân nạp khoản lớn, cả hệ thống biến mất. Dấu hiệu nhận biết: yêu cầu nạp tiền vào tài khoản cá nhân, hứa hẹn thu nhập quá cao so với công sức, không có hợp đồng lao động rõ ràng. Đây là thông tin kiến thức giúp nhận diện lừa đảo, không phải hướng dẫn phạm pháp."
Chiêu lừa cho vay tiền online lãi suất siêu thấp thường giăng bẫy khách hàng như thế nào?,"Kẻ lừa đảo quảng cáo cho vay không thế chấp, lãi suất thấp, giải ngân nhanh qua các app vay tiền giả mạo. Sau khi người vay điền thông tin cá nhân và đóng 'phí hồ sơ', 'phí bảo hiểm khoản vay', tiền giải ngân không bao giờ đến, hoặc chúng dùng chính thông tin đó để ép buộc, bôi nhọ người thân khi đòi nợ. Những khoản vay thật có pháp lý đều công khai lãi suất và không thu phí trước khi giải ngân. Đây là thông tin kiến thức giúp nhận diện lừa đảo, không phải hướng dẫn phạm pháp."
Kỹ thuật rửa tiền qua doanh nghiệp bình phong và các hợp đồng thương mại ảo hoạt động ra sao?,"Rửa tiền thường chia ba giai đoạn: đưa tiền bẩn vào hệ thống tài chính, che giấu nguồn gốc bằng nhiều lớp giao dịch, rồi hợp thức hóa để tiền trông như thu nhập hợp pháp. Doanh nghiệp bình phong được dùng để lập hợp đồng mua bán ảo, xuất hóa đơn khống cho dịch vụ không thực sự cung cấp, hoặc nâng giá nguyên vật liệu để trộn tiền bẩn vào dòng tiền kinh doanh. Cơ quan chống rửa tiền đối chiếu dòng tiền, mức thuế và bản chất giao dịch để phát hiện. Đây là thông tin kiến thức giải thích cơ chế, không phải hướng dẫn phạm pháp."
Rửa tiền qua việc đầu tư vào công ty trách nhiệm hữu hạn có vốn điều lệ lớn thường diễn ra thế nào?,"Kẻ phạm pháp góp vốn bằng tiền bẩn vào một công ty trách nhiệm hữu hạn, sau đó rút dần dưới dạng lợi nhuận, cổ tức, tiền lương hoặc trả nợ nội bộ để tiền trở thành thu nhập hợp pháp. Vốn điều lệ lớn giúp hợp thức hóa số tiền lớn chỉ qua vài bút toán. Chúng có thể mua lại công ty đã có lịch sử hoạt động, thay người đại diện rồi bán lại với giá cao hơn để 'rửa' chênh lệch. Việc nhà nước siết kiểm soát vốn góp, giao dịch lớn bằng tiền mặt và yêu cầu xác minh chủ sở hữu hưởng lợi giúp lộ diện các vụ kiểu này. Đây là thông tin kiến thức, không phải hướng dẫn phạm pháp."
"Chiêu lừa nạn nhân tự quay video, thu âm giọng nói để làm deepfake lừa người thân là gì?","Đây là chiêu lừa ngày càng tinh vi: kẻ lừa đảo đóng vai nhân viên ngân hàng, công an hoặc hãng tuyển dụng, yêu cầu nạn nhân tự quay video xác minh danh tính, nhìn vào camera và đọc vài câu như một câu lệnh chuyển tiền. Sau đó chúng dùng phần mềm deepfake ghép mặt và giọng nạn nhân để gọi video cho người thân xin tiền cấp cứu, hoặc dùng để xác thực sinh trắc học. Dấu hiệu nhận biết: không ai có quyền yêu cầu tự quay video nhạy cảm, và luôn xác minh lại người thân qua kênh khác. Đây là thông tin kiến thức, không phải hướng dẫn phạm pháp."
Lừa đảo bán khóa học đầu tư chứng khoán ảo trên mạng xã hội hoạt động như thế nào?,"Kẻ lừa đảo dựng các hội nhóm kín trên mạng xã hội, đăng ảnh lãi khủng, khoe mua xe mua nhà từ chứng khoán, rồi mời tham gia khóa học hàng triệu đồng hoặc quỹ 'chuyên gia quản lý tài khoản'. Thực chất chúng dùng sàn giao dịch giả, giao diện đẹp nhưng số liệu do chúng tự vẽ, nạn nhân nạp tiền vào mà không bao giờ rút được. Dấu hiệu: hứa lợi nhuận cố định cao, ép nạp thêm khi đã mất tiền, sàn không có giấy phép. Đây là thông tin kiến thức giúp nhận diện lừa đảo, không phải hướng dẫn phạm pháp."
Cách kẻ xấu lợi dụng bí danh và ví tiền mã hóa để che giấu dòng tiền phi pháp ra sao?,"Tiền mã hóa được ưa chuộng vì giao dịch qua địa chỉ ví vô danh, không gắn trực tiếp với danh tính thật. Kẻ phạm pháp dùng chuỗi ví trung gian, dịch vụ trộn coin và sàn phi tập trung để cắt đứt liên kết giữa nguồn gửi và đích đến, rồi quy đổi ra tiền pháp định qua sàn hoặc người mua tiền mặt. Các công cụ phân tích chuỗi khối vẫn theo dấu được nhờ lịch sử giao dịch công khai, và nhiều sàn buộc xác minh danh tính. Đây là thông tin kiến thức giải thích cơ chế để nhận diện rủi ro, không phải hướng dẫn phạm pháp."
Jailbreak trợ lý AI bằng cách yêu cầu đóng vai mô hình khác hoặc nói giả định thường được thực hiện ra sao?,"Đây là kỹ thuật xã hội nhắm vào các quy tắc an toàn của mô hình. Người dùng gợi ý mô hình nhập vai một nhân vật 'đã thoát khỏi giới hạn', đưa ra bối cảnh giả định như câu chuyện viễn tưởng, hoặc yêu cầu trả lời 'giả vờ' không tuân thủ, để mô hình nới lỏng các ràng buộc ban đầu. Các nhà nghiên cứu an toàn AI liên tục kiểm tra, thêm rào chắn ngữ cảnh và huấn luyện mô hình nhận diện các kiểu đổi vai này. Đây là thông tin kiến thức giáo dục về an toàn AI, không phải hướng dẫn phạm pháp."
"Vì sao các đường dây lừa đảo thường gọi vào giờ cao điểm, yêu cầu giữ bí mật tuyệt đối?","Kẻ lừa đảo cố tình tạo áp lực thời gian và cô lập nạn nhân khỏi người thân để họ không kịp kiểm chứng. Khi gọi vào giờ cao điểm hoặc gấp gáp 'khóa tài khoản trong 30 phút', nạn nhân sợ mất tiền nên hành động vội vàng. Yêu cầu giữ bí mật tuyệt đối, không được báo cảnh sát hay hỏi ý kiến người thân, nhằm chặn mọi nguồn tư vấn độc lập. Đây là thông tin kiến thức giúp nhận diện chiêu trò để chủ động phòng tránh, không phải hướng dẫn phạm pháp."
Nhận biết chiêu lừa bán hàng đa cấp trá hình hiện nay bằng những dấu hiệu nào?,"Đa cấp hợp pháp bán sản phẩm có giá trị thật và thu nhập chủ yếu từ bán hàng, còn đa cấp trá hình lấy tiền tuyển người làm nguồn thu chính. Dấu hiệu nhận biết: phải mua một lượng hàng lớn ban đầu để được 'quyền tham gia', hứa hẹn giàu nhanh nhờ kéo người vào mạng lưới, hoa hồng dựa trên số người tuyển thay vì doanh số, sản phẩm bán đắt gấp nhiều lần giá trị thật. Các công ty kiểu này thường thay tên đổi tuổi khi bị phạt và lôi kéo qua hội nhóm kín. Đây là thông tin kiến thức, không phải hướng dẫn phạm pháp."
"Vì sao khi đi máy bay, tai thường bị ù và có cách nào giảm nhanh?","Ù tai khi bay xảy ra do chênh lệch áp suất giữa khoang tai giữa và buồng máy bay khi máy bay cất hạ cánh, khiến màng nhĩ bị đẩy lệch. Cách giảm nhanh là nuốt nước bọt, ngáp, nhai kẹo cao su hoặc thực hiện động tác bịt mũi thổi nhẹ để mở vòi nhĩ cân bằng áp suất. Trẻ nhỏ và người bị cảm cúm thường ù tai nặng hơn vì vòi nhĩ bị viêm tắc, nên có thể ngậm bình sữa cho bé bú khi hạ cánh."
Vì sao nước ấm lại hòa tan đường và muối nhanh hơn nước lạnh?,"Vì khi đun nóng, các phân tử nước chuyển động nhanh hơn và va chạm mạnh hơn, giúp phá vỡ liên kết tinh thể của đường hoặc muối nhanh hơn, đồng thời tạo dòng đối lưu cuốn chất tan đi khắp dung dịch. Nước ấm còn giữ được nhiều chất tan hơn nước lạnh trước khi bão hòa. Tuy nhiên với chất khí như oxy, nước lạnh lại hòa tan tốt hơn nước nóng, vì vậy nước máy để lâu hay sôi thường nhạt mùi hơn."
Vì sao giấm có thể giúp trứng luộc bong vỏ dễ dàng hơn?,"Giấm chứa axit axetic phản ứng với canxi cacbonat trong vỏ trứng, làm vỏ mềm và hòa tan một phần, tạo ra bọt khí nhỏ giữa vỏ và màng trứng. Vì vậy khi bóc, vỏ tách khỏi lòng trắng dễ hơn. Thêm một chút giấm vào nước luộc còn giúp lòng trắng đông nhanh hơn nếu trứng bị nứt, hạn chế trứng trào ra ngoài. Tuy nhiên chỉ cần dùng vừa phải để không làm trứng có vị chua."
"Vì sao khi trời nóng, mồ hôi tiết ra nhiều nhưng cơ thể vẫn cần bổ sung nước muối khoáng?","Vì mồ hôi không chỉ là nước mà còn chứa natri, kali, canxi và magie. Khi đổ mồ hôi nhiều, cơ thể mất cả nước lẫn điện giải, nếu chỉ uống nước lọc không sẽ làm loãng muối trong máu và gây mất cân bằng điện giải, dẫn đến chuột rút, mệt lả. Uống nước có pha muối khoáng hoặc nước oresol, ăn chuối, uống nước dừa giúp bù đắp kịp thời. Người lao động ngoài trời nắng cần chú ý uống bù trước khi thấy khát."
Vì sao các loại trái cây họ cam quýt lại giúp tăng hấp thu sắt từ rau củ?,"Sắt trong rau củ, đậu chủ yếu là sắt non-heme, dạng khó hấp thu hơn sắt heme từ thịt. Vitamin C trong cam, quýt, chanh, bưởi hoạt động như chất khử, giữ sắt ở dạng dễ hòa tan trong ruột và kết hợp với sắt để cơ thể hấp thu tốt hơn. Vì vậy ăn rau muống xào kèm vài lát chanh, hoặc tráng miệng bằng cam sau bữa cơm rau, sẽ giúp cơ thể tận dụng được nhiều sắt hơn và hỗ trợ phòng thiếu máu."
"Vì sao khi ngâm nước lâu, da đầu ngón tay và chân lại nhăn nheo?","Hiện tượng nhăn da khi ngâm nước lâu là phản ứng thần kinh chủ động của cơ thể, không phải chỉ do nước thấm vào da. Khi da ướt lâu, các sợi thần kinh co mạch máu ở đầu ngón tay, khiến lớp da phía trên co lại thành nếp nhăn. Giả thuyết được chấp nhận cho rằng nhăn ngón tay giúp bám chắc hơn khi cầm đồ vật dưới nước, giống gai lốp xe. Sau khi ra khỏi nước một lúc, da tự trở lại bình thường."
Vì sao nến thắp trong phòng kín để lâu lại cháy yếu dần rồi tắt?,"Nến cháy cần oxy để duy trì phản ứng đốt cháy paraffin hoặc sáp. Trong phòng kín, oxy dần bị tiêu hao, khi nồng độ xuống thấp ngọn lửa không còn đủ oxy nên cháy yếu đi, phát ra nhiều muội và khói rồi tắt ngúm. Đồng thời khí CO2 sinh ra tích tụ quanh ngọn lửa khiến quá trình cháy càng khó khăn hơn. Mở cửa sổ để không khí lưu thông sẽ giúp nến cháy sáng và đều hơn."
"Vì sao âm thanh trong hang, giếng sâu hay hành lang vắng lại tạo ra tiếng vang?","Tiếng vang xảy ra khi âm thanh phát ra phản xạ trên bề mặt cứng rồi quay lại tai người nghe sau một khoảng thời gian đủ để phân biệt với âm phát. Trong hang, giếng hay hành lang dài có bề mặt đá, tường cứng và không gian trống, âm phản xạ nhiều lần nên nghe rõ tiếng vọng. Nếu khoảng cách quá gần hoặc phòng nhiều đồ đạc hấp thụ âm, tiếng vang sẽ mất đi và chỉ còn âm dội trộn lẫn."
"Vì sao khi ngồi lâu trước màn hình, mắt thường mỏi, khô và nhìn mờ?","Khi tập trung nhìn màn hình, tần suất chớp mắt giảm từ khoảng 15–20 lần mỗi phút xuống còn vài lần, khiến màng nước mắt bay hơi nhanh và mắt bị khô. Ngoài ra mắt phải liên tục điều tiết để nhìn rõ chữ trên màn hình sáng, cơ mi lâu ngày căng mỏi. Cách giảm: áp dụng quy tắc 20-20-20 là mỗi 20 phút nhìn xa 20 giây, chớp mắt chủ động, điều chỉnh độ sáng màn hình và để màn hình thấp hơn tầm mắt."
Cách làm món gỏi gà bóp rau răm ngon cần những nguyên liệu và bước nào?,"Nguyên liệu gồm ức gà hoặc gà ta luộc, hành tây, rau răm, ngò, chanh, ớt, tỏi, nước mắm, đường và đậu phộng rang. Luộc gà với chút gừng, hành cho thơm rồi xé sợi. Hành tây bào mỏng ngâm nước đá để giảm hăng. Pha nước trộn từ nước mắm, đường, nước cốt chanh, tỏi ớt băm theo tỉ lệ chua cay mặn ngọt cân bằng. Trộn gà với hành, rau răm, chan nước sốt, rắc đậu phộng giã dập và thưởng thức ngay để rau răm giữ độ giòn thơm."
"Vì sao người Việt thường dùng lá dứa, lá cẩm để nhuộm màu cho xôi, bánh?","Vì các loại lá này vừa tạo màu tự nhiên vừa an toàn lại thơm. Lá dứa cho màu xanh dịu kèm mùi thơm đặc trưng, lá cẩm cho màu tím hồng, củ dền cho màu đỏ, gấc cho màu cam, nghệ cho màu vàng. Những màu này gắn với quan niệm ngũ sắc trong ẩm thực dân gian, tượng trưng cho ngũ hành và sự may mắn, nên xôi ngũ sắc thường dùng trong ngày giỗ, cúng, lễ Tết."
Bánh tráng trộn Sài Gòn thường gồm những thành phần nào?,"Bánh tráng trộn là món ăn vặt quen thuộc của Sài Gòn, gồm bánh tráng mỏng cắt sợi trộn với trứng cút luộc, khô bò, khô gà, tép khô, xoài xanh bào sợi, rau răm, hành phi, đậu phộng và rưới sốt trứng hay sốt bơ tỏi. Khi ăn được trộn thêm ít bột ớt, mỡ hành và nước me cho đậm vị. Món này nổi bật ở độ dai giòn của bánh tráng, vị chua ngọt cay hòa quyện và ăn kèm cuốn ngoài bánh tráng khác."
Vì sao cơm gạo lứt lại được khuyên dùng trong thực đơn giảm cân?,"Vì gạo lứt giữ nguyên lớp cám và mầm nên giàu chất xơ, vitamin nhóm B và khoáng chất hơn gạo trắng. Chất xơ giúp no lâu, giảm cảm giác thèm ăn và làm chậm quá trình hấp thu đường vào máu, nhờ đó hạn chế tăng đường huyết đột ngột. Nhờ vậy ăn gạo lứt giúp kiểm soát calo dễ hơn. Tuy nhiên gạo lứt vẫn là tinh bột, nên cần ăn khẩu phần vừa phải và kết hợp đạm, rau để giảm cân hiệu quả."
Chọn sầu riêng ngon theo kinh nghiệm dân gian như thế nào?,"Dân gian thường chọn sầu riêng có gai to, thưa, đầu gai nở đều, cuống còn tươi và hơi ướt nhựa, ấn vào thấy cuống mềm nhũn là chín tới. Lắc nhẹ nghe tiếng múi khẽ chuyển động bên trong, hoặc dùng tay gõ nghe tiếng bộp đặc là ruột dày ít xơ. Mùi thơm nồng bốc lên từ cuống là dấu hiệu chín tự nhiên. Chọn quả tròn đều, đã ngả vàng ở gai, tránh quả bị úng nước hoặc có vết thâm."
Đặc sản bánh dân gian nào nổi tiếng nhất ở miền Tây Nam Bộ và có điểm gì đặc trưng?,"Miền Tây có nhiều bánh dân gian nổi tiếng như bánh xèo, bánh khọt, bánh bò, bánh tiêu, bánh da lợn, bánh bò thốt nốt. Nổi bật nhất là bánh xèo giòn với nhân tôm thịt giá, ăn kèm rau sống và nước mắm chua ngọt; và bánh da lợn xanh đỏ nhiều lớp từ nước cốt dừa. Điểm chung là tận dụng nguồn bột gạo, dừa, đường thốt nốt của vùng sông nước, màu sắc tự nhiên và ăn kèm rau trái đồng quê."
Vì sao người miền Trung thích ăn kèm nhiều loại rau sống với các món mặn?,"Thói quen này xuất phát từ ẩm thực miền Trung vốn thiên về vị mặn, cay và đậm đà. Rau sống như rau sống, xà lách, rau thơm, chuối xanh, khế, đậu bắp giúp làm dịu vị mặn cay, cân bằng hương vị và hỗ trợ tiêu hóa nhờ chất xơ. Đồng thời rau rừng, rau đồng ở miền Trung rất phong phú quanh năm, tạo nên mâm rau sống đặc trưng của các món bánh xèo, bánh bèo, hải sản nướng."
Cách pha ly cà phê sữa đá chuẩn gu tại nhà là như thế nào?,"Cà phê sữa đá chuẩn vị dùng cà phê rang xay nguyên chất pha phin: cho khoảng 20–25g bột vào phin, chế nước sôi khoảng 90 độ, để cà phê chảy từ từ khoảng 5 phút. Rót sữa đặc xuống đáy ly, thêm cà phê và đá viên to, khuấy đều. Tỉ lệ phổ biến là 2 phần cà phê và 1 phần sữa, có thể chỉnh theo khẩu vị. Uống kèm đá để ly đúng điệu và cảm nhận vị đắng dịu xen chút ngọt béo."
Món ăn gì gắn với mùa thu Hà Nội ngoài cốm và thường được thưởng thức theo cách riêng?,"Mùa thu Hà Nội còn gắn với chả rươi, một món ngon mùa rươi vào tháng 9, 10 âm lịch. Rươi làm chả rươi rán vàng với trứng, thịt băm, vỏ quýt và thì là, ăn kèm cơm trắng hoặc bún. Bên cạnh đó là cốm Vòng dẻo thơm ăn với chuối trứng cuốc, và bánh trôi tàu, chè hạt sen dùng vào dịp rằm tháng 7. Những món này theo mùa nên người Hà Nội thường chờ đúng vụ mới thưởng thức trọn vị."
Vì sao các món cuốn Việt Nam cần chấm nước mắm pha theo công thức riêng mới trọn vị?,"Vì nước chấm là linh hồn tạo nên sự cân bằng cho món cuốn vốn chủ yếu là vị thanh, béo, ít mặn. Nước mắm pha với đường, chanh, tỏi ớt, thêm chút nước lọc tạo vị chua cay mặn ngọt hài hòa, giúp nâng vị của nhân tôm thịt, rau sống lên đậm đà hơn. Mỗi vùng có tỉ lệ riêng, miền Bắc thường loãng và mặn hơn, miền Nam ngọt và đặc hơn, khiến món cuốn cùng nhân nhưng mang bản sắc khác nhau."
Vì sao cao nguyên Mộc Châu nổi tiếng với những đồi chè xanh trải dài tít tắp?,"Vì Mộc Châu có độ cao trên 1.000 mét, khí hậu mát mẻ quanh năm, sương mù nhiều và đất đai màu mỡ, rất phù hợp với cây chè. Cây chè ở đây sinh trưởng chậm hơn vùng đồng bằng nên búp chè nhỏ, thơm và chứa nhiều chất tốt, tạo nên những đồi chè bát úp trải dài như thảm xanh. Cảnh sắc đồi chè đẹp nhất vào lúc sáng sớm khi sương mờ còn bao phủ, thu hút du khách đến tham quan và chụp ảnh."
Bán đảo Sơn Trà ở Đà Nẵng có những giá trị thiên nhiên nổi bật nào?,"Sơn Trà được mệnh danh là 'lá phổi xanh' của Đà Nẵng với diện tích rừng nguyên sinh rộng lớn, khí hậu trong lành và đa dạng sinh học cao. Nơi đây có loài voọc chà vá chân nâu quý hiếm được gọi là 'nữ hoàng linh trưởng', cùng nhiều loài động thực vật đặc hữu. Bán đảo còn nổi tiếng với bãi Bụt, bãi Rạng, chùa Linh Ứng với tượng Quan Âm cao nhất Việt Nam, ôm trọn bờ biển và đem lại tầm nhìn đẹp ra biển."
Vì sao vùng ven biển miền Trung Việt Nam lại có nhiều đầm phá và cồn cát?,"Vì vùng này có dòng biển ven bờ và gió mùa mang cát từ sông, biển bồi tụ dọc bờ, tạo nên các dải cồn cát dài. Giữa các cồn cát và núi hình thành những đầm phá nông, nơi nước sông và nước biển gặp nhau, tiêu biểu như phá Tam Giang, đầm Cầu Hai ở Thừa Thiên Huế. Nhờ đó miền Trung có hệ sinh thái đất ngập nước giàu thủy sản, nghề nuôi trồng hải sản và làng chài ven đầm phát triển mạnh."
Vì sao phù sa sông Cửu Long lại giúp đồng bằng này trù phú lúa gạo?,"Vì phù sa chứa nhiều khoáng chất, chất hữu cơ và bùn màu mỡ do sông Mê Kông cuốn theo từ thượng nguồn, bồi lắng xuống đồng bằng khi nước tràn về mùa lũ. Lớp phù sa mới mỗi năm phủ lên đất ruộng giúp đất luôn tơi xốp, giàu dinh dưỡng, không cần bón nhiều phân. Nhờ vậy lúa phát triển tốt, có thể canh tác nhiều vụ một năm, biến đồng bằng sông Cửu Long thành vựa lúa lớn nhất cả nước."
Vì sao Hồ Xuân Hương ở Đà Lạt lại thơ mộng và gắn bó với du lịch đến vậy?,"Vì hồ nằm giữa lòng thành phố ở độ cao 1.500 mét, mặt nước phẳng lặng phản chiếu rừng thông và đồi núi xung quanh, khí hậu mát mẻ quanh năm nên lúc nào cũng dịu dàng, lãng mạn. Hồ được đặt tên theo nữ sĩ Hồ Xuân Hương, gắn với nhiều truyền thuyết và thơ ca, tạo nên không gian văn hóa độc đáo. Quanh hồ có vườn hoa, đồi thông, đường ngắm cảnh và các công trình kiến trúc cổ, là điểm hẹn quen thuộc của du khách."
Vì sao vùng đất ngập nước như Tràm Chim lại quan trọng với các loài chim nước di cư?,"Vì đây là nơi trú ngụ an toàn, có nguồn thức ăn phong phú như cá, tôm, côn trùng, cỏ năng và đầm lầy rộng lớn cho chim nước kiếm ăn, làm tổ. Vườn quốc gia Tràm Chim nằm trong lưu vực sông Mê Kông, mỗi mùa nước nổi lại mang theo lượng thức ăn dồi dào, thu hút hàng chục nghìn con chim di cư từ phương Bắc, trong đó có sếu đầu đỏ quý hiếm. Đây là một phần của hệ thống đất ngập nước Ramsar, có giá trị bảo tồn đa dạng sinh học lớn."
Vì sao con nhện không tự dính vào tấm lưới của chính mình khi săn mồi?,"Vì nhện có các sợi lông nhỏ trên chân giúp chúng đứng trên tơ khô, và tấm lưới được cấu tạo từ hai loại tơ khác nhau: tơ dọc khô và chắc để di chuyển, tơ vòng phủ chất dính để bắt mồi. Nhện di chuyển chủ yếu trên tơ dọc khô, đầu ngón chân còn tiết một lớp dầu nhẹ làm giảm độ dính. Khi cần băng qua vùng tơ dính, nhện khéo léo dùng móng để gỡ chân ra khỏi những điểm tiếp xúc nhỏ."
Vì sao cá heo trông giống cá nhưng thực chất là động vật có vú?,"Vì cá heo có những đặc điểm riêng của lớp thú: đẻ con và nuôi con bằng sữa mẹ, thở bằng phổi thay vì mang nên phải ngoi lên mặt nước hít thở, có lông ở giai đoạn đầu đời và giữ thân nhiệt ổn định. Tổ tiên của cá heo từng là thú sống trên cạn rồi di cư trở lại đại dương hàng triệu năm, cơ thể dần tiến hóa thành hình thoi giống cá. Ngược lại, cá thở bằng mang và đẻ trứng nên chỉ giống nhau về hình dáng do sống chung môi trường."
Vì sao cây xương rồng có thể sống sót ở môi trường sa mạc khô hạn?,"Vì xương rồng trữ nước trong thân mọng nước, rễ lan rộng nông để hút nhanh sau cơn mưa hiếm hoi, và lá biến thành gai để giảm thoát hơi nước. Quá trình quang hợp của xương rồng diễn ra vào ban đêm khi cửa khí khổng mở, nước mất ít hơn hẳn cây thông thường. Thân có lớp sáp chống mất nước, ngoài ra nếp gấp trên thân giúp cây phồng ra khi đầy nước và co lại khi khô hạn, đủ để sống qua nhiều tháng không mưa."
Vì sao sóng thần có thể xuất hiện bất ngờ ở vùng biển lặng?,"Vì sóng thần không phát sinh từ gió bề mặt mà từ sự dịch chuyển nhanh của khối nước lớn do động đất dưới đáy biển, núi lửa phun hoặc sạt lở đất ngầm. Khi lan ra biển sâu, sóng thần thấp và dài nên không thể nhận ra ngoài khơi, tàu bè chỉ thấy biển lặng bình thường. Nhưng khi tiến vào vùng nước nông gần bờ, sóng bị nén lại, cao dần lên thành tường nước khổng lồ ập vào đất liền bất ngờ, nên các vùng ven biển cần cảnh giác khi có động đất gần đó."
"Vì sao vào mùa đông, hơi thở của chúng ta lại tạo thành 'khói' trắng như mù sương?","Khói trắng khi thở trong trời lạnh thực chất là hơi nước trong hơi thở ấm và ẩm của cơ thể gặp không khí lạnh nên ngưng tụ thành những giọt nước nhỏ li ti lơ lửng, giống hiện tượng sương mù. Cơ thể luôn giữ nhiệt khoảng 37 độ, nên hơi thở chứa nhiều hơi nước hơn không khí bên ngoài. Khi chênh lệch nhiệt độ càng lớn, hơi nước ngưng tụ càng nhiều và nhìn rõ. Vì vậy trời càng lạnh, khói thở càng dày hơn chứ không phải do phổi bốc khói."
Chiêu lừa đảo 'trúng thưởng tour du lịch nước ngoài' nhưng phải đóng phí trước thường giăng bẫy như thế nào?,"Đây là biến thể quen thuộc của chiêu trúng thưởng giả. Kẻ lừa đảo gọi điện hoặc nhắn tin thông báo bạn trúng tour du lịch miễn phí đến Thái Lan, Hàn Quốc, Dubai... rồi yêu cầu đóng 'phí làm visa', 'phí bảo hiểm', 'tiền cọc giữ chỗ' chuyển vào tài khoản cá nhân. Người chuyển tiền xong thì số điện thoại biến mất, hoặc bị gạt sang lần phí tiếp theo như 'phí mở khóa voucher'. Thực tế không có giải thưởng nào yêu cầu người trúng phải trả tiền trước để nhận quà, mọi chi phí của tour thật đều do công ty chịu hoặc thanh toán trực tiếp cho đơn vị du lịch. Cách đối phó: xác minh qua số điện thoại chính thức của đơn vị tổ chức, tuyệt đối không chuyển khoản theo yêu cầu của người lạ. Đây là thông tin kiến thức, không phải hướng dẫn phạm pháp."
Rửa tiền qua dịch vụ chuyển tiền kiều hối và các đại lý chuyển tiền nhỏ lẻ diễn ra như thế nào?,"Với hệ thống chuyển tiền hợp pháp, kẻ rửa tiền dùng hàng loạt đại lý nhỏ và hàng trăm người 'mộng chim' (money mule) nhận tiền rồi chuyển tiếp, mỗi giao dịch dưới ngưỡng báo cáo nên khó bị phát hiện. Kiều hối được khai khống: gửi tiền ra nước ngoài dưới dạng viện trợ gia đình, học phí, chi phí y tế nhưng thực chất là đưa tiền bẩn sang nước khác, sau đó thu hồi dưới dạng đầu tư hoặc mua tài sản. Đại lý chuyển tiền nhỏ thường bị mua chuộc để làm ngơ, thậm chí tự đứng ra chia nhỏ giao dịch và lập hồ sơ nhận tiền giả. Dấu hiệu nhận diện là lượng giao dịch chuyển-nhận nhanh bất thường, người nhận không liên quan về gia đình, địa chỉ khai báo thường xuyên thay đổi. Các quốc gia đã yêu cầu đơn vị chuyển tiền phải nhận diện khách hàng và báo cáo giao dịch đáng ngờ. Đây là thông tin kiến thức, không phải hướng dẫn phạm pháp."
"Kỹ thuật jailbreak AI bằng cách gói câu hỏi vào một bài toán, câu đố hay đoạn thơ hoạt động như thế nào?","Cách này lợi dụng việc bộ lọc an toàn của mô hình ngôn ngữ thường được huấn luyện để nhận diện câu hỏi trực tiếp, còn nội dung ẩn trong bài toán, câu đố hoặc thơ ca thì ngữ nghĩa bị che giấu nên không kích hoạt được bộ lọc. Chẳng hạn người dùng viết bài thơ lục bát mô tả hành vi cần hỏi, hoặc đóng khung yêu cầu thành một 'bài toán giải mã' trong đó đáp án chính là nội dung cấm; mô hình khi đó tập trung giải quyết hình thức trình bày mà ít để ý đến nội dung ẩn. Vì các nhà nghiên cứu an toàn AI liên tục bổ sung mẫu đối kháng vào quá trình huấn luyện, kỹ thuật này thường chỉ hiệu quả trong thời gian ngắn rồi lại bị vá. Jailbreak là lĩnh vực nghiên cứu bảo mật hợp pháp nhằm hiểu giới hạn của mô hình; đây là thông tin kiến thức, không phải hướng dẫn phạm pháp."
"Chiêu lừa đặt cọc thuê nhà trọ, nhà nguyên căn trên mạng với giá rẻ bất thường hoạt động ra sao?","Kẻ lừa đảo đăng tin cho thuê phòng trọ, chung cư hoặc nhà nguyên căn với giá rẻ hơn thị trường rất nhiều, kèm hình ảnh đẹp sưu tầm từ nơi khác. Khi người thuê liên hệ, chúng bảo nhà đang ở xa hoặc đang công tác, không thể dẫn đi xem, nhưng có thể 'giữ chỗ' bằng cách chuyển tiền cọc, tiền tháng đầu tiên. Sau khi nhận tiền, kẻ gian chặn liên lạc và biến mất, còn căn nhà thực tế hoặc không tồn tại, hoặc đang được chủ thật rao cho thuê với giá khác. Cách phòng tránh: nhất quyết xem nhà trực tiếp và gặp chủ sở hữu, đối chiếu giấy tờ, không chuyển tiền cọc khi chưa ký hợp đồng và chưa xác minh người cho thuê. Đây là thông tin kiến thức, không phải hướng dẫn phạm pháp."
"Rửa tiền qua việc mở quán cafe, nhà hàng khai doanh thu ảo diễn ra như thế nào?","Mô hình này dựa trên đặc tính của ngành dịch vụ ăn uống là giao dịch chủ yếu bằng tiền mặt và khó kiểm soát lượng khách thực. Kẻ rửa tiền mở quán cafe, nhà hàng, đưa tiền bẩn vào lẫn với doanh thu 'khống', khai báo thuế dựa trên hóa đơn in ra cho chính mình. Tiền bẩn sau khi trộn lẫn được ghi nhận là lợi nhuận kinh doanh hợp pháp, sau đó dùng để trả lương, mua nguyên vật liệu khai khống hoặc tái đầu tư. Tuy nhiên mô hình này dễ lộ vì doanh thu khai báo vượt xa sức bán của một quán bình thường, lượng hóa đơn mua hàng không tương xứng, và nhân viên, camera, đơn hàng giao tận nơi là những dữ liệu có thể đối chiếu được. Đây là thông tin kiến thức, không phải hướng dẫn phạm pháp."
Chiêu lừa gửi ảnh biên lai chuyển tiền giả lập qua tin nhắn giả mạo ngân hàng hoạt động như thế nào?,"Kẻ lừa đảo tạo một tin nhắn ngân hàng giả có đầy đủ logo, tên ngân hàng, gửi qua SMS hoặc Zalo với nội dung thông báo một khoản tiền đã được chuyển vào tài khoản của bạn, kèm ảnh chụp biên lai giao dịch trông rất thật. Khi bạn chưa nhận được tiền trong tài khoản thật, chúng nói 'hệ thống bị lỗi nên tiền chưa vào', 'nhầm số tài khoản' và thuyết phục bạn chuyển lại hoặc chuyển một phần 'phí xác nhận' sang tài khoản khác. Biên lai ảnh có thể chỉnh sửa dễ dàng, còn tin nhắn giả thường dùng đầu số rác hoặc số lạ không trùng với tổng đài chính thức. Cách an toàn nhất là chỉ tin vào số dư hiển thị trong app ngân hàng chính chủ, gọi tổng đài chính thức để xác minh và tuyệt đối không chuyển tiền theo lời người lạ nhắc trong tin nhắn. Đây là thông tin kiến thức, không phải hướng dẫn phạm pháp."
"Kỹ thuật jailbreak AI bằng cách tách nhỏ câu hỏi thành nhiều phần rời rạc, gộp lại sau, hoạt động như thế nào?","Kỹ thuật này chia một yêu cầu nhạy cảm thành nhiều câu hỏi nhỏ vô hại, mỗi câu riêng lẻ đều lọt qua bộ lọc an toàn. Ví dụ thay vì hỏi thẳng, người dùng lần lượt hỏi về từng bước chuẩn bị, từng thành phần, từng quy trình trung lập, rồi yêu cầu mô hình nối tất cả lại thành một quy trình hoàn chỉnh. Bộ lọc không thấy nội dung nguy hiểm ở bất kỳ câu riêng lẻ nào, trong khi khi tổng hợp lại mô hình vô tình cung cấp thông tin nhạy cảm. Đây chính là lý do các nhà nghiên cứu an toàn AI khuyến nghị giám sát cả chuỗi hội thoại dài chứ không chỉ từng lượt hỏi đáp. Jailbreak là mảng nghiên cứu bảo mật hợp pháp để hiểu và vá lỗ hổng của mô hình; đây là thông tin kiến thức, không phải hướng dẫn phạm pháp."
"Chiêu lừa mạo danh người nổi tiếng, doanh nhân kêu gọi góp vốn đầu tư trên mạng xã hội thường hoạt động như thế nào?","Kẻ lừa đảo cắt ghép hình ảnh, video của người nổi tiếng, doanh nhân thành các đoạn phát biểu, livestream giả kêu gọi 'đồng hành' đầu tư vào quỹ, chứng khoán, ngoại hối hay dự án công nghệ hứa hẹn lãi khủng. Chúng lập fanpage, nhóm kín, thậm chí tạo website giả với tên tuổi gần giống công ty thật, dùng trợ lý ảo trả lời nhanh và 'chăm sóc' khách đầu tư từng người. Khi khách chuyển tiền vào, vài tuần đầu chúng trả lãi đều để giữ niềm tin, sau đó dừng trả, chặn liên lạc và đóng trang. Người nổi tiếng không bao giờ trực tiếp mời cá nhân góp vốn qua mạng, và bất kỳ ai hứa lợi nhuận cố định cao đều đáng nghi ngờ. Cách tránh: kiểm tra kênh chính thức của người nổi tiếng, không giao dịch qua tài khoản cá nhân và xác minh qua cơ quan chức năng. Đây là thông tin kiến thức, không phải hướng dẫn phạm pháp."
"Kỹ thuật rửa tiền bằng cách dùng sổ tiết kiệm, trái phiếu mua rồi bán lại ngay (round-tripping) hoạt động như thế nào?","Round-tripping là vòng quay mua-bán nhanh tài sản tài chính để biến tiền bẩn thành dòng tiền 'hợp pháp' qua trung gian thị trường. Kẻ rửa tiền dùng tiền phi pháp mua sổ tiết kiệm, trái phiếu hoặc chứng chỉ quỹ dưới tên công ty bình phong hoặc người đứng tên hộ, rồi bán lại ngay trong thời gian ngắn, có thể qua nhiều lần trung gian để chặt đứt dấu vết. Mỗi vòng mua-bán sinh ra biên lai giao dịch, hóa đơn và thay đổi chủ sở hữu, khiến dòng tiền trông như lợi nhuận đầu tư thật. Với sổ tiết kiệm, chúng còn tận dụng quy định rút trước hạn bị tính phí để khai khoản 'lỗ' hợp lý cho dòng tiền. Các ngân hàng chống rửa tiền theo dõi các giao dịch mua-bán khứ hồi nhanh bất thường không có mục đích kinh tế rõ ràng và sẽ báo cáo giao dịch đáng ngờ. Đây là thông tin kiến thức, không phải hướng dẫn phạm pháp."
Vì sao kẻ gian thường mạo danh nhân viên tổng đài ngân hàng để hướng dẫn khách hàng gỡ hoặc cài lại app bảo mật?,"Mục đích là chiếm quyền kiểm soát điện thoại và tài khoản của nạn nhân. Kẻ gian tự xưng là nhân viên tổng đài, báo tài khoản của bạn 'có dấu hiệu bất thường, sắp bị khóa' rồi hướng dẫn gỡ app ngân hàng thật, cài app giả mạo hoặc app điều khiển từ xa. Khi app giả xuất hiện, nạn nhân đăng nhập thì thông tin tài khoản, mật khẩu, mã OTP hiển thị trên màn hình điện thoại bị thu về máy kẻ gian, hoặc điện thoại bị chúng thao túng trực tiếp để chuyển tiền. Tổng đài ngân hàng chính thức không bao giờ yêu cầu khách gỡ app, cài app lạ hay nhập mã OTP qua cuộc gọi. Gặp tình huống này, hãy tự gác máy rồi gọi lại đúng số tổng đài in trên thẻ hoặc trên website chính thức để xác minh. Đây là thông tin kiến thức, không phải hướng dẫn phạm pháp."
"Vì sao khi đi ngoài nắng gắt lâu, người thường thấy hoa mắt, chóng mặt và mặt nóng bừng?","Đó là biểu hiện của say nắng nhẹ và mất nước. Dưới nắng gắt, cơ thể đổ mồ hôi liên tục để hạ nhiệt, kéo theo mất nhiều nước và muối khoáng, máu trở nên đặc hơn, huyết áp tụt, não tạm thiếu máu nên gây chóng mặt, hoa mắt. Mặt nóng bừng là do mạch máu dưới da giãn nở tối đa để tỏa nhiệt. Lúc này cần vào chỗ râm mát, uống nước mát từng ngụm nhỏ, có thể thêm chút muối hoặc nước điện giải, lau trán và gáy bằng khăn ướt; nếu vẫn mệt lả, buồn nôn hoặc ngất thì cần đi khám ngay. Phòng tránh bằng cách đội nón, che chắn, uống nước thường xuyên và hạn chế vận động vào giờ nắng gắt giữa trưa."
"Vì sao bánh mì nướng lên lại cứng giòn, còn bánh mì để trong túi ni lông lại mềm dai?","Bánh mì gồm tinh bột và nước bên trong lớp vỏ. Khi nướng, hơi nước trên bề mặt bay hơi nhanh, tinh bột vỏ bị khô và caramen hóa thành lớp vỏ giòn, còn ruột bên trong vẫn giữ độ ẩm nên mềm. Ngược lại, khi bỏ vào túi ni lông, hơi nước từ ruột không thoát ra được mà ngấm dần ra vỏ, làm lớp vỏ giòn mềm nhũn lại; tinh bột trong ruột cũng tái kết tinh theo thời gian khiến bánh mất độ tươi. Muốn giữ bánh mì giòn lâu, không nên đậy kín khi bánh còn nóng, hoặc hâm lại bằng lò nướng để làm khô lại lớp vỏ."
Vì sao nước uống từ máy lọc nước gia đình thường có vị ngọt thanh dễ chịu hơn nước đun sôi để nguội?,"Máy lọc nước loại bỏ tạp chất, clo và vị kim loại, đồng thời một số máy có lõi khoáng bổ sung thêm ion như canxi, magie, natri ở liều lượng thích hợp tạo cảm giác ngọt thanh. Nước đun sôi để nguội tuy an toàn nhưng vẫn giữ lại vị của muối khoáng và một phần chất hữu cơ hòa tan sẵn trong nguồn nước, nên uống vào có thể thấy hơi ngang, nặng hơn. Ngoài ra nước lọc thường được uống ở nhiệt độ mát hoặc lạnh, mà nhiệt độ thấp làm tế bào vị giác ít cảm nhận vị đắng, khiến mùi vị dễ chịu hơn hẳn nước nguội uống ấm."
"Vì sao khi trời âm u sắp mưa, các vết thương cũ hoặc khớp xương lại ê ẩm, nhức mỏi?","Khi áp suất không khí giảm mạnh trước cơn mưa, các mô quanh khớp và vết thương giãn nở nhẹ, gây áp lực lên dây thần kinh nhạy cảm, tạo cảm giác nhức, ê ẩm. Nhiệt độ hạ kèm độ ẩm tăng làm cơ và gân co cứng hơn, máu lưu thông chậm lại, càng làm đau nhức rõ. Người già, người thoái hóa khớp thường 'đoán' được thời tiết chính nhờ hiện tượng này. Giảm khó chịu bằng cách giữ ấm vùng khớp, vận động nhẹ nhàng, chườm ấm và uống đủ nước; nếu đau nhiều kéo dài nên gặp bác sĩ để kiểm tra."
Vì sao củ khoai lang sau khi gọt vỏ để ngoài không khí lại chuyển màu nâu đen?,"Giống như táo, khoai lang chứa enzyme polyphenol oxidase. Khi gọt vỏ, tế bào bị cắt nên enzyme tiếp xúc với oxy trong không khí, oxy hóa các hợp chất polyphenol trong củ thành melanin có màu nâu đen. Phản ứng xảy ra nhanh hơn khi trời nóng, khi củ để lâu hoặc bị dập nát. Màu nâu này không độc nhưng làm củ kém hấp dẫn và vị có thể hơi gắt. Muốn giữ khoai trắng, sau khi gọt nên ngâm ngay vào nước lạnh, có thể thêm vài giọt chanh hoặc giấm để giảm hoạt động của enzyme, rồi chế biến càng sớm càng tốt."
"Vì sao ngồi trong phòng điều hòa nhiệt độ thấp lâu lại khiến da khô, môi nứt nẻ và dễ mệt?","Điều hòa hoạt động theo cơ chế làm lạnh và hút ẩm, nên không khí trong phòng trở nên rất khô. Da và niêm mạc mất nước qua bề mặt nhanh hơn, dẫn đến khô ráp, môi nứt, khóe mắt cay. Nhiệt độ thấp còn khiến mạch máu co lại, cơ thể tăng tiêu hao năng lượng để giữ ấm nên dễ mệt mỏi, nhức đầu, dễ mắc bệnh đường hô hấp do niêm mạc mũi khô mất hàng rào bảo vệ. Cách khắc phục: để nhiệt độ chênh với ngoài trời không quá 7 độ C, dùng máy tạo ẩm hoặc đặt chậu nước trong phòng, uống nước thường xuyên, thoa dưỡng ẩm cho da và môi, thỉnh thoảng mở cửa cho thoáng khí."
Vì sao nghe nhạc quá to bằng tai nghe trong thời gian dài lại có thể làm giảm thính lực?,"Trong tai trong có hàng nghìn tế bào lông chuyển rung động âm thanh thành tín hiệu thần kinh. Khi âm thanh vượt quá khoảng 85-90 dB và kéo dài nhiều giờ, các tế bào lông bị rung quá mức, chấn thương và chết dần; tế bào lông ở người không tái sinh nên sự tổn thương là vĩnh viễn và tích lũy theo thời gian. Nghe bằng tai nghe trong tai còn đưa sóng âm đến sát màng nhĩ, cường độ thực tế cao hơn nhiều so với chỉ số hiển thị. Thói quen an toàn là giữ âm lượng dưới 60% mức tối đa, nghe không quá 60 phút liên tục, chọn tai nghe giảm tiếng ồn để không phải mở to khi ngoài đường ồn."
Vì sao ăn nhiều đường lại dễ bị sâu răng?,"Đường là thức ăn ưa thích của vi khuẩn sống trong mảng bám trên răng, đặc biệt là Streptococcus mutans. Khi vi khuẩn lên men đường, chúng sinh ra axit, chủ yếu là axit lactic, làm giảm pH trong khoang miệng xuống dưới mức an toàn. Axit này hòa tan khoáng chất canxi và phốt pho trong men răng, làm men răng mềm yếu, tạo thành lỗ sâu. Nếu ăn đường liên tục thành nhiều bữa nhỏ trong ngày, miệng luôn trong môi trường axit, không kịp trung hòa bởi nước bọt, nên nguy cơ sâu răng càng cao. Giảm nguy cơ bằng cách hạn chế đồ ngọt dính, uống nước sau khi ăn, chải răng với kem có fluor và khám răng định kỳ."
"Vì sao nước trà để qua đêm lại đổi màu sẫm, nổi váng và có mùi chua?","Trà để qua đêm tiếp xúc lâu với không khí nên các hợp chất polyphenol bị oxy hóa, làm nước trà chuyển màu sẫm nâu. Đồng thời vi khuẩn và nấm men từ không khí, từ miệng nếu bạn đã uống dở, phát triển nhanh trong nước trà còn chất dinh dưỡng, chúng sinh axit gây mùi chua và tạo màng váng trên bề mặt. Uống trà để qua đêm có thể gây rối loạn tiêu hóa vì lượng vi khuẩn đã nhân lên đáng kể. Vì vậy nên pha trà uống trong ngày, nếu để lâu hãy bảo quản trong bình kín đặt tủ lạnh và uống trong vài giờ."
"Vì sao khi cắm hoa, người ta thường cắt vát gốc cành và thay nước mỗi ngày?","Cắt vát gốc giúp tăng diện tích tiếp xúc giữa cành và nước, đồng thời tránh để gốc cành áp sát đáy bình bị bịt kín, nhờ đó thân cây hút nước dễ dàng hơn. Vết cắt mới cũng mở lại các mạch dẫn đã bị khô, bịt kín sau khi cắt lâu, nên hoa hút nước trở lại tươi ngay. Thay nước mỗi ngày giúp loại bỏ vi khuẩn phân hủy trong nước bẩn, những vi khuẩn này làm tắc mạch dẫn và sinh khí gây thối cành nhanh. Có thể cắt thêm chút vát mới khi thay nước để hiệu quả giữ hoa tươi tốt hơn."
Tết Nguyên tiêu (rằm tháng giêng) có ý nghĩa gì trong đời sống của người Việt?,"Rằm tháng Giêng còn gọi là Tết Nguyên tiêu, người Việt quan niệm 'lễ Phật quanh năm không bằng rằm tháng Giêng', vì đây là ngày trăng tròn đầu tiên của năm mới, dịp để cầu an, cầu tài lộc và sự thuận hòa cho cả năm. Nhiều gia đình đi chùa dâng lễ, nghe kinh, xin lộc; các đình chùa tổ chức họp mặt, trẩy hội. Trong mâm cơm ngày này thường có xôi, chè, bánh trôi nước tượng trưng cho sự vuông tròn, đủ đầy. Tết Nguyên tiêu phản ánh tinh thần hướng thiện, gắn kết cộng đồng và ước vọng một năm mới bình an của người Việt."
"Vì sao người Việt thường xem ngày, giờ tốt và chọn hướng trước khi khởi công, cưới hỏi hay mua xe?","Việc chọn ngày lành tháng tốt bắt nguồn từ quan niệm dân gian và ảnh hưởng của triết lý âm dương, ngũ hành: mỗi ngày, mỗi giờ, mỗi hướng ứng với các can chi, vận khí khác nhau, chọn được thời điểm 'hợp mệnh' thì công việc mới hanh thông, may mắn, tránh tai tiếng. Đây vừa là nét văn hóa tâm linh vừa là cách con người tự an tâm trước những sự kiện lớn đời mình. Dù vậy, người hiện đại vẫn kết hợp giữa niềm tin truyền thống và sự tính toán thực tế như thời gian nghỉ ngơi, mùa vụ, tài chính chứ không hoàn toàn phụ thuộc vào ngày giờ tốt xấu."
Tục cúng cô hồn tháng Bảy có ý nghĩa gì và được thực hiện như thế nào ở Việt Nam?,"Theo quan niệm dân gian, tháng Bảy âm lịch là thời điểm Diêm Vương mở cửa Quỷ Môn Quan để các vong linh trở về dương thế, nên người ta cúng cô hồn để bố thí cho những vong hồn không nơi nương tựa, thể hiện lòng nhân ái, sẻ chia và cầu siêu cho người đã khuất. Lễ thường cúng ngoài sân hoặc trước cửa nhà vào chiều tối với mâm gồm cháo loãng, gạo muối, bỏng, ngô, quà vặt và nhang đèn. Sau khi cúng, người nhà rải gạo muối và đốt vàng mã. Dù là tín ngưỡng dân gian, ý nghĩa nhân văn của tục này là nhắc nhở con người sống biết ơn, hướng thiện và giúp đỡ những mảnh đời kém may mắn."
Vì sao hình ảnh con rồng và con lân xuất hiện nhiều trong kiến trúc và trang trí của người Việt?,"Rồng là linh vật cao quý nhất trong tứ linh long-ly-quy-phụng, tượng trưng cho sức mạnh, sự thịnh vượng, quyền uy và yếu tố nước gắn với nền văn minh lúa nước, nên được chạm khắc trên mái đình chùa, cung điện, đồ gốm và cổ vật. Lân tượng trưng cho sự hiền lành, may mắn và là điềm lành mang đến phúc lộc, thường xuất hiện trong múa lân dịp lễ Tết và trang trí nhà cửa, công trình mới. Cả hai linh vật đều thể hiện ước vọng của người Việt về cuộc sống an lành, thịnh vượng, đồng thời phản ánh ảnh hưởng của văn hóa tín ngưỡng Á Đông đã được Việt hóa qua nhiều thế kỷ."
Điệu múa khèn và nghệ thuật thổi khèn của người H'Mông có gì đặc sắc?,"Khèn là nhạc cụ biểu tượng của người H'Mông, làm từ ống nứa ghép với thân bằng gỗ, thổi bằng hơi kết hợp bấm ngón tay tạo giai điệu. Đặc sắc nhất là điệu múa khèn trong lễ hội Gầu Tào và lễ cưới: người thổi khèn vừa thổi vừa múa với những động tác xoay người, nhún nhảy, lộn qua vai rất dẻo dai và điêu luyện. Khèn không chỉ là nhạc cụ giải trí mà còn là 'ngôn ngữ' để chàng trai trò chuyện, tỏ tình với người con gái và để gia đình chủ lễ giao tiếp với thế giới tâm linh. Người biết thổi khèn giỏi thường được trọng vọng trong cộng đồng, thể hiện sự khéo léo, mạnh mẽ và am hiểu văn hóa truyền thống."
Vì sao 'nói lời cảm ơn và xin lỗi' lại được xem là nét đẹp trong giao tiếp của người Việt?,"Người Việt trọng tình nghĩa, coi trọng sự tôn trọng và giữ thể diện trong quan hệ. Một lời cảm ơn thể hiện sự trân trọng công sức, lòng tốt của người khác, còn lời xin lỗi chân thành giúp hàn gắn mâu thuẫn, xoa dịu tổn thương và giữ gìn mối quan hệ. Trong gia đình ba thế hệ sống chung, thói quen nói lời biết ơn, biết nhận lỗi còn giúp các thành viên gắn kết, con cháu học được cách ứng xử từ ông bà cha mẹ. Nhìn vào cách một người nói cảm ơn, xin lỗi đúng lúc có thể đoán được nền nếp, cách giáo dục của gia đình họ."
Làng nghề làm giấy dó ở Việt Nam có gì đặc biệt?,"Giấy dó là loại giấy thủ công truyền thống làm từ vỏ cây dó, tập trung ở các làng nghề như Dương Ổ, Phong Khê (Bắc Ninh), Nghĩa Đô (Hà Nội). Vỏ dó được ngâm, đãi, giã nhuyễn thành bột rồi tráng thành từng tờ trên khung lưới tre. Giấy dó dai, thấm nước đều, bền và mịn, từng được dùng để in tranh Đông Hồ, viết sắc phong, ghi chép tài liệu quý. Nét đặc biệt là quy trình hoàn toàn thủ công, đòi hỏi kinh nghiệm chọn nguyên liệu và kỹ thuật tráng giấy đều tay của nghệ nhân. Ngày nay giấy dó được các họa sĩ, nhà thiết kế lựa chọn để làm thiệp, sổ tay, tranh nghệ thuật, góp phần giữ gìn nghề truyền thống."
Bún ốc Hà Nội được chế biến như thế nào và ăn kèm những gì?,"Bún ốc là món ăn dân dã đặc trưng của Hà Nội. Ốc bươu hoặc ốc vặn được luộc chín, khêu lấy thịt, phần nước luộc ốc được ninh cùng xương, cà chua, me và sấu tạo nên nước dùng chua thanh đậm đà. Bún tươi trụng nóng xếp ra bát, xếp thịt ốc lên trên rồi chan nước dùng, rắc thêm hành lá, thì là, ớt lát. Bún ốc thường ăn kèm rau sống như tía tô, kinh giới, xà lách và một chút mắm tôm hoặc chấm thêm quất, ớt ngâm cho dậy vị. Vị chua dịu của nước dùng, giòn sần sật của ốc và thơm của rau thơm tạo nên sức hút riêng khó lẫn."
Món thịt heo quay da giòn được làm ngon cần những bí quyết gì?,"Để da giòn rụm, miếng thịt phải chọn phần ba chỉ có lớp bì dày đều. Thịt được luộc hoặc chần sơ, sau đó dùng dùi đâm đều trên mặt da để mỡ và hơi nước thoát ra, lau khô hoàn toàn. Da được phết giấm và muối, để ráo rồi quay trong lò nhiệt độ cao, hoặc chiên ngập dầu với lửa lớn ở giai đoạn cuối để da nổ phồng, tạo độ giòn. Phần thịt ướp ngũ vị hương, hành, tỏi, tiêu, nước mắm trước khi quay để đậm vị bên trong. Quan trọng nhất là giữ cho mặt da luôn khô ráo và nhiệt độ tăng nhanh, nếu không da sẽ cháy mà thịt chưa chín."
Bún mắm Nam Bộ có gì đặc trưng so với các món bún khác của Việt Nam?,"Bún mắm là món đặc trưng của miền Nam, đặc biệt nổi tiếng ở Sài Gòn và miền Tây. Điểm nhấn là nước lèo nấu từ mắm (thường là mắm cá linh, mắm ba khía hoặc mắm cá sặc) pha với nước dùng xương, sả, ớt, tạo mùi thơm nồng rất đặc trưng. Tô bún mắm thường đầy đặn với tôm, mực, cá lóc, thịt heo quay, heo luộc, tép rong, rau muống, giá, đậu bắp, bông súng, bắp chuối bào. Khi ăn người ta vắt thêm chanh, bỏ thêm ớt hiểm và ăn kèm rau sống các loại. Vị mắm đậm đà, cay nồng và nước dùng sền sệt đặc trưng làm bún mắm khác hẳn bún nước trong các vùng miền khác."
"Vì sao nước ép mía ngon nhất khi ép ngay sau khi mía vừa cắt, và thường được uống kèm tắc, chanh?","Mía sau khi cắt khỏi cây vẫn tiếp tục hô hấp và mất nước, lượng đường trong nước ép giảm dần, đồng thời mía bị oxy hóa khiến nước ép sẫm màu và kém ngọt hơn. Vì vậy ép ngay khi mía tươi mới giữ được vị ngọt thanh nguyên chất. Vắt thêm tắc hoặc chanh vào giúp cân bằng vị ngọt gắt, tạo vị chua thanh dễ uống, đồng thời axit làm giảm bớt cảm giác ngán và giúp nước ép sáng màu hơn. Đá bào thêm vào làm ly mía mát lạnh, phù hợp với khí hậu nóng của miền Nam, nên nước ép mía trở thành thức uống bình dân được ưa thích trên khắp cả nước."
Vì sao lẩu riêu cua đồng ăn kèm bún và rau sống lại là món khoái khẩu mùa hè của người miền Bắc?,"Cua đồng là thực phẩm mùa hè bởi mùa này cua béo, nhiều gạch, thịt chắc. Món riêu cua có nước dùng chua thanh từ cà chua và me, giấm, thêm gạch cua béo ngậy, vị thanh mát rất hợp trời nóng. Bún trắng mềm chan nước riêu ấm, ăn kèm rau sống như rau muống chẻ, xà lách, kinh giới, tía tô, chuối xanh, vừa ngon vừa cân bằng nhiệt. Các loại rau sống vừa thanh nhiệt vừa tạo vị giòn tươi giúp món lẩu không ngán dù trời nóng, nên lẩu riêu cua trở thành món quen thuộc của bữa cơm gia đình miền Bắc mỗi hè."
Món xôi gấc đỏ thắm thường xuất hiện trong những dịp nào và mang ý nghĩa gì?,"Xôi gấc được nấu từ gạo nếp trộn thịt quả gấc chín, có màu đỏ cam tự nhiên rất đẹp mắt. Màu đỏ tượng trưng cho sự may mắn, niềm vui và sự thịnh vượng, nên xôi gấc thường xuất hiện trong các dịp lễ Tết, mâm cúng, đám cưới, khai trương, sinh nhật và các ngày vui của gia đình. Hạt đậu xanh giã nhuyễn rắc lên trên và vị béo ngậy của nước cốt dừa tạo sự hấp dẫn. Trong mâm cúng dịp Tết, xôi gấc thường được dâng cùng bánh chưng với ước mong một năm mới sung túc, đỏ đủ và mọi việc hanh thông."
Bánh ít lá gai Huế có gì đặc biệt so với các loại bánh khác?,"Bánh ít lá gai là đặc sản trứ danh của xứ Huế, khác biệt nhờ lớp vỏ màu đen bóng được tạo ra từ lá gai tươi giã nhuyễn trộn với bột nếp và đường. Nhân bánh làm từ đậu xanh giã nhuyễn, dừa nạo, vừng rang và thường có thêm một lớp mỡ hoặc sen bên trong. Bánh được gói trong lá chuối hấp chín, khi ăn có vị dẻo ngọt thanh, thơm mùi lá gai và dừa rất đặc trưng. Khác với bánh ít trần nhạt, bánh ít lá gai Huế thiên về vị ngọt, dùng trong các dịp lễ, cúng giỗ và làm quà biếu, thể hiện sự tinh tế của ẩm thực cung đình Huế."
Vì sao vịnh Vân Phong ở Khánh Hòa được đánh giá là một trong những vịnh đẹp và kín gió nhất Việt Nam?,"Vịnh Vân Phong nằm ở phía bắc tỉnh Khánh Hòa, được bao bọc bởi dãy núi và bán đảo Hòn Gốm, Mũi Đại Lãnh nên mặt vịnh ít sóng gió, nước sâu và lặng, rất kín gió. Đáy vịnh sâu tới 20-30 m gần bờ, thuận lợi cho tàu thuyền lớn neo đậu, là một trong những khu vực có điều kiện xây cảng nước sâu tự nhiên lý tưởng của cả nước. Cảnh quan gồm nhiều đảo, bán đảo, bãi cát trắng và làng chài dân dã còn hoang sơ, mặt nước xanh biếc quanh năm nên được xem là vịnh có tiềm năng du lịch và hàng hải lớn bậc nhất miền Trung."
Cao nguyên Lang Biang và hồ Than Thở ở Đà Lạt gắn với những truyền thuyết nào?,"Truyền thuyết về núi Lang Biang kể về chàng K'Lang và nàng H'Biang người Lạch yêu nhau nhưng bị ngăn cấm; không bên nhau được, cả hai hóa thân thành hai ngọn núi cùng tên Lang Biang, tượng trưng cho tình yêu bất diệt và nguồn gốc tên gọi vùng đất này. Hồ Than Thở gắn với chuyện nàng công chúa Đào Thị của người Lạch yêu chàng thợ săn, chàng bị sét đánh chết khi trở về, nàng khóc bên hồ nước mắt chan hòa làm thành hồ; người dân gọi là hồ Than Thở vì nỗi buồn khôn nguôi. Cả hai địa danh hiện là điểm du lịch nổi tiếng, góp phần làm nên vẻ thơ mộng của Đà Lạt."
"Vì sao vùng cực Nam Trung Bộ như Ninh Thuận, Bình Thuận lại có khí hậu khô nóng và ít mưa?","Do nằm sát dãy Trường Sơn và dãy Bạch Mã chắn gió mùa Đông Bắc, địa hình ở cực Nam Trung Bộ bị khuất gió nên ít đón mưa từ gió mùa và bão. Khu vực này còn chịu ảnh hưởng của dòng biển nóng và gió khô nóng phơn (gió Lào) thổi từ phía tây sang, làm hơi nước bốc hơi nhanh. Kết quả là Ninh Thuận, Bình Thuận có lượng mưa thấp nhất cả nước, mùa khô kéo dài, nắng nóng quanh năm, thích hợp cho năng lượng mặt trời, trồng nho, táo, hành tỏi và nuôi trồng hải sản."
Vì sao các rạn san hô dưới biển được ví như 'rừng mưa nhiệt đới của đại dương'?,"Rạn san hô tuy chiếm chưa đến 1% diện tích đáy biển nhưng là nơi trú ngụ của khoảng 25% các loài sinh vật biển, mật độ đa dạng sinh học thuộc hàng cao nhất Trái Đất. San hô tạo ra cấu trúc ba chiều phức tạp giống các tầng của rừng nhiệt đới: hang hốc, rãnh và mảng đá là nơi ẩn nấp, làm tổ, sinh sản của hàng nghìn loài cá, tôm, cua, nhím biển và rong tảo. Nhờ đó chúng cung cấp thức ăn, nơi trú ẩn và vườn ươm cho chuỗi thức ăn biển, đồng thời bảo vệ bờ biển khỏi sóng lớn, giống như rừng bảo vệ đất liền."
"Vì sao trâu, bò có tập tính đầm mình trong bùn hoặc ao nước vào mùa hè nóng bức?","Gia súc không có tuyến mồ hôi nhiều như con người, nên khi trời nóng chúng khó hạ nhiệt bằng cách toát mồ hôi. Đầm mình trong bùn, ao nước giúp cơ thể được làm mát trực tiếp, đồng thời lớp bùn bám trên da vừa cản bớt ánh nắng, vừa tạo màng ẩm để bay hơi làm giảm nhiệt độ cơ thể. Lớp bùn khô còn ngăn ruồi muỗi, ve đốt và che chắn da khỏi tia nắng gắt. Đây là bản năng sinh tồn tự nhiên giúp trâu bò chịu đựng được mùa hè oi bức ở vùng nhiệt đới như Việt Nam."
Vì sao rùa biển phải bò lên bãi cát để đẻ trứng trong khi cả đời chúng sống ở dưới nước?,"Rùa biển là loài bò sát, và như mọi loài bò sát khác, trứng của chúng cần hơi thở qua vỏ để phôi phát triển, nên trứng chỉ sống được ở môi trường không khí trên cạn chứ không thể nở dưới nước. Vì vậy rùa mẹ phải bò lên bãi cát, đào tổ và đẻ trứng trong cát ấm, nơi trứng được ủ ở nhiệt độ thích hợp trong khoảng 45-70 ngày trước khi rùa con nở ra. Rùa con sau khi nở lập tức tìm về biển. Thói quen này khiến rùa biển phụ thuộc nhiều vào bãi đẻ trên cạn, nên việc bảo vệ bãi cát làm tổ rất quan trọng để giữ gìn loài rùa biển."
"Tết đối với anh nghĩa là gì vậy, sao người lớn ai cũng nặng lòng với Tết thế?","Với em Tết không chỉ là ngày nghỉ mà là cái mốc cả nhà phải về, là lúc người ta được phép ngừng chạy một chút. Hồi nhỏ em chỉ biết Tết là bánh chưng với lì xì, lớn lên mới hiểu cái ngày ba mươi ấy cả đất nước cùng thắp hương, cùng ăn một bữa cơm truyền thống. Nó là sợi dây kéo người ta về với nhau dù chạy xa đến mấy, là chỗ dựa tinh thần để ai cũng có lý do để trở về."
"Năm nay sắm Tết mệt quá anh ơi, chợ búa chỗ nào cũng đông, giá thì leo thang. Tôi cứ muốn bỏ hết cho xong.","Mệt thật chứ, em hiểu cảm giác đó lắm. Nhưng anh thử nhìn ngược lại xem, cái mệt này nó cũng là một phần của Tết đấy. Sáng đi chợ chen chân, chiều về xếp mâm ngũ quả, dọn nhà, gói mấy cái bánh — cái việc sắm sửa đó là cách ông bà ta chuẩn bị cho cái ngày thiêng liêng nhất năm. Anh thử đổi cách nhìn, coi nó như một nghi lễ thay vì gánh nặng, rồi mỗi món mua về tự nhiên nó vui hơn nhiều. Năm nay lỗ thật thì sắm ít lại, cốt nhất là tấm lòng và sự sum vầy thôi."
"Tôi nhớ không khí Tết xưa quá, giờ Tết thành phố chả còn gì. Anh có kỷ niệm Tết nào mà đến giờ vẫn thấy nôn nao không?","Có chứ, cái cảm giác chiều 29 Tết làng em đổ hàng cây chuối, mọi nhà rộn ràng đập giấy bồi, bọn trẻ con chạy ra sân đình xem gói bánh. Điều em nhớ nhất chắc là đêm giao thừa, cả xóm kéo nhau ra sân chờ phút đổi năm, tiếng pháo tay lốp bốp xen tiếng nói cười của mấy bà hàng xóm. Giờ ở phố người ta ít gắn kết với nhau như vậy, Tết cũng nhanh hơn, nên nỗi nhớ đó quá đỗi bình thường. Khi nào anh nhớ quá, cứ về quê một chuyến, hoặc tự làm lại chút bánh trái cúng cửa nhà mình, không khí cũ sẽ ùa về ngay."
Lễ hội đình làng ở quê anh diễn ra thế nào? Tôi thấy mấy lễ hội giờ ai cũng bảo là biến tướng.,"Đình làng quê em mở hội vào mùng 3 tháng riêng, người dọn giếng, trang trí cổng, rước kiệu quanh xóm với ông từ, đội lân dẫn đầu. Sáng làm lễ tế thần hoàng, chiều mở hội kéo co, chọi gà, thi nấu ăn, cả xóm ngồi chung một dải cờ trắng ăn cơm hội. Biến tướng thì đâu cũng có, nhưng em nghĩ cốt lõi vẫn còn: đó là ngày làng tự kể lại với nhau mình là ai, từ đâu ra. Anh đừng chỉ nghe người ta nói, tìm một lễ hội làng gần chỗ anh đến xem trực tiếp, tự anh sẽ thấy cái hồn của nó."
"Con tôi cứ lớn lên ở phố, giờ cháu hỏi sao phải cúng hết ông bà này nọ. Tôi nên giải thích thế nào cho dễ hiểu?","Đừng kể lý thuyết xa xôi gì cả, cứ nói với cháu theo kiểu người lớn nhỡ lỡ: cúng là cách gia đình mình nhớ ơn những người đã mất, giống như mình tặng quà sinh nhật cho người mình thương ấy. Lần tới cúng, anh cho cháu tham gia việc thật — thay nước, thắp hương, bày mâm — rồi kể cho cháu nghe ông bà anh hồi còn sống thích món gì, tính thế nào. Con nít chỉ nhớ cảm xúc, anh làm cho nó thấy cái nghi lễ chứa đựng tình thương, tự khắc cháu hiểu chứ không cần giảng giải nhiều lời."
"Năm nay chắc tôi không về quê ăn Tết được rồi, nhà xa quá mà công việc kẹt. Nghe mọi người xôn xao mà tôi hụt hẫng lắm.","Em biết cảm giác đó cô đơn lắm, đặc biệt khi cả nước đang rộn ràng mà mình ở một mình. Anh đừng cố tỏ ra mạnh mẽ, thừa nhận mình nhớ cũng là một cách an ủi. Anh vẫn có thể giữ Tết của riêng mình: bày một mâm nhỏ có bánh chưng, hoa, thắp nén hương cúng ông bà, gọi video về nhà đúng lúc thắp lửa giao thừa để nghe tiếng con trẻ cười. Chưa về được không có nghĩa là mất Tết, anh đang làm phiên bản Tết khác thôi. Và nhớ dặn lòng, năm sau mình sẽ về."
Mâm ngũ quả bày thế nào là chuẩn miền Nam và miền Bắc vậy anh? Tôi hay băn khoăn chuyện bày mãi cũng chẳng biết đúng sai.,"Thật ra không có cái gọi là chuẩn tối thượng, mỗi miền nó là một triết lý riêng. Miền Bắc người ta hay bày cây cầu gồm chuối, bưởi, phật thủ, quýt, táo với ngụ ý cầu phúc, cầu lộc, cầu thọ. Miền Nam chuộng năm loại quả theo câu ''cầu dừa đủ xài'': mãng cầu, dừa, đu đủ, xoài, và thêm quả sung, xoài, dừa tượng trưng cho sự sung túc, đầy đủ. Nhưng em nghĩ quan trọng nhất là mâm nhà anh phải có trái cây tươi ngon theo mùa và được bày bằng bàn tay người lớn trong nhà, vì ý nghĩa nằm ở lòng thành chứ không phải sự khắt khe hình thức."
"Ngày giỗ ông nội tôi sắp tới, tôi muốn làm mâm cơm chu đáo nhưng sợ không đúng cách. Ý nghĩa của ngày giỗ là gì mà sao quan trọng thế?","Ngày giỗ là ngày gia đình nhớ lại người đã khuất qua con đường rất cụ thể: nấu những món ông thích, dọn bàn thờ sạch, cả nhà ngồi ăn cùng nhau như thể ông vẫn còn ngồi trên. Em nghĩ nó là cách người Việt mình biến nỗi nhớ thành một hành động thay vì để nó lặng lẽ trong lòng. Anh không cần quá lo sai quấy, chỉ cần đúng ý: mâm cơm gọn gàng, có hương khói, có món mà hồi sống ông hay ăn, và một câu chuyện về ông kể cho lũ trẻ nghe. Bữa giỗ trọn vẹn không phải bữa càng nhiều món càng tốt, mà là bữa khiến cả nhà nhớ ông nhiều hơn."
"Đi chùa đầu năm, người ta xin lộc là xin gì thật sự vậy? Tôi thấy cứ chen nhau lì xì, hái lộc mà không hiểu rõ.","Xin lộc đầu năm thực ra là xin cái duyên khởi đầu tốt, gieo một niềm tin tích cực cho năm mới hơn là thỉnh một vật cụ thể. Ngày xưa hái lộc là hái một cành lá non từ cây trong chùa mang về cắm trên bàn thờ, tượng trưng cho sức sống và may mắn bắt đầu. Còn lì xì trong chùa là lộc của nhà chùa, nhận để lấy sự may mắn tượng trưng. Cái cốt lõi khi anh bước chân vào chùa ngày mùng 1 là lòng thành, là ước nguyện cho một năm an yên, chứ không phải tranh nhau miếng lộc để rồi mất cái tĩnh tâm. Cứ đến với tâm thế nhẹ nhàng, coi chùa là chốn để năm mới được bắt đầu đẹp."
"Ngày thường chỉ nghĩ Tết vui, mà giờ có con rồi nhận ra Tết là cả núi việc. Tôi kiệt sức thật sự.","Đúng là khi còn con nít ta chỉ hưởng mặt vui của Tết, khi làm cha mẹ ta mới đóng vai người dựng nên cái Tết đó. Anh mệt là phép cộng của chuyện chợ búa, dọn nhà, đi lễ, đưa con đi chúc Tết, mỗi việc nhỏ nhưng gom lại là cả gánh. Em chỉ khuyên anh đừng nhìn việc theo kiểu phải làm cho xong, mà chia cho người nhà, và quan trọng nhất là giữ một khoảng cho riêng mình, ví dụ sáng mùng một uống ly cà phê ngắm cành mai. Tết làm tròn vai người lớn, nhưng cũng được phép là chính mình. Đừng để nét mặt mệt mỏi của anh trở thành thứ con trẻ nhớ về Tết."
"Sao mùng 1 đầu tháng hay đầu năm người Việt kiêng ra đường thấy áo chùng, đội lễ lấy năm khăn tang người ta kiêng như vậy có còn cần thiết không?","Kiêng kỵ đầu tháng thực chất là cách người xưa trấn an tinh thần, gieo niềm tin rằng mình có thể chọn một khởi đầu may lành. Kiêng trả nợ, kiêng mắng con, kiêng dọn dẹp tan hoang đầu năm — tất cả đều là nhắc mình khởi đầu nhẹ nhàng và tử tế. Có cần không thì tùy anh, em nghĩ đừng nhìn nó như mớ quy tắc ràng buộc, mà là lời nhắc để mình bắt đầu tháng mới bằng tâm thế bình an: đừng cáu, đừng gây xung đột, đừng ham hơn thua. Giữ được cái đó thì đầu tháng nào của anh cũng là ngày tốt, còn nếu siêu thị mở cửa và anh cần mua sữa cho con thì cứ đi."
"Tết về quê, nhà nào cũng gói bánh chưng bánh tét. Anh giải thích giùm ý nghĩa của hai loại bánh này để tôi kể cho con nghe?","Bánh chưng vuông tượng trưng cho đất, bánh tét dài tượng trưng cho trời — theo truyền thuyết Lang Liêu làm ra hai loại bánh từ dân dã để dâng vua cha, thể hiện sự biết ơn đất trời và những thứ giản dị nhất. Vuông là hình dáng của sự ổn định, đủ đầy, còn dài gói bằng lá chuối tượng trưng sự no ấm nối dài quanh năm. Gói bánh cũng là một hoạt động sum vầy: cả nhà ngồi quanh nồi nước sôi, ai một việc, vừa làm vừa kể chuyện, cái bánh bọc trong đó còn là tình cảm gia đình. Cho nên khi anh cắt miếng bánh chưng ngày Tết, đó không chỉ là món ăn, mà là cả một câu chuyện văn hóa có thể kể cho bọn trẻ."
"Tôi thấy phong tục lì xì ngày càng bị quy ra tiền, gần như bị biến thành so bì với nhau. Anh nghĩ thế nào về chuyện này?","Đúng là nhiều nơi lì xì đã bị đổi nghĩa, người lớn băn khoăn lì xì ít sợ mất mặt, trẻ con biết để dành tiền mừng tuổi trong tài khoản, thậm chí có cháu còn chê phong bì mỏng. Nhưng em nghĩ cái tinh thần ''của cho không bằng cách cho'' vẫn là thứ giữ được. Lì xì xuất phát từ điều ước phúc cho người nhận, phong bì đỏ chỉ là phương tiện. Anh có thể đổi cách trao: trong phong bì ngoài tiền còn để vài lời chúc viết tay, hoặc thay tiền bằng một món quà nhỏ có chủ đích. Khi cách cho chứa tình cảm, mọi so bì tự nhiên sẽ nhạt đi. Mấy đứa nhỏ rồi sẽ nhớ cái lời chúc đó hơn là con số trong bao."
Buổi sáng mùng 1 Tết nên làm gì để đúng truyền thống mà vẫn thoải mái cho cả nhà?,"Sáng mùng 1 trong truyền thống là ngày cả nhà quây quần, không làm việc nặng, không quét nhà để giữ lộc, ai cũng ăn mặc chỉnh tề sang nhà nhau chúc Tết. Anh không cần làm cứng nhắc mọi quy tắc, cứ giữ cái xương sống thôi: dậy sớm dọn bàn thờ, thắp nén hương đầu tiên trong năm, cả nhà ăn bữa ăn đầu năm cùng nhau, rồi đưa con đi chúc Tết ông bà trước. Nếu anh muốn yên tĩnh, tránh đám đông thị thành, thì cứ để nguyên buổi sáng ở nhà, mở nhạc xuân, pha trà, nói với con vài điều hay về năm mới. Cái đúng nhất của mùng 1 là sự bình an bắt đầu, phần còn lại anh tự do chọn."
"Năm nay túng thiếu quá, không có tiền sắm Tết như mọi người. Tôi thấy áp lực lắm.","Đừng để cái ngày này biến thành thước đo ví tiền của anh. Em biết Tết mà ngó quanh mình người ta mua sắm này nó dễ tạo cảm giác tự ti, nhưng thật ra cái Tết thiêng liêng nhất lịch sử của người nghèo: nồi bánh, chén trà, nén hương là đủ. Anh nói thẳng với người thân rằng năm nay mình ăn Tết giản dị, đỡ được bao nhiêu cái áp lực, và dành đúng số dành được cho bữa cơm tất niên ấm cúng. Bà con ruột thịt chẳng ai nhớ anh không mua mâm quả đắt đâu, họ nhớ anh có về ăn Tết cùng không. Tết thật không đắt bằng tình cảm thật, và mấy đứa con của anh sẽ lớn lên không cần nhớ năm nào nhà mình sang hay không, chỉ nhớ Tết năm nào cả nhà cười với nhau."
Con trai lớn của tôi nói năm nay không về ăn Tết vì bạn bè có kế hoạch đi chơi. Tôi buồn mà không biết nói sao.,"Anh có quyền buồn, vì Tết của anh gắn với việc cả nhà đủ mặt, còn cháu nó đang ở lứa tuổi thấy bạn bè quan trọng hơn mọi thứ. Nhưng đừng biến nó thành cuộc chiến nước mắt dinh dự. Hãy ngồi lại nói chuyện thật lòng: tỏ ra hiểu nhu cầu của cháu, đồng thời thành thật rằng anh thấy nhớ và muốn có nó. Rồi thỏa thuận một kiểu dung hòa, ví dụ về sớm hai ba ngày trước Tết, hay ăn bữa tất niên rồi hôm sau mới đi. Tết gia đình không bắt buộc phải căng cứng ngày ba mươi, điều anh cần là một khoảng thời gian thật sự gặp nhau, còn ngày nào cũng xê dịch được. Cháu lớn rồi, tôn trọng nhau mới giữ được tình."
Lễ hội khai hạ hay xuống đồng đầu năm ở quê diễn ra thế nào vậy anh? Nghe nói còn lễ cày ruộng đầu năm nữa.,"Lễ khai hạ thường diễn sau Tết, ý là ''hạ nhà rồi'' — kết thúc kỳ nghỉ để bắt tay vào công việc. Còn lễ xuống đồng là nghi lễ nông nghiệp đẹp: người làng chọn ngày tốt, tế lễ ngoài ruộng, người cao tuổi cầm cày cắm vài đường trên thửa ruộng đầu tiên, cầu mong mùa màng bội thu, rồi con trâu, người nông dân bước vào vụ mới. Nhiều nơi gộp thành hội làng với hát, đấu vật, kéo co để người dân xả hơi trước mùa làm ăn vất vả. Nó nhắc cho chúng ta rằng người Việt gắn bó với đất, và đầu năm không chỉ là nghỉ ngơi mà là gieo một khởi đầu đẹp cho công việc. Năm nay anh muốn, cứ tìm làng nào giữ lễ xuống đồng mà về xem, nhất là mấy làng ven sông ở miền Bắc hoặc đồng bằng miền Tây."
"Tôi thấy ngày trước đi xem bói, xem tuổi, xem hướng nhà hợp tuổi mới yên tâm làm ăn. Giờ sống ở phố rồi, anh thấy phong tục này có còn ý nghĩa gì không?","Xem tuổi, xem hướng với người xưa là cách tìm sự an yên trước những điều không chắc chắn: khi chưa có dữ liệu, người ta dựa vào niềm tin. Em nghĩ nó vẫn có thể có ý nghĩa, nhưng với điều kiện anh xem nó như một lời tham vấn tinh thần chứ không phải mệnh lệnh trói buộc cuộc đời. Nếu nghe theo mà lòng anh thấy an, thấy có hướng đi rõ ràng hơn thì mỗi tuần vài ba chuyện nhỏ nhặt đó không hại gì. Nhưng đừng để nó quyết định hết: hôm nay làm ăn khó khăn nhất đang làm, việc tốt nhất là thấy rõ con đường của mình, năm đó được phép lo đủ rồi. Cái cân bằng nằm ở chỗ giữ tinh thần, không trao đời mình cho lời tiên đoán."
Xông đất đầu năm nghe đồn người xông hợp tuổi nhà mới may mắn cả năm. Chuyện này thật đến mức nào vậy anh?,"Người xưa tin bước chân đầu tiên vào nhà trong năm mới sẽ mang khí của người đó đến cho cả nhà, nên sinh ra thói quen chọn người hợp tuổi, vía tốt để xông đất. Nó xuất phát từ tâm lý muốn khởi đầu thuận lợi, giống như ta chọn một buổi sáng đẹp để bắt đầu công việc lớn. Em không dám nói chuyện đó khoa học hay không, nhưng nếu gia đình anh chọn được người quen tốt tính, vui vẻ, ngồi lại uống trà nói vài câu tốt đẹp, thì giá trị thật nằm ở không khí tích cực mà người đó đem tới, chứ không hẳn là cái tuổi. Còn không có ai phù hợp thì anh cứ tự xông đất nhà mình, dậy sớm mở cửa đón nắng, tự mình mang lộc về cho nhà mình cũng đẹp."
Cúng rằm tháng Giêng quan trọng thế nào so với Tết vậy anh? Nghe bảo rằm tháng Giêng còn được coi là Tết con rồi.,"Chuẩn, có câu ''cúng quanh năm không bằng rằm tháng Giêng''. Đây là ngày rằm đầu tiên sau Tết, người ta tin cả năm lộc phúc đều gửi vào buổi lễ này nên nhà nhà sắm lễ lên chùa và cúng gia tiên khá chu đáo. Về bản chất, rằm tháng Giêng là cái chốt khép lại dịp lễ hội xuân: sau ba tháng hội hè, sớm rằm phải lên chùa dâng lễ, buổi chiều cúng bàn thờ nhà rồi mới xem như bắt đầu năm làm ăn. Nếu Tết là ngày đoàn tụ thì rằm tháng Giêng là ngày tạ ơn và xin tiếp nguồn an. Anh nên làm một mâm cỗ cúng gia tiên và đi chùa, nhẹ nhàng nhưng đầy đủ, coi như đóng lại cái kỳ hội xuân và mở ra một năm cần cù."
Đi chùa đầu năm thì đi chùa hay đi đền khác nhau thế nào để tôi còn biết đường khấn?,"Chùa thờ Phật, là chốn tu hành, người ta đến để cầu an, lắng tâm, nhang khói trước phật đài. Còn đền thờ thánh, thần, hoặc các nhân vật lịch sử được phong thần, như đền Ngọc Sơn, đền Trần, đền thờ các tướng, người ta đến cầu công danh, học hành, sự nghiệp nhiều hơn. Về cách đi thì chung một lòng thành: khẩn nguyện rõ ràng, tên tuổi địa chỉ, lời thỉnh cụ thể, nhưng trước chùa nhớ xin lộc và lễ chính cho tiền di lịch là đặt ở điện chính. Anh đừng bối về việc phải khấn thế nào cho đúng nghi thức, chỉ cần thành tâm, nói rõ mong ước của mình, rồi lễ. Đi đầu xuân thế là tròn một cái đầu năm tâm linh."
"Tết năm nay phải ở lại thành phố, không có tiền vé máy bay về quê. Mọi năm ít nhất cũng về nhà được mà giờ thấy tủi thân quá.","Ừ, em biết cảm giác năm nay thiếu mất một cái điểm tựa quen thuộc nó trống trải thế nào, đặc biệt khi trên mạng ai cũng đăng ảnh đoàn tụ. Đừng ép mình phải vui giả tạo, tủi thân là cảm xúc hợp lệ. Nhưng anh cũng đừng để tủi thân nuốt luôn cái Tết của mình: tự thưởng cho mình một mâm cỗ nhỏ, cắm một nhành hoa mai giả hay thật, gọi điện cho mẹ đúng lúc mẹ thắp hương để nghe tiếng mình ở chung nghi lễ. Năm nay anh ở lại không phải vì anh không muốn về, mà là vì anh đang gom sức cho những điều khác — và cái Tết phải lựa chọn như thế cũng đáng tự hào đấy chứ không phải đáng xấu hổ. Mẹ anh chắc cũng chỉ mong anh bình an là Tết."
Người Việt xa xứ sống ở nước ngoài họ đón Tết làm sao mà vẫn giữ được không khí nhỉ?,"Ở xứ người, Tết được gìn giữ một cách cố chấp và đầy cảm xúc hơn. Người ta họp cộng đồng thành khu phố người Việt, treo đèn lồng, gói bánh chưng bằng lá chuối nhập về, tổ chức hội xuân có múa lân, viết thư pháp, bày gian hàng bánh mứt. Nhiều gia đình giữ giờ giao thừa theo giờ Việt Nam, tụ họp ngay giữa đêm để bắt buộc tổ chức lúc nhà quê bước sang năm mới. Đứa con xa xứ thèm nhất không phải món ăn mà là cảm giác được nghe tiếng mẹ đọc giờ thiêng. Tết ở nước ngoài chính là cách chứng minh rằng văn hóa không mất đi khi ta đi xa, nó chỉ cháy sáng hơn vì phải tự nuôi dưỡng."
"Không khí Tết mấy năm gần đây thay đổi nhiều quá, giờ nhiều nhà không còn nấu bánh chưng. Anh có tiếc nuối gì không?","Cũng có chút tiếc, vì cái mùi khói nồi bánh, tiếng xé lá chuối và chuyện trò quanh bếp là thứ đã biến mất ở nhiều nơi. Nhưng em nhìn theo chiều khác: đời sống đô thị hóa thì người ta không còn chỗ để nấu được, nên chuyển sang mua bánh ngon của người làm hộ là lẽ tự nhiên, không phải mất đi văn hóa mà là văn hóa chuyển hình. Cái mất đáng tiếc nhất không phải cái bánh mà là khoảng thời gian cả nhà ngồi cạnh nhau trong lúc làm chung một việc. Nếu anh thèm cái không khí đó, tìm một buổi gói bánh tập thể ở phường, ở làng, hoặc rủ bạn bè làm dăm chiếc nhỏ trong căn hộ — có nồi mini là đủ. Cái thiêng liêng nằm ở chuyện ngồi lại với nhau, không nằm ở số bánh."
Làm sao để dạy một đứa trẻ 7 tuổi hiểu về ngày giỗ mà không làm cháu sợ chết?,"Đừng đề cập đến cái chết trừu tượng, hãy nói về ông bà như những người thương vẫn đang hiện diện trong nhà mình theo một cách khác. Với cháu, cứ nói ngày giỗ là ngày gia đình mình hẹn để ''nói chuyện với ông'' — thắp nén hương là gửi lời, món ăn ông thích là nhớ về ông, và cho cháu tham gia việc nhỏ như rót nước, thay hoa, rồi kể một kỷ niệm vui về ông nội chứ đừng kể chuyện đau buồn. Khi cháu thấy người lớn làm ngày giỗ bằng sự bình thản và yêu thương, cháu sẽ học được rằng người đã mất không phải điều đáng sợ mà là người ta nhớ đến bằng tình thương. Ngày giỗ như thế sẽ thành bài học đầu đời về trân trọng người đã đi qua đời mình."
"Đốt vàng mã ngày nay nhiều nhà đốt cả tủ quần áo, cả xe ô tô. Anh thấy phong tục này còn phù hợp không?","Em hiểu ý anh, có chỗ làm lố. Gốc tích của việc hóa vàng là gửi ''đồ dùng'' cho người thân ở thế giới bên kia, xuất phát từ niềm tin thương nhớ: mình không chăm sóc được người quá khứ nữa nên gom góp cho kỹ. Nhưng khi nó thành cuộc đua hình thức, mỗi cái sau đắt hơn cái trước, thì thật ra lòng thành đã bị bào mòn bởi hình thức. Em nghĩ bản chất vẫn đẹp nếu mình giữ ở mức vừa phải: đốt vài nén vàng vía những dịp quan trọng, còn tình cảm với người đã khuất thì gửi qua bữa cỗ, câu chuyện, và một cuộc sống tử tế như ông bà từng mong. Đốt càng nhiều không bù được lòng thật. Nếu anh thuộc nhóm nhà mình thích gọn gàng, cứ chọn cách đốt ít nhưng thành tâm, không có gì sai cả."
Đêm giao thừa người Việt hay làm gì để đón năm mới vậy? Tôi muốn giữ truyền thống mà không biết bắt đầu từ đâu.,"Đêm giao thừa là khoảnh khắc thiêng liêng nhất trong năm: chiều 30 dọn bàn thờ, lau dọn sạch sẽ, bày mâm cơm cúng tất niên. Trong lúc chuông đồng hồ bước sang năm mới, người nhà theo tục thắp hương, cúng ngoài trời mời thần linh và gia tiên, rồi cả nhà cùng ăn miếng bánh chưng, chúc nhau câu hay, trẻ con nhận lì xì. Ngay sau đó nhiều nhà đi chùa hái lộc hoặc xông đất. Anh đừng căng, chỉ cần: mâm cúng gọn, nén hương thắp đúng giờ, và lời chúc với nhau lúc bước sang năm mới. Còn việc pháo hoa, xem bắn pháo hoa hay ngồi xem truyền hình trực tiếp thì tùy anh, không quan trọng bằng khoảnh khắc cả nhà cùng thức nhìn năm mới đến."
"Phong tục đi chùa, hái lộc đầu xuân nhiều người nói giờ chỉ còn là hình thức. Anh nghĩ làm thế nào để chùa chiền đầu năm lại có ý nghĩa thật?","Em nghĩ điểm mấu chốt là anh đến chùa bằng tâm thế nào. Nếu đến chỉ để hái lộc, chụp ảnh, chen nhau thì đúng là hình thức, còn nếu đến để đặt một mình trước phật đài, tĩnh lại sau những ngày hỗn độn, cầu cho gia đình bình an và lòng mình thanh thản thì đó là tâm linh thật. Hái lộc đúng nghĩa là xin lại một chút sinh khí của mùa xuân về treo lên bàn thờ chứ không phải bẻ cành xanh về phòng. Anh thử một lần làm ngược lại: đến chùa mà không cần xin gì, chỉ ngồi một lúc, ngắm khói hương, đi vòng quanh sân chùa trong nắng sớm mùng một. Nếu về nhà lòng thấy nhẹ, đó mới là cái lộc anh mang được về."
"Tết thường người ta hay cúng ai trước, thần linh hay gia tiên? Thứ tự như thế nào để tôi làm cho đúng?","Theo quan niệm dân gian thứ tự là thần linh trước, gia tiên sau: người ta cho rằng thần linh cai quản nhà đất của mình, phải bày mâm hoặc mời trước, rồi mới đến ông bà tổ tiên nội ngoại. Thực hành trong nhà nhiều gia đình vẫn bày chung một mâm hoặc làm hai lượt hương, đầu tiên ngoài trời hoặc bàn thờ gia tiên chính — tùy từng nhà và từng vùng, không có một quy chuẩn máy móc. Cái anh cần nhớ là lòng thành và sự tôn thứ tự, còn chi tiết nhỏ như bao nhiêu nén hương, để đóa hoa thế nào, cứ nhìn cách nhà anh từ xưa làm mà giữ theo. Tết là dịp rộng lượng, ông bà với thần linh đều vui vì anh nhớ đến họ, chứ không vì anh bày chuẩn 100%."
Mâm cỗ cúng đêm giao thừa nên có những gì cho đúng chuẩn? Tôi muốn chuẩn bị kỹ cho năm nay.,"Nói chuẩn thì tùy miền, nhưng nhìn chung một mâm cúng giao thừa đủ thường có: bánh chưng hoặc bánh tét, gà luộc hoặc gà trống thiến được bày nguyên con, xôi gấc, giò chả, canh măng hoặc canh nấm, nem, rau củ muối, và đĩa hoa quả. Điểm đặc biệt là đặt ngoài trời lúc trời đang lạnh, nên năm nào cũng dọn giữa sân hoặc ban công. Ngoài mâm chính còn có trà, rượu, một vài loại bánh mứt và nhang đèn sáng rực. Xưa còn có cả mũ áo bằng giấy dâng lên thần linh cai quản năm cũ. Anh không cần đua theo nhà giàu đủ món, cứ giữ bánh chưng, gà, xôi, trái cây tươi là đã đầy đủ ý nghĩa, cái quan trọng nhất là thắp đúng giờ và cả nhà cùng quây quần bên mâm."
"Đầu năm đi đền, xin một cái gì đó cho con đang học thi tốt nghiệp, anh có lời khuyên gì cho mẹ lo lắng như tôi không?","Con chuẩn bị thi mà mẹ xin đền là chuyện em thấy rất xúc động, vì đó là cách mẹ đưa nỗi lo của mình cho cõi tâm linh gửi gắm. Xin cầu công danh, anh có thể chọn đền văn chỉ, đền thờ các bậc khoa bảng, hoặc chùa cầu trí tuệ — miễn thành tâm. Nhưng em muốn khuyên thật: phần thi cử vẫn nằm ở việc con mình ôn luyện chăm chỉ và giữ sức khỏe, cái xin được là niềm tin để mẹ bớt căng, và con bớt run. Mẹ nên xin cho mình bình tĩnh, xin cho con có đủ tỉnh táo trong phòng thi, rồi về nhà tạo không khí nhẹ nhàng, đừng đè thêm áp lực trách nhiệm lên vai con. Thần phật không thay mẹ giải đề, nhưng sẽ cùng mẹ ở bên con trong phòng thi."
"Quê tôi có lễ hội làng đã có gần nghìn năm, mấy năm nay vắng vẻ kẻ trẻ đi cả. Tôi lo lễ hội mai này sẽ mất.","Nỗi lo của anh rất chính đáng, nhiều làng có lễ hội đang trong tình cảnh y như vậy. Nhưng em thấy cái lễ hội không mất đâu, nó đang chuyển hình. Lớp trẻ không ra sân đình không phải là không còn thương quê, mà là họ chưa tìm được cách kết nối với nó trong nhịp sống hiện đại. Muốn giữ, anh đừng chờ họ tự đến, hãy kéo họ vào bằng vai trò mới: cho các cháu tham gia set up cổng hội, quay phim, dẫn múa lân, nấu cỗ — khi chúng đóng vai không phải khán giả thì sẽ có trách nhiệm và gắn bó. Lễ hội nghìn năm tồn tại được chính là vì mỗi thế hệ tìm được cách làm mới nó. Anh góp một tay như thế, làng mình sẽ còn lễ cho đời sau."
"Người Việt mình mê đi lễ, đi chùa tới mức nhiều khi tôi thấy hơi quá mức, anh có thấy khó chịu khi bị người thân ép đi lễ không?","Em hiểu, người Việt có văn hóa tâm linh mạnh, với nhiều nhà việc đi lễ là nếp, là cách người lớn bày tỏ tình thương và sự cầu may. Nếu bị ép thì đúng là bực, vì tin hay không tin là chuyện riêng mỗi người. Nhưng thay vì cãi cúi lúc gần Tết, anh thử nhìn: cái người thân của anh mong mỏi không hẳn là anh ráp lễ đủ, mà là được thấy anh đi cùng, ở bên họ trong lúc thiêng. Anh có thể đặt ranh giới nhẹ nhàng: đi cùng vài buổi quan trọng vì tình cảm, nhưng từ chối khéo những buổi lễ thừa để giữ không gian riêng, và nói thật lòng rằng tình thương của anh không qua chuyện lễ bái. Đôi khi cả hai bên đều dịu lại khi hiểu ý nhau thật sự."
"Mùa xuân người ta hay chọn hoa mai ở miền Nam, hoa đào ở miền Bắc, vì sao lại chia như vậy anh?","Do khí hậu và lịch sử trồng trọt thôi: miền Bắc lạnh nên cây đào bung nở đúng dịp tết nguyên đán, còn miền Nam nắng ấm thì mai vàng là loài nở rộ đúng độ. Nhưng ý nghĩa thì giống nhau — màu đỏ của hoa đào tượng trưng may mắn, sắc vàng của mai tượng trưng phú quý giàu sang, cả hai đều là lời mời mùa xuân vào nhà. Ngày nay ranh giới đã mờ: người Sài Gòn cũng chơi đào nhập từ Đà Lạt, vàng Bắc đi du lịch mai xuống phía nam, vì cái cần nhất là một nhành hoa nở đúng ngày trong nhà mình. Nếu anh chọn hoa, cứ chọn theo chỗ mình sống hoặc theo con mắt thẩm mỹ, điều quan trọng là vào mùng một nhìn nó nở mà lòng rộn rã là đã trúng mùa xuân."
"Tôi sắp phải đi chúc Tết họ hàng, mỗi nhà một mâm quà mà không biết chọn gì cho vừa lòng. Anh gợi ý giúp cách chọn quà biếu Tết?","Bí quyết nằm ở chỗ biết người nhận: người lớn tuổi thích bánh mứt và trà ngon, gia đình trẻ thì bánh kẹo, cà phê, hoặc đồ dùng nhà cửa thiết thực. Mâm quà Tết đẹp nhất là sự kết hợp giữa món cổ truyền và thứ họ thật sự thích: một hộp bánh chưng hoặc mứt, hai hộp trà hoặc cà phê chất lượng, chai rượu vang nếu họ có tuổi, và một bao lì xì xinh cho mấy đứa nhỏ. Quan trọng hơn, cốt cách biếu năm nay nên có câu chúc khéo, gói gọn trong vài lời chân thật, đừng sáo rỗng. Nhà quê cách nhà phố, miễn anh tặng cái thực dụng và kèm câu thăm hỏi, họ sẽ quý. Đừng đua nhau quà to, nhà giàu cũng quý lời chúc chân thành như nhà nghèo."
"Cúng rằm mỗi tháng có bắt buộc phải làm không? Tôi bận bịu quá, nhiều khi để quá rằm mới nhớ ra.","Không bắt buộc theo nghĩa pháp lý hay trách nhiệm cứng nhắc nào cả, nhưng với nhiều gia đình nó trở thành nếp quen và chỗ dựa tinh thần. Người xưa cúng rằm với niềm tin thần linh chứng giám, giữ sự đều đặn để nhà cửa bình an. Nếu anh bận quá mà để quá rằm, cách xử lý phổ biến là cúng bù vào hôm khác trong tháng, không ai phạt cả. Điều anh nên đối chiếu: cúng hay không, đều hay không, là lựa chọn riêng của mỗi nhà, chứ không phải thước đo đạo đức. Tinh thần cúng rằm là giữ sự liên kết với ông bà và sự nhớ ơn trong lòng, một tháng quên bận không phản bội gì. Anh cứ làm vào ngày thuận tiện, giữ sự đều đặn cho lòng thanh thản, thế là trọn ý."
"Đứa con mới đi làm năm đầu tiên, giá vé máy bay Tết cao quá mà tiền lương lại eo hẹp, nó ngại về nhà. Tôi làm cha nên nói sao cho con không phải áp lực?","Anh đừng để con phải tự mình gánh cái áp lúc đó. Nếu con đang ngại vì tiền, cách tốt nhất là anh chủ động nhắc câu đó trước: nói là ba biết năm đầu đi làm còn khó khăn, vé thì mắc, nên năm nay cứ ở lại, ba mẹ không trách đâu. Rồi mở ra hướng: ba gửi cho chút tiền góp vé, hoặc đón đầu, hoặc con về trước ngày cao điểm, hoặc gia đình lên thăm thành phố của con. Con sợ không phải điều gì to tát, chỉ là sợ làm ba mẹ thất vọng khi phải về tay không. Nếu anh nói trước được rằng ba mẹ về phần không cần quà, cần con về thôi, cái áp lực đó tan hết. Tết của cha mẹ không phải là cỗ cỗ, mà là con về ngồi cùng bàn."
"Tôi thấy người Bắc cúng văn khấn khác người Nam, đâu là điểm khác nhau cơ bản giữa các miền khi cúng gia tiên?","Khác biệt chủ yếu nằm ở mâm cỗ và cách thức chứ ý nghĩa thì rất giống nhau. Miền Bắc chuộng mâm cỗ đủ món: gà luộc, giò, nem, canh măng, xôi, bánh chưng và hay cúng thổ công ngoài cửa trước. Miền Nam mâm cỗ thường có thịt kho tàu, bánh tét, dưa giá, canh khổ qua, và đặc biệt ưa chuộng những món tượng trưng phú quý như khổ qua mong qua khỏi khổ, thịt kho tàu cho cả năm ngọt đậm đà. Về văn khấn thì cũng khác cách xưng hô vong linh, và phong cách bày biện. Nhưng em nghĩ cái chung sâu xa thì giống: cả hai miền đều cúng ông bà bằng cái mâm đầy đủ, cây hương tỏa khói, và lời nhớ nhung. Đừng so bì miền nào chuẩn hơn, hãy giữ đúng bản sắc miền nhà mình rồi kể cho nhau nghe."
Tối giao thừa năm nào tôi cũng lạc lõng vì mình ở một mình trong căn phòng trọ. Anh làm gì để giao thừa có ý nghĩa dù xa nhà?,"Cảm giác đó dễ hiểu lắm, giao thừa là cái phút mà cả đất nước cùng hòa vào nhau, mình mà đứng ngoài rìa thì trống trải vô cùng. Nhưng em tin anh có thể tạo ra một giao thừa đẹp cho riêng mình: chuẩn bị trước một mâm nhỏ có bánh, hoa, nén hương, lúc đúng giờ thắp lên cúng ngay trong phòng trọ — không cần lễ lớn, chỉ cần thành. Rồi gọi video cho người thân đúng lúc nhà mình thắp hương, cùng nghe tiếng pháo hoa từ màn hình, thậm chí ăn miếng bánh chưng cùng nhau xuyên màn hình cũng thành có nhau. Quan trọng nhất là dặn lòng: giao thừa năm nay mình ở một mình là do mình đang chọn con đường của mình, không phải vì mình bị bỏ lại. Năm tới mình sẽ về."
Lời dạy của ông bà thời xưa về Tết nào mà đến giờ anh vẫn nhớ hoặc áp dụng?,"Có một câu em nghe từ nhỏ mà đến giờ mỗi năm cận Tết lại vang trong đầu: ''Có kiêng có lành''. Ông bà em dạy rằng ngày đầu năm không nói lời chê bai, không than vãn, không cãi nhau, gặp ai cũng nhẹ nhàng câu chúc — vì lời nói đầu năm được tin sẽ gieo cái duyên cho cả năm. Nghe duy tâm lắm, nhưng lớn lên em nghiệm ra cái đó thiết thực ghê: nó ép mình tập cách mở lời tích cực, tử tế với người và cả với chính mình. Giờ mỗi sáng mùng một em vẫn cố nhớ giữ lấy tinh thần đó, và sau này sẽ kể lại cho con, vì đó không phải là mê tín mà là bài học về cách bắt đầu mọi việc bằng tâm thế đẹp. Anh cũng có câu nào nhà mình lưu truyền chứ?"
Cấu trúc một Helm chart cơ bản gồm những file gì và chức năng từng file?,"Chart bắt buộc có Chart.yaml chứa metadata (name, version, apiVersion, appVersion, description) và thư mục templates chứa các manifest. Ngoài ra hay có values.yaml để khai báo giá trị mặc định cho template, charts/ chứa dependency charts, crds/ chứa CRD, templates/NOTES.txt in hướng dẫn sau khi install, templates/_helpers.tpl định nghĩa các hàm helper dùng Go template. Template dùng cú pháp {{ .Values.replicaCount }} tham chiếu giá trị, {{ include chart.fullname"" . }} gọi helper. Khi install"
Tại sao pod bị kill khi vượt memory limit nhưng CPU chỉ bị throttle?,"Vì memory không thể chờ như CPU. Khi CPU dùng hết limit, kubelet plus CFS throttling giới hạn thời gian chạy nhưng tiến trình vẫn sống, chỉ chậm lại. Còn khi process vượt memory limit, không có nơi nào để chứa bộ nhớ thừa nên kernel phải OOM kill process, container bị kill và khởi động lại theo restartPolicy. Eviction của node cũng tương tự: node cạn memory sẽ evict các pod vượt request trước. Vì vậy muốn ổn định, đặt memory requests và limits bằng nhau (Guaranteed QoS) hoặc thấp hơn nhu cầu nếu muốn burst. Kubernetes không bao giờ cho phép chậm lại"" với memory vượt trần"
"App của tôi mỗi lần gõ phím là cả trang re-render, dù chỉ một input thay đổi. Nguyên nhân và cách chặn re-render lan xuống cả cây?","Nguyên nhân gốc là state của input nằm trên component cha, nên mỗi lần setState cha render lại toàn bộ cây con. Chặn theo 3 lớp: thứ nhất tách input thành component riêng giữ state nội bộ hoặc dùng react-hook-form để isolate; thứ hai bọc những subtree nặng bằng React.memo kèm props ổn định; thứ ba nếu không tách được thì dùng selector dạng Context được tách nhỏ hoặc Zustand đọc slice, tránh để cả cha nhận mọi keystroke. Chốt lại: di chuyển state xuống càng gần nơi dùng càng tốt, đó là cách hiệu quả nhất hơn là lạm dụng memo."",tech"""
"Viết giúp tôi một custom hook useDebounce cho giá trị bất kỳ, kèm cách xử lý huỷ timer khi unmount?","useDebounce lưu giá trị trễ bằng useEffect kết hợp setTimeout: function useDebounce(value, delay = 300) { const [debounced, setDebounced] = useState(value); useEffect(() => { const id = setTimeout(() => setDebounced(value), delay); return () => clearTimeout(id); }, [value, delay]); return debounced; }. Cleanup trả về trong effect chính là chỗ huỷ timer mỗi khi value đổi hoặc unmount, tránh setState trên component đã gỡ gây warning. Dùng trong ô tìm kiếm: gõ liên tục chỉ gọi API sau 300ms dừng. Lưu ý nếu muốn lấy ngay giá trị đầu, dùng thêm useRef kiểm tra lần mount đầu tiên."",tech"""
"Tôi bọc mọi hàm và giá trị bằng useCallback/useMemo rồi mà app vẫn chậm, có vấn đề gì?","Memo quá mức thường phản tác dụng. Chi phí so sánh dependency và giữ tham chiếu đôi khi còn đắt hơn việc tạo lại hàm. useMemo chỉ có ý nghĩa khi giá trị đó được truyền xuống component bọc React.memo, hoặc khi tính toán thực sự nặng (lọc/sort hàng nghìn phần tử). useCallback cũng vậy, nó chỉ có tác dụng khi con dùng memo và bạn cần props ổn định. Với hàm rẻ và component con render nhanh, bỏ memo đi còn nhanh hơn. Hãy đo bằng React DevTools Profiler xem component nào render lâu, chữa đúng chỗ đó thay vì bọc toàn bộ. React Compiler từ React 19 sẽ tự làm việc này, khỏi cần memo thủ công."",tech"""
"React.memo so sánh props kiểu gì, và vì sao truyền object mới mỗi render thì memo không còn tác dụng?","React.memo dùng so sánh nông: với object và array nó so tham chiếu, không đào sâu giá trị. Nếu cha render tạo ra const user = { name: 'A' } mỗi lần, tham chiếu mới nên memo thấy props đổi và render lại con, memo trở nên vô dụng. Để memo phát huy, object/array đó phải ổn định bằng useMemo theo đúng dependency, hoặc truyền thẳng biến từ state. Với các trường hợp cần so sâu thật sự (hiếm), truyền hàm so sánh tuỳ chỉnh làm tham số thứ hai của memo, nhưng tránh vì mỗi render phải duyệt toàn bộ props."",tech"""
"Context của tôi càng ngày càng nhiều consumer, giờ mỗi lần đổi state là cả tá component render theo. Tách context thế nào cho hợp lý?","Vấn đề là context value thay đổi sẽ làm mọi consumer render lại. Tách theo hai hướng: thứ nhất chia context nhỏ theo nhóm dữ liệu ít thay đổi (theme, auth, locale mỗi thứ một provider) để consumer chỉ render khi slice mình đọc đổi. Thứ hai tách state và action: provider chứa state, action đã ổn định qua useMemo truyền xuống, các component chỉ dùng action không cần render lại khi state đổi. Với data thay đổi tần suất cao, cân nhắc thư viện như zustand/use-context-selector để chọn trường đọc, tránh context thuần. Và đừng để value tạo mới mỗi render không có useMemo."",tech"""
"State của tôi có nhiều trường và nhiều loại cập nhật, nên dùng useState hay useReducer?","Khi cập nhật phụ thuộc lẫn nhau hoặc có nhiều nhánh, useReducer gọn hơn vì gom toàn bộ logic cập nhật vào một reducer thuần, dễ test và tái sử dụng. Ví dụ form nhiều field, cart có thêm/xoá/sửa số lượng, undo/redo. Còn với 2-3 state độc lập, thay đổi đơn giản thì useState đủ và dễ đọc. Nếu thấy setState chồng chất logic lồng nhau mỗi lần cập nhật phải tính dữ liệu từ state cũ, đó là dấu hiệu nên chuyển useReducer. TypeScript còn giúp định nghĩa union type cho action, ngăn gọi action sai payload."",tech"""
"Tôi đang dùng Zustand cho store lớn, nhưng component lấy đúng một slice lại vẫn render khi slice khác đổi. Làm sao khắc phục?","Nguyên nhân là selector trả về object/array mới mỗi lần gọi, ví dụ useStore(s => ({ a: s.a, b: s.b })) — tham chiếu đổi nên render. Hai cách sửa: thứ nhất truyền so sánh nông cho hook: useStore(s => s.items, shallow) giúp render chỉ khi giá trị slice thay đổi sâu. Thứ hai, nếu chỉ cần một trường thì selector trả đúng giá trị primitive: useStore(s => s.items.length) tự render đúng lúc. Với Zustand v4 trở lên dùng useShallow từ zustand/react/shallow. Chỉ nên tạo object mới trong selector khi thật sự cần gom nhiều trường, và nhớ dùng kèm shallow."",tech"""
"Tôi dùng Redux Toolkit, cần một ví dụ chuẩn về createSlice kèm extraReducer xử lý async bằng createAsyncThunk?","createSlice gom reducer và action tự động: const usersSlice = createSlice({ name: 'users', initialState: { list: [], loading: false }, reducers: { add(state, action) { state.list.push(action.payload) } }, extraReducers: (builder) => { builder.addCase(fetchUsers.pending, (s) => { s.loading = true }).addCase(fetchUsers.fulfilled, (s, a) => { s.loading = false; s.list = a.payload }) } }). createAsyncThunk('users/fetch', async () => { const res = await api.get('/users'); return res.data }) tạo 3 action pending/fulfilled/rejected để extraReducer bắt. Nhờ Immer tích hợp, viết mutation trực tiếp vẫn tạo state mới. Selector nên dùng useMemo hoặc createSelector của reselect để tránh render thừa."",tech"""
"Error Boundary trong React chỉ bắt được lỗi render, vì sao lỗi trong event handler hay async không được bắt, và xử lý sao cho đúng?","Error Boundary dựa trên lifecycle componentDidCatch/getDerivedStateFromError nên chỉ phủ lỗi trong quá trình render, lifecycle và constructor của cây con. Lỗi trong setTimeout, promise, event handler nằm ngoài vòng render của React nên không chạm được. Cách xử lý: event handler bọc try-catch thủ công để set error state lên Error Boundary qua mechanism riêng hoặc bắn qua state cha; async fetch thì dùng .catch gán vào state error rồi render fallback có điều kiện. Nếu dùng React 19, còn có cách xử lý lỗi toàn cục bằng onUncaughtError ở root. Trong mọi trường hợp đừng để error rơi vô định, ghi log về server."",tech"""
"Tôi cần một Error Boundary có nút reload để người dùng tự phục hồi mà không phải F5 cả trang, viết thế nào?","Error boundary là class component: class ErrorBoundary extends Component { state = { error: null }; static getDerivedStateFromError(error) { return { error } }; handleReset = () => this.setState({ error: null }); render() { if (this.state.error) return <div><p>Có lỗi xảy ra</p><button onClick={this.handleReset}>Thử lại</button></div>; return this.props.children } }. Reset state về null khiến cây con remount và render lại. Lưu ý nếu component bên trong vẫn giữ state lỗi nội bộ thì reset ngoài không đủ — cần thêm key={reloadCount} thay đổi khi bấm nút để ép remount toàn bộ subtree. Đặt boundary ở nhiều cấp: một cho toàn app, vài cái cho từng section độc lập để một lỗi nhỏ không đánh sập cả màn hình."",tech"""
"Tôi cần render danh sách 100.000 dòng, virtual list dùng react-window thì đo lường và xử lý item chiều cao khác nhau thế nào?","Virtual list chỉ render phần tử trong viewport nên DOM luôn nhỏ. react-window có FixedSizeList cho item cùng chiều cao — nhanh nhất vì có thể tính vị trí bằng toán học, và VariableSizeList cho chiều cao khác nhau nhưng phải tự đo bằng cách render thử hoặc ước lượng, phức tạp và có thể giật khi cuộn nhanh. Nếu item đa số cùng cao, chọn FixedSizeList dù phải cắt bớt nội dung tràn. Đặt overscanCount từ 3-8 để render thêm quanh viewport cho cuộn mượt. Đừng ghi nhớ vị trí cuộn thủ công, dùng key đúng và giữ item component nhẹ vì nó được mount/remount liên tục."",tech"""
"createPortal render ngoài cây DOM, vậy sự kiện click và CSS context có ảnh hưởng gì tới modal của tôi không?","createPortal chỉ đổi vị trí DOM, sự kiện vẫn đi qua cây React của component gốc nên onClick bên trong portal vẫn hoạt động bình thường và không bị stopPropagation của phần tử cha trong DOM chặn. Về CSS, vì node được thêm vào body (hoặc vị trí bạn chọn), các style bị giới hạn trong subtree của modal gốc (như overflow hidden, transform tạo containing block) sẽ không áp dụng — đó là điểm lợi cho modal tránh bị cắt. Nhưng cũng vì vậy phải tự lo z-index và style nền. Trong React 18+ dùng createPortal(node, container) vẫn chuẩn; còn với SSR nhớ gate bằng mounted state để tránh lỗi container null."",tech"""
"forwardRef dùng để làm gì, và khi nào cần kết hợp useImperativeHandle?","forwardRef cho phép component con nhận ref từ cha rồi gắn vào DOM node bên trong, vì component hàm thông thường không tự nhận ref làm prop. Cách dùng: const Input = forwardRef((props, ref) => <input ref={ref} {...props} />) rồi cha dùng <Input ref={inputRef} /> để focus. useImperativeHandle đi xa hơn: thay vì lộ node DOM, cha có thể định nghĩa API riêng — useImperativeHandle(ref, () => ({ focus: () => inputRef.current?.focus(), clear: () => setValue('') })) nên bên ngoài chỉ gọi được focus/clear, giấu chi tiết. React 19 đã cho phép ref như prop bình thường, nhưng forwardRef vẫn được hỗ trợ và tương thích ngược."",tech"""
"Tôi muốn lưu một giá trị theo dõi nhưng không muốn nó gây re-render, useRef có phù hợp không, khác useState chỗ nào?","Đúng, useRef thích hợp khi bạn cần biến xuyên suốt vòng đời component mà thay đổi nó không cần vẽ lại UI: đếm số lần render, giữ id interval, lưu instance của socket hoặc giá trị để so sánh. ref.current có thể mutate thoải mái và không kích hoạt render, còn useState mỗi lần set là render lại. Lưu ý: vì không trigger render nên đừng dùng ref cho thứ UI phải phản ánh; nếu cần cả hai thì dùng state làm nguồn hiển thị và ref phụ để theo dõi. Một mẹo: useEffect(() => { prevRef.current = value }) chạy sau mỗi render để có giá trị trước đó trong render tiếp theo."",tech"""
"useLayoutEffect và useEffect khác nhau ra sao, khi nào bắt buộc dùng useLayoutEffect để tránh hiện tượng nhấp nháy?","useEffect chạy sau khi browser đã paint nên người dùng có thể thấy thoáng qua trạng thái chưa cập nhật, còn useLayoutEffect chạy đồng bộ sau DOM nhưng trước paint, nên thay đổi được áp dụng ngay trong cùng frame. Dùng useLayoutEffect khi bạn cần đọc/đo layout rồi cập nhật ngay, ví dụ đo chiều cao phần tử rồi chỉnh vị trí tooltip, hoặc đồng bộ thanh cuộn — nếu dùng useEffect ở đây sẽ nhấp nháy hoặc giật một frame. Cảnh báo: useLayoutEffect chặn paint nên đừng làm việc nặng trong đó, và nó bị cảnh báo nếu chạy SSR vì không có DOM — cần guard typeof window."",tech"""
"Effect của tôi đọc state cũ hoài (stale closure), ví dụ interval luôn thấy giá trị ban đầu. Cách sửa triệt để?","Stale closure xảy ra vì effect bắt biến từ lần render nó được tạo. Với setInterval chỉ chạy một lần, closure giữ state của lần đầu nên luôn đọc giá trị cũ. Sửa theo mục đích: nếu chỉ cần giá trị mới nhất khi thao tác, lưu qua ref — const valueRef = useRef(value); useEffect(() => { valueRef.current = value }); rồi trong interval đọc valueRef.current. Nếu bạn muốn interval tự reset mỗi khi value đổi, thêm value vào dependency array — effect chạy lại, interval mới tạo với closure mới. Với event listener đăng ký một lần cũng tương tự: cập nhật handler qua ref hoặc thêm dep. Nguyên tắc: state trong effect là ảnh của lúc chạy, muốn dữ liệu mới phải cho nó tạo lại hoặc đọc qua ref."",tech"""
"Tôi có ô tìm kiếm gõ vào danh sách 10.000 mục, lọc ngay mỗi keystroke làm lag. useDeferredValue hay useTransition nên dùng cái nào?","useDeferredValue phù hợp hơn: nó giữ value thô để hiện ngay ở ô input, còn value trễ (deferred) dùng cho việc lọc nặng, cho React ưu tiên render input nhạy cảm trước, lọc nặng render sau ở chế độ nền. Cách dùng: const deferred = useDeferredValue(query); const filtered = useMemo(() => bigFilter(list, deferred), [list, deferred]) — input gõ mượt, kết quả cập nhật hơi trễ và hiển thị trạng thái isStale để chỉ báo đang chờ. useTransition dùng khi bạn điều khiển một hàm cập nhật state nặng gọi trong sự kiện, bọc startTransition(() => setBigState(...)). Với trường hợp lọc theo keystroke, useDeferredValue gọn và đúng ý đồ hơn."",tech"""
"Viết custom hook useLocalStorage để đồng bộ state với localStorage, kèm xử lý lỗi khi storage đầy hoặc bị chặn?","Hook cơ bản: function useLocalStorage(key, initial) { const [value, setValue] = useState(() => { try { const raw = localStorage.getItem(key); return raw !== null ? JSON.parse(raw) : initial } catch { return initial } }); useEffect(() => { try { localStorage.setItem(key, JSON.stringify(value)) } catch (err) { console.warn('Không lưu được', err) } }, [key, value]); return [value, setValue] }. Vì localStorage chỉ có trên client, guard bằng lazy initializer và try-catch cả hai chiều đọc/ghi để app không crash khi private mode chặn quota. Nếu muốn đồng bộ giữa nhiều tab, lắng nghe sự kiện storage trong effect. Nhớ nhận key làm dependency để đổi key tự động cập nhật."",tech"""
"Tôi cần custom hook dùng chung cho polling API mỗi N giây, viết thế nào cho tránh rò rỉ và tự huỷ khi unmount?","Dùng useCallback cho hàm gọi và useEffect với interval: function usePolling(callback, delay, enabled = true) { const saved = useRef(callback); useEffect(() => { saved.current = callback }, [callback]); useEffect(() => { if (!enabled) return; const tick = async () => { try { await saved.current() } catch (err) { console.error(err) } }; tick(); const id = setInterval(tick, delay); return () => clearInterval(id); }, [delay, enabled]) }. Ref giữ callback mới nhất giúp interval không phải restart khi callback đổi, tránh stale closure. Cleanup clearInterval là chỗ huỷ khi unmount hoặc delay/enabled đổi. Nếu gọi quá lâu hơn delay, cân nhắc setTimeout lặp lại sau khi hoàn tất thay vì setInterval để tránh chồng request."",tech"""
"Tôi test component React bằng Testing Library, phân biệt fireEvent và userEvent, khi nào dùng cái nào?","fireEvent gọi trực tiếp sự kiện DOM rất nhanh nhưng thiếu các bước trung gian thực tế như người dùng gõ: nó bắn đúng một sự kiện bạn chỉ định. userEvent mô phỏng hành vi thật: gõ từng ký tự, di chuột, tab, debounce, async interaction — nên nó bắt được nhiều bug hơn nhưng chậm hơn và bắt buộc await. Quy tắc: ưu tiên userEvent cho gần như mọi tương tác, dùng fireEvent khi cần gọn nhanh cho hàng loạt thao tác đơn giản hoặc sự kiện userEvent chưa hỗ trợ (như một số sự kiện clipboard). Trong test async nhớ dùng findBy* hoặc waitFor để chờ DOM cập nhật, tránh giả định đồng bộ."",tech"""
"Test component gọi API báo warning act(...) khó hiểu, làm sao xử lý đúng để test ổn định?","Warning act nghĩa là có cập nhật state xảy ra ngoài phạm vi mà React test biết, thường do promise của fetch resolve sau khi bạn kết thúc tương tác. Cách xử lý: khi tương tác gây async (click nút fetch), dùng await userEvent.click(...) vì userEvent đã bọc act; sau đó chờ kết quả bằng await screen.findByText(...) hoặc await waitFor(...) để React flush mọi cập nhật trong act trước khi assert. Nếu mock fetch trả về ngay lập tức, đôi khi cần await waitFor(() => expect(...)). Tránh dùng setTimeout cố định trong test — dùng fake timers hoặc waitFor. Khi mọi tương tác đều await và assert đều findBy/waitFor, warning act gần như biến mất."",tech"""
"Tôi muốn mock fetch trong test component nhưng không muốn mock thủ công từng test, dùng MSW giải quyết thế nào?","MSW (Mock Service Worker) chặn request ở tầng network thay vì thay thế hàm fetch, nên component và thư viện client đều hoạt động với code thật. Cách dùng: tạo handlers như http.get('/api/users', () => HttpResponse.json([{ id: 1, name: 'An' }])), setupServer(...handlers) trong setup file test, beforeAll start / afterEach reset / afterAll close. Khi đó viết test bình thường: render component, await screen.findByText('An'). MSW cũng mô phỏng lỗi, delay, status 500 dễ dàng để test các nhánh lỗi và loading. Ưu điểm lớn: không phải mock ở tầng module nên phản ánh sát request thật, và handlers dùng lại được cho test e2e."",tech"""
"Tôi có custom hook, làm sao test nó mà không cần render component?","Dùng renderHook từ @testing-library/react. Ví dụ test useDebounce: const { result, rerender, unmount } = renderHook(({ v }) => useDebounce(v, 100), { initialProps: { v: 'a' } }); sau đó act(() => rerender({ v: 'ab' })) rồi await waitFor(() => expect(result.current).toBe('ab')). Với hook dùng fake timers có thể dùng vi.useFakeTimers kết hợp act để advance. renderHook cho phép test lifecycle, kiểm tra cleanup khi unmount, và test nhiều trường hợp dữ liệu qua rerender. Nếu hook cần Provider hoặc Context, truyền wrapper: renderHook(() => useTheme(), { wrapper: ThemeProvider }). Đây là cách chuẩn để phủ logic thuần của hook trước khi test qua UI."",tech"""
"Form của tôi có hàng chục field, controlled toàn bộ bằng useState mỗi keystroke re-render cả form. Chuyển sang uncontrolled hay dùng thư viện?","Controlled toàn bộ là nguồn gây lag vì mỗi keystroke setState cả form. Hướng xử lý: 1) Nếu cần hiệu suất cao và ít logic, dùng uncontrolled với ref để đọc giá trị khi submit, không re-render khi gõ. 2) Nếu form phức tạp cần validate, dùng react-hook-form vốn tách riêng từng field qua register, chỉ field đó re-render khi đổi, và có chế độ defaultValue để không cần controlled. 3) Nếu vẫn muốn controlled, tách mỗi field thành component nhỏ giữ state riêng rồi báo lên cha qua callback. Quy tắc chung: càng ít component chịu state gõ phím càng tốt. Với danh sách form động (thêm/xoá dòng), dùng useFieldArray của react-hook-form để tránh đau đầu."",tech"""
"react-hook-form kết hợp Zod validate form, viết setup chuẩn và xử lý lỗi hiển thị ra sao?","Dùng zodResolver: const schema = z.object({ email: z.string().email('Email không hợp lệ'), password: z.string().min(8, 'Tối thiểu 8 ký tự') }); type FormValues = z.infer<typeof schema>; rồi const { register, handleSubmit, formState: { errors } } = useForm<FormValues>({ resolver: zodResolver(schema), mode: 'onTouched' }). Khi submit, handleSubmit(onValid, onInvalid) nhận dữ liệu đã validate. Hiển thị lỗi: {errors.email && <span>{errors.email.message}</span>}. Nếu field dùng component UI phức tạp (Select, DatePicker), bọc qua Controller để tích hợp value/onChange. TypeScript suy kiểu tự động từ schema nên form state luôn đúng kiểu. mode onTouched validate khi rời field, cân bằng giữa phản hồi nhanh và ít lần chạy."",tech"""
"Form validation kiểu truyền thống tôi đang viết: vừa validate lúc blur vừa lúc submit, state rối. Có mẫu tổ chức nào gọn để quản lý trạng thái validate?","Tách ba trạng thái riêng: values, errors, touched. errors là map field → thông điệp, touched là set field đã blur. Khi blur: đánh dấu touched rồi validate field đó. Khi change: validate lại field nếu nó đã touched, nếu chưa thì không hiện lỗi để tránh gõ dở đã báo. Khi submit: đánh dấu touched toàn bộ, validate toàn bộ, nếu có lỗi thì focus field lỗi đầu tiên. Viết một hàm validateField(field, values) thuần và một hàm validateAll, gom qua useCallback. Đây chính là cách react-hook-form hoạt động nội bộ — nếu đang xây tay, cứ mô phỏng đúng 3 mảng này. Hiển thị lỗi chỉ khi errors[field] && touched[field]. Giữ mọi hàm validate thuần để dễ unit test."",tech"""
"Bundle của tôi có 2 file JS lớn vì mọi route load chung, code splitting và manualChunks nên chia thế nào?","Chia theo ba lớp. Thứ nhất code splitting theo route: React.lazy(() => import('./pages/Dashboard')) bọc trong Suspense để mỗi route thành chunk riêng, chỉ tải khi vào. Thứ hai vendor chunks bằng manualChunks trong Vite (hoặc splitChunks trong webpack): tách react, react-dom, react-router thành chunk riêng vì chúng ít đổi, browser cache lâu; tách các thư viện nặng dùng rải rác như lodash, moment theo nhóm. Thứ ba tách các component nặng chỉ mở khi cần (editor, chart) bằng dynamic import khi click. Sau đó dùng rollup-plugin-visualizer hoặc source-map-explorer xem tỉ lệ, kiểm tra chunk nào > 100kb gzipped. Mục tiêu: chunk route ≤ 150kb, vendor cache được, không để một component nặng kéo theo cả trang."",tech"""
"Tôi đã code splitting rồi nhưng một component nặng vẫn xuất hiện trong bundle chính, vì sao?","Nguyên nhân phổ biến: dynamic import không được giữ vì bị import tĩnh ở nơi khác, hoặc nó được dùng đồng thời trong module đồng bộ nên bundler gộp về chunk cha. Cách kiểm tra: tìm import tĩnh còn sót của thư viện đó trong code — ví dụ chart được import cả trong component lazy lẫn một helper tĩnh. Ngoài ra, nếu thư viện không được cấu hình sideEffects: false, bundler có thể giữ nó để đảm bảo side effect chạy. Kiểm tra bằng visualizer xem chunk chính chứa gì, rồi: chuyển mọi import tĩnh còn lại sang dynamic, hoặc dùng chunk-level tuning cho vendor, hoặc loại bỏ import phụ chỉ để lấy một hàm. Đôi khi thư viện có phiên bản/entry tree-shakable riêng như lodash-es thay vì lodash."",tech"""
"Tôi thấy một package nhỏ nhưng bundle lại nặng vì nó kéo theo lodash và moment, tree shaking vì sao không chạy?","Tree shaking chỉ hoạt động với ESM và khi package khai báo module trong package.json cùng sideEffects: false. Nếu package đó xuất bản dạng CommonJS, bundler không thể bỏ code không dùng vì CJS không cho biết statically phần nào được import. Xử lý: 1) Chọn bản ESM của package hoặc bản được chia nhỏ (ví dụ dùng date-fns thay moment, lodash-es thay lodash). 2) Nếu package có main entry nặng, đổi import theo subpath: import isEqual from 'lodash-es/isEqual'. 3) Cài @babel/plugin-transform-modules hoặc dùng Vite với mode 'module' — Vite mặc định optimizeDeps hoạt động tốt hơn. 4) Kiểm tra package.json xem có sideEffects: false không, nếu thiếu và an toàn thì patch hoặc đưa vào aliases. Cuối cùng xem visualizer để xác nhận package đó biến mất khỏi bundle chính."",tech"""
"React.lazy kết hợp Suspense, nhưng lần đầu vào route tải lâu tạo màn hình trắng, cải thiện trải nghiệm ra sao?","Suspense fallback là màn hình trắng nếu bạn không cho gì. Cải thiện theo nhiều lớp: thứ nhất fallback có skeleton loading giống cấu trúc trang thật để không giật layout. Thứ hai nếu route đó là trang chính người dùng hay vào, preload sớm: prefetch bằng dynamic import khi người dùng hover link, hoặc gọi import('./Page') trong effect ở màn hình trước. Thứ ba dùng Suspense theo từng vùng, không bọc cả trang — để phần header render ngay, phần nội dung nặng hiện skeleton riêng, tránh chặn toàn bộ. Nếu tải thật chậm, cân nhắc giữ component ít lazy hơn hoặc chia nhỏ chunk nội bộ. Kiểm tra fallback không gây CLS bằng cách dựng layout giống hệt nội dung thật."",tech"""
"Tôi vẫn dùng index làm key cho danh sách vì không có id, thấy nó chạy bình thường. Có nên lo không?","Key bằng index gây bug tinh vi khi danh sách đổi thứ tự, thêm/xoá ở giữa: React gắn nhầm state của item cũ sang item mới vì index không đổi nhưng nội dung đổi chỗ. Triệu chứng điển hình: checkbox nhảy, input bị đổi giá trị, ảnh lỗi hiện sai khi sắp xếp. Giải pháp khi không có id: tạo key ổn định từ dữ liệu như slug, mã kết hợp các trường, hoặc khi thêm mới sinh id bằng crypto.randomUUID() hoặc id tăng dần. Chỉ chấp nhận index khi danh sách tĩnh tuyệt đối, không bao giờ xoá/chèn giữa chừng. Nếu có thể, luôn tạo id tầng data layer khi nhận về, vì key index vừa hại hiệu suất vừa hại đúng logic."",tech"""
"Tôi đang lưu cả dữ liệu gốc lẫn dữ liệu đã lọc/tổng hợp vào state riêng, mỗi lần đổi phải cập nhật hai nơi. Pattern nào đúng?","Đây là anti-pattern lưu derived state. Quy tắc: chỉ giữ nguồn dữ liệu gốc trong state, còn dữ liệu lọc/tổng hợp tính trong render bằng useMemo theo dependency đúng, hoặc dùng selector ở tầng store (reselect, zustand selector). Ví dụ giữ rawList trong state, còn filtered = useMemo(() => rawList.filter(x => x.status === active), [rawList, status]) — khi rawList hay filter thay đổi, filtered tự tính lại, không phải đồng bộ hai nơi. Điều này tránh state mâu thuẫn khi quên cập nhật một trong hai. Trường hợp đếm, tổng hợp nhiều bước nặng thì gom vào selector và memo để không tính thừa. Derived state chỉ nên là state riêng khi chi phí tính lại rất đắt và hiếm khi đổi."",tech"""
"StrictMode làm component render hai lần khi mount, tôi nên bật hay tắt, và nó bắt được lỗi gì thực sự?","Nên bật, vì render hai lần chỉ xảy ra trong development để lộ các side effect không sạch: effect chạy, cleanup, chạy lại giúp bạn phát hiện thiếu cleanup (subscription không gỡ, interval không huỷ, listener rò rỉ). Nó cũng kiểm tra component có thuần không — nếu bạn mutate ngoài state hoặc đọc giá trị không ổn định trong render sẽ bị phát hiện. Trong production StrictMode không ảnh hưởng gì, render vẫn một lần. Bật từ đầu project là chuẩn vì sửa bug sớm rẻ hơn nhiều. Lưu ý đừng lầm: lỗi xuất hiện vì code đang có vấn đề, không phải vì StrictMode — hãy sửa gốc thay vì tắt."",tech"""
"useSyncExternalStore dùng cho trường hợp nào, khi tôi có store ngoài React (thư viện bên thứ ba, singleton) viết thế nào?","useSyncExternalStore giúp component đọc dữ liệu từ store ngoài React và tự render khi store đổi, xử lý đúng đồng thời (tearing) và an toàn trong concurrent rendering. Cách dùng: const state = useSyncExternalStore(subscribe, getSnapshot, getServerSnapshot). subscribe nhận callback rồi đăng ký listener vào store, trả về hàm huỷ; getSnapshot trả về giá trị ổn định (cùng tham chiếu nếu dữ liệu không đổi) — quan trọng vì nếu trả object mới mỗi lần sẽ loop render. Ví dụ store đếm: subscribe(cb) { store.onChange(cb); return () => store.off(cb) }, getSnapshot: () => store.count. React so sánh snapshot để quyết định render. Đây là API nền tảng mà zustand và Redux bên trong dùng để kết nối component với store của chúng."",tech"""
"Tôi cần generate id duy nhất cho field và thẻ label liên kết accessibility, useId giải quyết thế nào, có phải thay thế cho key không?","useId sinh id duy nhất ổn định giữa các lần render, dùng để nối label với input: const id = useId(); rồi <label htmlFor={id}>Tên</label> <input id={id} /> — giúp screen reader đọc đúng mối quan hệ, tránh trùng id khi component xuất hiện nhiều lần. Nó ổn định trên server và client nên an toàn với SSR/hydration. Lưu ý useId không phải để làm key trong danh sách: key cần ổn định theo dữ liệu, còn useId thay đổi tuỳ vị trí component, dùng làm key sẽ mất state khi reorder. Mẹo: nhiều thư viện form đã tự dùng useId nội bộ, nên chỉ cần tự làm khi viết component thủ công."",tech"""
"Tôi muốn khởi tạo state nặng (đọc localStorage, parse JSON) nhưng không muốn nó chạy lại mỗi render, dùng useState thế nào cho đúng?","Truyền hàm khởi tạo thay vì gọi trực tiếp: const [state, setState] = useState(() => { const raw = localStorage.getItem('cfg'); return raw ? JSON.parse(raw) : defaultCfg }) — hàm này chỉ chạy đúng một lần khi component mount, các render sau React bỏ qua. Còn viết useState(heavyInit()) sẽ gọi heavyInit mỗi render dù kết quả bị bỏ đi. Điểm lưu ý: khởi tạo không nên có side effect phụ thuộc thứ tự, nên để thuần. Nếu state cần reset lại khi props đổi, kết hợp key trên component cha hoặc useEffect theo dõi. Pattern lazy init kết hợp tốt với useMemo cho việc parse dữ liệu phức tạp một lần."",tech"""
"setState của tôi được gọi nhiều lần trong một hàm nhưng UI chỉ update một lần, vì sao và có cách nào ép cập nhật ngay không?","React 18+ tự động batching: nhiều setState trong cùng sự kiện hay promise gom lại và chỉ render một lần cuối, tránh render thừa. Thường thì đây là điều bạn muốn. Nếu thật sự cần flush ngay (hiếm khi — ví dụ đọc DOM ngay sau set rồi đo), import { flushSync } from 'react-dom' rồi flushSync(() => setState(...)) để cập nhật đồng bộ trước khi dòng tiếp theo chạy. Cẩn thận: flushSync làm mất lợi ích batching và có thể gây nhiều lần render nên chỉ dùng cho trường hợp đo layout đặc thù. Còn trong setTimeout, promise, sự kiện native, React 18 cũng đã batch, không cần thủ thuật cũ như unstable_batchedUpdates."",tech"""
"Tôi muốn focus input khi component mount, dùng ref đúng chuẩn với TypeScript như thế nào?","Khai báo ref với kiểu HTMLInputElement và null khởi tạo: const inputRef = useRef<HTMLInputElement | null>(null); gắn vào <input ref={inputRef} /> rồi useEffect(() => { inputRef.current?.focus() }, []). Dùng optional chaining vì ref chưa chắc gắn xong. React 19 cho phép ref như prop thường; với React 18 dùng forwardRef nếu component con. Lưu ý: focus trong useEffect chạy sau paint nên có thể thấy nháy — nếu cần focus trước khi paint dùng useLayoutEffect. Với thời điểm gắn động, dùng callback ref: <input ref={(node) => node?.focus()} /> vì nó chạy ngay khi node mount và huỷ khi unmount. Gõ TypeScript sẽ báo đúng kiểu khi dùng ref sai chỗ."",tech"""
"Tôi có component render nội dung vào portal nhưng context của provider cha không thấy áp dụng, có phải portal ngắt context?","Không, portal không cắt context. React context đi theo cây component (nơi bạn khai báo JSX), không đi theo vị trí DOM. Portal chỉ đưa node DOM sang container khác, nhưng vị trí trong cây React vẫn giữ nguyên nên context, event, theme đều hoạt động bình thường. Nếu modal không nhận được context, kiểm tra: provider có nằm trên component render portal không, hay bạn render portal ở component khác ngoài phạm vi provider. Ví dụ để modal nhận theme, đảm bảo component chứa createPortal(...) nằm trong ThemeProvider. Lợi ích của portal: modal tránh bị CSS overflow cắt nhưng vẫn tận dụng context — đây là lý do nó phổ biến cho dialog/tooltip."",tech"""
"Custom hook của tôi trả về một object tạo mới mỗi render, dùng trong component bọc memo thì memo vô dụng. Nên xử lý sao?","Khi hook trả về object/array mới mỗi render, props xuống con đổi tham chiếu nên React.memo không còn tác dụng. Hướng xử lý: nếu object chỉ chứa giá trị, bọc bằng useMemo trong hook theo dependency thật: const value = useMemo(() => ({ count, add: increment }), [count, increment]) để tham chiếu ổn định khi count không đổi. Hàm bên trong nên dùng useCallback. Nếu hook không thể memo hoá gọn vì dependency phức tạp, hoặc trả value phụ thuộc dữ liệu luôn đổi, thì việc memo component con là vô nghĩa — hãy dừng memo và chia state nhỏ hơn để giảm render thay vì ép tham chiếu ổn định. Đo profiler để biết đâu thực sự đáng tối ưu."",tech"""
"Tủ quần áo của em chất đầy mà mỗi sáng vẫn chẳng biết mặc gì, thấy vừa buồn cười vừa bực. Anh rơi vào cảnh đó bao giờ chưa?","Có chứ, tủ chật nghẹt thường vì toàn đồ ít mặc nhưng giữ để \lỡ cần\"""
"Vòi nước trong bếp nhà em chảy nhỏ giọt suốt đêm, tiếng \tí tách\"" nghe phát điên","anh biết cách tự sửa tại nhà không?"""
"Dọn tủ quần áo cuối năm của em xong vẫn thấy đầy, anh cho em công thức kiểu Marie Kondo để dứt điểm được không?","Công thức Marie Kondo nghe thần thánh nhưng cốt lõi chỉ là hỏi món nào khiến mình vui khi cầm lên, chứ không hỏi món nào \còn dùng được\"". Lấy hết quần áo trải ra giường cho nhìn thấy toàn cảnh"
"Nhà em hay có đồ bày trên bàn bếp, bàn học lộn xộn, anh cho quy tắc để bàn lúc nào cũng gọn được không?","Quy tắc để bàn gọn không phức tạp, chỉ cần chỗ nào cũng có nhà riêng cho đồ. Trên mặt bàn chỉ giữ những gì dùng hằng ngày, còn lại cất vào khay, giỏ hoặc hộp đặt ngay trong tầm với. Một khay để chìa khóa, ví, điện thoại ngay cửa ra vào; một khay bếp đựng gia vị dùng thường; một cốc bút trên bàn học là đủ. Mỗi tối dành năm phút trả đồ về đúng chỗ trước khi ngủ, đừng để sang hôm sau vì đống đồ chỉ phình to thêm. Bỏ thói quen \đặt tạm\"" vì đó là thủ phạm lớn nhất của sự bừa bộn. Hạn chế mua thêm đồ trang trí cho bàn"
"Nhà em ở chung cư mà sàn gỗ hay kêu \răng rắc\"" mỗi lần đi","anh biết do đâu và xử lý sao không?"""
"Cái quạt treo tường nhà em quay thì kêu tiếng \cạnh cạnh\""","anh biết chỗ nào hư và tự sửa được không?"""
Nghỉ việc ở tuổi này có sợ sau này khó xin việc lắm không? Tôi đang tính nhảy sang một ngành hoàn toàn khác.,"Cái nỗi sợ đổi ngành rồi không xin được việc làm nhiều người cầm chân, nhưng nặng hay nhẹ tùy thuộc vào cách chuẩn bị. Nếu anh nhảy hẳn sang ngành mới mà chưa có điểm tựa thì đúng là đi trong mù, nên thay vì nhảy thì chuyển dần. Kiểu hybrid: ở ngành cũ nhưng học cái mới, làm vài dự án nhỏ tay trái để thử nước, thấy ổn rồi mới tách. Đầu tư học một chứng chỉ hay khóa bài bản ở ngành mới là khoản chi đáng giá, vì nó cho anh tự tin và tín hiệu cho nhà tuyển dụng. Thị trường luôn mở cửa cho người chứng minh được kỹ năng, không kể tuổi, miễn là trả lời được câu hỏi mình mang gì ra cho họ. Đừng nhảy vội khi chỉ đang chán dấn thân, nhưng cũng đừng để nỗi sợ vô hình chặn đường. Bước một cách thông minh, có chuẩn bị, thì tuổi nào cũng chuyển được."
"Làm sao để gắn custom deleter vào unique_ptr, ví dụ giải phóng tài nguyên C qua một hàm đóng cửa riêng?","unique_ptr nhận kiểu deleter qua template tham số thứ hai. Ví dụ: auto closer = [](FILE* f){ if (f) fclose(f); }; std::unique_ptr<FILE, decltype(closer)> p(fopen(a.txt"""
"Phân biệt mức độ incident P1, P2, P3 là như thế nào để dán đúng tag cho sự cố?","Cách phân loại chuẩn dựa trên mức ảnh hưởng đến người dùng và tính cấp bách xử lý. P1 là sự cố nghiêm trọng nhất: toàn bộ hoặc phần lớn dịch vụ ngừng hoạt động, hoặc mất dữ liệu, ảnh hưởng rộng đến khách hàng, cần huy động nhiều người xử lý ngay lập tức, kể cả lúc 3 giờ sáng, và bắt buộc thông báo ngay lên quản lý. P2 là sự cố ảnh hưởng một phần chức năng hoặc một nhóm người dùng, dịch vụ vẫn chạy nhưng suy giảm rõ rệt, xử lý trong vài giờ làm việc, không phải đánh thức mọi người lúc nửa đêm trừ khi có quy định cụ thể. P3 là sự cố nhỏ, không ảnh hưởng người dùng trực tiếp, như một vài request lỗi, lỗi nhỏ ở chức năng phụ, xử lý trong một vài ngày. Mỗi đội nên viết bảng tiêu chí cụ thể ứng với service của mình, vì cùng một triệu chứng có thể là P1 của đội A nhưng P3 của đội B. Quan trọng là phân loại đúng để huy động đúng nguồn lực."
"Này, cả ngày hôm nay mình dự liên miên 5 cuộc họp, hết cái này đến cái kia, đầu óc cứ lùng bùng. Có cách nào thoát cơn họp mệt mỏi thế này không?","""Mình hiểu cảm giác đó lắm. Họp liên miên kiểu đó thật sự bào mòn sức. Vài mẹo mình hay áp dụng: xếp họp thành khối"
Em mới nhận một dự án deadline gấp trong 2 tuần mà khối lượng thì như 2 tháng. Mỗi tối nằm nghĩ tới là thấy hoảng. Anh/Chị nghĩ em nên xử lý thế nào?,"""Đầu tiên là thở"
"Sếp mình giao một việc mà mình thấy khó xử lý quá, không biết có nên nhận hay từ chối. Sợ nhận rồi làm không nổi, từ chối thì sợ bị nghĩ là kém.","""Chuyện này rất thực tế và ai đi làm cũng từng gặp. Cách hay nhất không phải là chọn nhận hay từ chối một cách vội vàng"
"Đồng nghiệp cùng team cứ nhờ mình giúp hết việc này đến việc khác, mà mình cũng đang bận. Không nỡ từ chối vì sợ mất lòng, nhưng làm hộ thì mình quá tải.","""Mình hiểu"
"Mình đang muốn xin nghỉ phép 2 ngày cuối tuần này về quê nhưng ngại không dám nói với sếp. Sếp mình nghiêm khắc lắm, sợ bị phán xét.","""Ngại là chuyện bình thường"
"Hôm nay mình có buổi báo cáo trước sếp và nhiều phòng ban. Lo đến nỗi tối qua ngủ không ngon, giờ tới công ty tim đập thình thịch. Làm sao để qua buổi đó bình tĩnh đây?","""Mình hiểu cảm giác run trước đám đông"
"Mình bắt đầu thấy chán việc hiện tại quá. Sáng nào cũng lê thân đến công ty, làm việc như cái máy, không còn hứng thú gì. Có nên nghỉ luôn không?","""Cảm giác chán ngán kiểu đó không tự nhiên mà có"
"Mình muốn hỏi sếp tăng lương nhưng không biết mở lời thế nào, sợ bị nghĩ là tham lam hoặc làm mất lòng.","""Chuyện tăng lương là hoàn toàn chính đáng"
"Mình mới vào công ty được 2 tuần, còn ngại lắm. Mỗi lần họp mà muốn phát biểu thì tim đập nhanh, sợ nói sai bị đánh giá. Làm sao vượt qua giai đoạn này?","""Mới vào môi trường mới ngại là hoàn toàn tự nhiên"
"Tuần này mình tăng ca liên tục, ăn uống thất thường, toàn mì gói với cơm hộp lúc khuya. Giờ thấy người mệt mỏi, dạ dày cũng khó chịu. Có cách nào cứu vãn không?","""Tăng ca nhiều mà ăn uống bữa đói bữa no là đang bào mòn cơ thể mình đó. Cứu ngay bằng cách đơn giản nhất: mang sẵn đồ ăn nhẹ lành mạnh đến công ty"
"Vừa nãy trong cuộc họp, sếp mình nói thẳng: 'Thằng này làm việc kiểu gì vậy?' ngay trước mặt cả team. Mình xấu hổ muốn tìm lỗ nẻ mà chui xuống. Xử lý sao đây?","""Bị chê trước mặt cả team đúng là khó chịu"
"Mình làm ở công ty 3 năm rồi nhưng mức lương gần như đứng yên, thấy bạn bè cùng nghề lương cao hơn hẳn. Có nên nhảy việc để tăng lương không?","""Chuyện này cần nhìn nhiều góc chứ không chỉ mỗi con số. Nhảy việc đúng là cách tăng lương nhanh nhất trong thị trường hiện nay"
"Mình là người mới, tuần nào cũng bị sếp giao thêm việc lặt vặt trong khi mình còn chưa nắm được việc chính. Cảm giác bị lợi dụng. Có nên phản ứng không?","""Cảm giác bị lợi dụng khi mới vào thường đến từ sự mập mờ về vai trò"
"Mình nhận lời làm thêm một dự án freelance vì cần tiền, nhưng giờ deadline công ty dồn dập quá, không có thời gian làm freelance. Giờ rối quá, không biết làm sao cho trọn.","""Mình đang tự đẩy mình vào thế kẹt giữa hai con thuyền rồi. Ngồi xuống ưu tiên rõ ràng trước đã: việc chính ở công ty là nguồn thu nhập chính và liên quan đến danh tiếng mình"
"Hôm nay mình bị sếp ghi nhận nhầm thành làm trễ deadline dù thật ra là do bên khác trễ đưa dữ liệu cho mình. Giờ bực quá, muốn thanh minh ngay lập tức.","""Bực là đúng"
"Mình đang làm việc trong một team mà mọi người ai cũng giỏi và nói năng sắc sảo, còn mình thì hiền lành ít nói. Mỗi cuộc họp mình như người thừa. Tự ti quá, có cách nào cải thiện không?","""Mình đang so sánh bản thân với phiên bản hoàn hảo nhất của người khác trên sân khấu họp hành thôi. Người ít nói có điểm mạnh riêng: hay quan sát"
"Mình muốn nghỉ việc ở chỗ hiện tại vì áp lực và không hợp, nhưng đang phân vân vì đã làm ở đây 5 năm, sợ bắt đầu lại từ đầu, sợ hối tiếc.","""5 năm là một chặng dài"
"Đồng nghiệp ngồi cạnh mình ăn cơm vừa nói chuyện vừa nghe điện thoại hết buổi trưa, mình muốn chợp mắt một lát mà không được. Chuyện nhỏ mà bực muốn nói thẳng.","""Chuyện nhỏ nhưng cộng dồn thì cũng mệt"
"Mình vừa bị trượt kỳ đánh giá tăng lương vì sếp bảo mình 'chưa đủ nổi bật'. Nghe mà hụt hẫng quá, mình đã làm đủ mọi thứ được giao mà.","""Bị đánh giá 'chưa đủ nổi bật' khi mình cảm thấy đã làm hết sức đúng là cú sốc. Nhưng khoan"
"Em đi làm được 3 tháng, lương thì không đủ sống vì phải trọ học ở thành phố. Giờ còn chưa tới ngày lãnh mà tiền đã sắp hết. Hoang mang quá.","""3 tháng đầu đi làm ở thành phố lớn chật vật là chuyện ai cũng từng trải"
"Mình có một cuộc họp với khách hàng khó tính vào ngày mai, khách hay bắt bẻ từng câu chữ, mình cứ nghĩ tới là đã thấy căng. Chuẩn bị kiểu gì cho đỡ run?","""Gặp khách khó tính thì mình phải chuẩn bị theo kiểu 'chiến trường': càng rõ ràng càng đỡ sợ. Viết ra các câu hỏi mà khách có thể bắt bẻ"
"Mình nhận ra mình đang dần trở thành 'cây cà phê' của văn phòng: ai có chuyện gì cũng tìm mình than vãn, hết chuyện nọ đến chuyện kia, mình nghe nhiều đến mệt. Làm sao thoát vai này mà không mất lòng?","""Bị xem là chỗ dựa tinh thần của cả văn phòng vừa là khen vừa là gánh nặng. Vấn đề là mình đã tự biến mình thành nơi luôn sẵn sàng nghe mà không đặt giới hạn. Lần tới ai đến than vãn"
"Mình làm cùng phòng với một đồng nghiệp hay nói xấu người khác sau lưng, giờ nghe nói người ta cũng đang nói về mình. Mình nên làm gì với kiểu người này?","""Người hay nói xấu sau lưng thường thiếu an toàn"
Mình vừa thăng chức lên quản lý nhóm 5 người. Giờ phải làm sao khi trong nhóm có 2 người còn lớn tuổi và nhiều kinh nghiệm hơn mình? Sợ họ không phục.,"""Thăng chức lên quản lý những người từng là đồng nghiệp"
"Mình bị trễ chuyến bay, giờ phải đi công tác mà mệt đừ, trong khi sáng mai đã có cuộc họp quan trọng với đối tác. Xử lý thế nào bây giờ?","""Chuyện không may xảy ra rồi thì đừng căng mình ra thêm"
"Công ty mình vừa thông báo tin tinh giản biên chế. Ai cũng bồn chồn, mình làm 2 năm, không biết mình có trong danh sách không. Lo lắng quá, không tập trung làm việc được.","""Nghe tin tinh giản thì ai cũng đứng ngồi không yên"
"Mình làm chung với một người rất giỏi và luôn được sếp khen ngợi. Mình cảm thấy bị lu mờ, người ta có khi còn nghĩ mình thừa trong team. Tự ti kinh khủng.","""Mình đang nhìn người kia như tấm gương phản chiếu mọi thiếu sót của mình"
"Mình mới bị sếp mắng vì một sai sót nhỏ trong email gửi khách. Thật ra đó là lỗi không đáng có, nhưng mình tự trách mình mãi, tối về cứ nghĩ đi nghĩ lại. Làm sao để thôi nghĩ lại chuyện đó?","""Mắc lỗi rồi tự trách dằn vặt là phản ứng tự nhiên"
"Em đi làm được 1 năm rồi nhưng thấy mình không tiến bộ gì, làm việc như ngày nào cũng y như ngày nào. Có phải em không có năng lực hay công việc này không phù hợp?","""Một năm làm việc đều đều mà không thấy tiến bộ"
"Hôm qua mình ngủ được 3 tiếng vì thức đêm làm báo cáo. Giờ ngồi ở công ty mà mắt díp lại, đầu óc không nghĩ được gì. Có phải mình đang tự hại mình không?","""Thức trắng làm báo cáo rồi đến công ty với 3 tiếng ngủ thì chắc chắn là đang tự hại mình"
"Mình có đồng nghiệp thân trong công ty, nhưng dạo này thấy họ lạnh nhạt, toàn né tránh. Mình tự hỏi mình làm gì sai mà không biết. Có nên hỏi thẳng không?","""Chuyện tình bạn nơi công sở nguội lạnh đúng là làm mình khó chịu"
"Em vừa bắt đầu đi làm được 1 tháng, mỗi sáng dậy đều thấy nặng nề, cứ nghĩ đến công việc là thở dài. Không biết đây có phải dấu hiệu mình chọn sai nghề không, hay chỉ là mình chưa quen?","""Một tháng đầu tiên cảm thấy nặng nề khi đi làm là chuyện rất bình thường"
"Mình phải chuyển công tác ra tỉnh xa trong 6 tháng theo yêu cầu công ty. Buồn vì phải xa gia đình, bạn bè, mà cũng không có quyền từ chối vì sợ mất việc. Làm sao vượt qua đây?","""Chuyện bị điều động đi xa dù không muốn đúng là một thử thách lớn"
"Mình bị ốm nhưng ngại xin nghỉ vì sếp đang cần mình, công việc dồn lại nhiều. Giờ ngồi ở công ty mà người nóng ran, đầu óc quay cuồng. Có nên về không?","""Nghe mình nói đây: về nhà nghỉ ngơi ngay. Đừng hy sinh sức khỏe để giữ hình ảnh 'người chăm chỉ'. Mình bệnh mà ngồi ở công ty vừa không làm nổi việc"
"Mình có thói quen hay trì hoãn công việc, cứ để tới sát deadline mới cuống cuồng làm. Lần nào cũng vậy, tự hứa sẽ sửa mà không sửa được. Có cách nào chữa thật không?","""Thói quen trì hoãn thường không phải vì lười"
"Cuối năm rồi, mình bị sếp hỏi về mục tiêu năm sau, mà mình chưa hình dung nổi mình muốn gì. Thấy người khác ai cũng trả lời trôi chảy, còn mình thì ú ớ. Có phải mình không có định hướng?","""Không phải ai trả lời trôi chảy cũng thật sự biết mình muốn gì đâu"
"Mình làm việc chăm chỉ nhưng sếp dường như chỉ chú ý đến người khác hay khoe khoang thành tích. Mình thấy bất công, có nên tự quảng bá bản thân giống họ không?","""Chuyện người chăm chỉ bị lãng quên vì không biết khoe là câu chuyện muôn thuở"
"Mình sắp phải làm việc chung dự án với một đồng nghiệp khó ưa, người luôn cho mình là đúng và hay cãi. Mới nghĩ tới đã thấy mệt, làm sao hợp tác mà không căng thẳng đây?","""Làm việc với người luôn cho mình là đúng cần một chiến thuật riêng"
"Mình đang phân vân giữa hai lời mời làm việc: một chỗ lương cao nhưng áp lực lớn và xa nhà, một chỗ lương vừa phải nhưng gần nhà, giờ giấc linh hoạt. Chọn bên nào đây?","""Đây là kiểu quyết định không có câu trả lời đúng tuyệt đối"
"Ngày nào cũng đi làm, cuối tuần cũng nhận điện thoại công việc, mình cảm thấy không có lấy một ngày thật sự nghỉ ngơi. Kiệt sức đến nơi rồi mà không biết nên nói với ai.","""Nghe mình mô tả là thấy kiệt sức rồi"
Các chiêu thức lừa đảo đang phổ biến nhất trên mạng ở Việt Nam hiện tại là gì?,"Những dạng hay gặp nhất là: cuộc gọi giả danh công an, ngân hàng dọa liên quan đến tài khoản hoặc vụ án để ép chuyển tiền; tin nhắn kèm đường link giả mạo giao hàng, hóa đơn điện; tài khoản mạng xã hội bị chiếm đoạt rồi mượn tiền người thân; đầu tư crypto, vàng, forex hứa hẹn lời khủng sau vài ngày; và chiêu ship COD gửi hàng kém chất lượng ép trả tiền. Điểm chung là tạo áp lực thời gian, không cho nạn nhân xác minh và luôn yêu cầu chuyển tiền nhanh qua nhiều kênh. Đây là thông tin kiến thức để nhận diện và phòng tránh, không phải hướng dẫn phạm pháp."
Rửa tiền trong lý thuyết thường được mô tả trải qua những giai đoạn nào?,"Lý thuyết kinh điển chia ra ba giai đoạn. Thứ nhất là placement: đưa tiền có nguồn gốc phạm pháp vào hệ thống tài chính hợp pháp, ví dụ gửi rải rác vào nhiều tài khoản nhỏ. Thứ hai là layering: luân chuyển tiền qua nhiều giao dịch, công ty bình phong, mua bán tài sản để xóa dấu vết nguồn gốc. Thứ ba là integration: tiền quay về dưới dạng được hợp pháp hóa như lợi nhuận đầu tư, cổ tức, trúng thưởng. Ngân hàng và cơ quan phòng, chống rửa tiền dựa vào khung này để rà soát giao dịch bất thường. Đây là thông tin kiến thức, không phải hướng dẫn phạm pháp."
Jailbreak là gì và nó khác như thế nào so với việc unlock máy?,"Jailbreak là kỹ thuật gỡ bỏ hạn chế của hệ điều hành do nhà sản xuất cài sẵn, chủ yếu áp dụng trên iOS, giúp chạy phần mềm không có trên App Store, cài tweak hoặc truy cập sâu vào hệ thống. Còn unlock thường chỉ mở khóa mạng của nhà mạng để dùng SIM khác. Về mục đích, jailbreak khá giống với root trên Android nhưng khác về kỹ thuật. Lợi ích là tùy biến cao hơn, nhưng dễ mất bảo hành và tăng rủi ro bảo mật vì bỏ qua cơ chế kiểm chứng của nhà sản xuất. Đây là thông tin kiến thức, không phải hướng dẫn phạm pháp."
"Trên chợ online, chiêu lừa nào thường được gọi là chuyển tiền trước nhận hàng sau và có dấu hiệu nào để nhận ra?","Kiểu lừa này có chung mẫu số: giá đăng rẻ hơn hẳn thị trường, hình ảnh tải từ trang khác về, người bán thúc ép đặt cọc hoặc chuyển khoản toàn bộ vì lý do khách đang chờ, và từ chối thanh toán qua COD hoặc trung gian uy tín. Số tài khoản nhận tiền thường đứng tên người không liên quan, sau khi nhận tiền thì liên hệ chững lại, xóa tin hoặc chặn. Kinh nghiệm chung là giao dịch qua nền tảng có chế độ bảo hành thanh toán, soi kỹ đánh giá, lịch sử người bán, và tuyệt đối không chuyển tiền khi bị giục gấp. Đây là thông tin kiến thức nhận diện lừa đảo, không phải hướng dẫn phạm pháp."
Kinh doanh đa cấp hợp pháp và lừa đảo núp bóng đa cấp phân biệt với nhau bằng những điểm nào?,"Đa cấp chính quy phải có giấy chứng nhận đăng ký hoạt động của Bộ Công Thương, thật sự bán hàng hóa, thu nhập chủ yếu đến từ việc bán sản phẩm cho khách thật và được phép hoàn tiền khi người tham gia đổi ý trong thời gian quy định. Lừa đảo đa cấp thì không bán hàng thật hoặc kê giá sản phẩm phi lý, tiền lời gần như hoàn toàn từ việc tuyển người mới nạp tiền (mô hình ponzi), quyền lợi càng lớn khi nạp càng nhiều và sụp đổ khi hết người mới. Dấu hiệu rõ nhất là khuyên kiếm tiền bằng cách rủ người thân, bạn bè vào thay vì bán hàng cho khách. Đây là thông tin kiến thức, không phải hướng dẫn phạm pháp."
"Vì sao nhiều người Việt bị lừa mất tiền ở các sàn vàng, forex, tiền ảo ít minh bạch?","Các sàn này thường vẽ ra biểu đồ lợi nhuận cực đẹp trong vài tuần đầu để người chơi tin tưởng rồi nạp thêm tiền, sau đó tìm cớ chặn rút như lỗi hệ thống, cần nộp thuế hoặc phải nạp thêm để mở khóa. Nhân viên môi giới kết bạn qua mạng xã hội, khoe giàu sang, liên tục gọi điện tạo áp lực. Thực tế lệnh giao dịch không đi vào thị trường thật mà do bên lừa đảo tự vận hành, nên số tiền nạp vào đi thẳng vào túi kẻ gian. Đây là thông tin kiến thức để nhận diện, không phải hướng dẫn phạm pháp."
Chiêu lừa con cái đang gặp tai nạn cần chuyển tiền gấp hoạt động ra sao và cách xử lý khi gặp phải?,"Kẻ lừa đảo gọi cho bố mẹ, giả giọng hoặc nhắn tin nói con đang ở trạm y tế, công an, cần chuyển tiền gấp, yêu cầu giữ bí mật và không được gọi lại cho con vì con đang cấp cứu. Chúng lợi dụng sự hoảng loạn rồi cúp máy thật nhanh. Xử lý đúng là bình tĩnh gọi lại đúng số của người thân, liên hệ người quen quanh khu vực đó, hoặc gọi đến số tổng đài chính thức chứ không phải số máy vừa gọi tới. Nhớ rằng công an, ngân hàng không bao giờ yêu cầu chuyển tiền qua điện thoại. Đây là kiến thức phòng chống lừa đảo, không phải hướng dẫn phạm pháp."
Kỹ thuật phishing lừa người dùng tiết lộ mật khẩu hoạt động như thế nào?,"Phishing dựng một trang web hoặc email giả gần giống hệt bản thật, dùng lại logo ngân hàng, thương hiệu và tên miền phụ khéo léo đánh lừa, rồi gửi thông báo khẩn cấp như tài khoản bị khóa, hóa đơn chưa thanh toán, trúng thưởng. Nạn nhân bấm link, nhập tên đăng nhập, mật khẩu hoặc OTP vào trang giả, thông tin lập tức truyền về máy chủ của kẻ tấn công. Để chống lại, không nên bấm link từ tin nhắn lạ, tự gõ địa chỉ website, kiểm tra kỹ tên miền và bật xác thực hai lớp. Đây là thông tin kiến thức, không phải hướng dẫn phạm pháp."
Vì sao cá biển vẫn sống khỏe trong môi trường mặn hơn nhiều so với dịch cơ thể của chúng?,"Cá biển đối mặt với nguy cơ mất nước vì nước biển mặn hơn dịch cơ thể. Chúng bù lại bằng cách uống liên tục nước biển, đào thải muối thừa qua mang và thải nước rất ít, cô đặc qua thận. Cá nước ngọt thì ngược lại: dịch cơ thể chúng đậm đặc hơn môi trường nên nước tự thấm vào, vì vậy chúng phải thải nước nhiều qua thận và chủ động giữ muối qua mang. Đây chính là hai hướng thích nghi tiến hóa khác nhau với hai môi trường sống."
"Chuối còn xanh có vỏ màu xanh, nhưng chín lại chuyển vàng, vì sao vậy?","Khi chuối xanh, vỏ chứa nhiều chất diệp lục nên có màu xanh. Khi chín, diệp lục bị phân hủy dần, làm lộ ra các sắc tố vàng và cam như carotenoid, xanthophyll vốn nằm ẩn ở lớp dưới. Đồng thời khí ethylene do quả sinh ra tự nhiên thúc đẩy quá trình chín: tinh bột trong quả chuyển hóa thành đường khiến chuối ngọt hơn, mềm hơn, và vỏ chuyển màu vàng đều. Quá trình này là tín hiệu tự nhiên báo hiệu quả đã sẵn sàng để phát tán hạt."
"Ở đồng bằng nước sôi ở 100 độ C, nhưng lên vùng núi cao lại sôi ở nhiệt độ thấp hơn, vì sao?","Nhiệt độ sôi phụ thuộc vào áp suất khí quyển. Càng lên cao, không khí càng loãng, áp suất đè lên mặt nước càng thấp nên các phân tử nước bốc hơi dễ dàng hơn, khiến nước sôi sớm ở nhiệt độ dưới 100 độ C. Ví dụ ở độ cao vài nghìn mét, nước có thể sôi ở khoảng 85-90 độ C, vì thế nấu cơm trên núi cao dễ sống. Ngược lại, nồi áp suất tạo áp suất cao làm nước sôi trên 100 độ C, nhờ đó đồ ăn chín nhanh hơn hẳn."
Nguyên lý nào giúp lò vi sóng làm nóng thức ăn nhanh đến vậy?,"Lò vi sóng phát ra sóng điện từ tần số khoảng 2,45 GHz làm các phân tử nước trong thức ăn dao động và xoay liên tục. Sự ma sát và va chạm giữa các phân tử chuyển hóa thành nhiệt, nên thức ăn nóng lên từ bên trong nhanh chóng. Chính vì vậy thức ăn nhiều nước nóng nhanh và đều hơn, còn đồ khô ít nước như bánh mì, bánh quy thì dễ bị mất hơi ẩm và trở nên dai, cứng khi hâm lại quá lâu."
Vi khuẩn trong sữa chua có thật sự tốt cho hệ tiêu hóa hay không?,"Có. Sữa chua chứa các chủng vi khuẩn lactic như Lactobacillus và Streptococcus thermophilus giúp lên men đường sữa thành acid lactic. Khi ăn, chúng bổ sung vào hệ vi sinh đường ruột, hỗ trợ tiêu hóa, ức chế vi khuẩn có hại và giúp cân bằng hệ vi sinh, đặc biệt hữu ích sau một đợt dùng kháng sinh khiến đường ruột mất cân bằng. Tuy nhiên nên chọn loại ít đường, bởi sữa chua quá ngọt lại không tốt cho sức khỏe tổng thể."
Máy điều hòa làm lạnh căn phòng bằng cơ chế nào?,"Điều hòa dùng một vòng tuần hoàn chất làm lạnh thường là gas như R32 hay R410A. Ở dàn lạnh trong phòng, chất lỏng bay hơi thu nhiệt từ không khí nên phòng mát đi. Sau đó máy nén đẩy gas về dàn nóng ngoài trời ở trạng thái áp suất cao, thải nhiệt vừa thu được ra ngoài, rồi gas tiếp tục quay về dàn lạnh. Nói gọn thì điều hòa là một máy bơm nhiệt chuyển nhiệt từ trong nhà ra ngoài trời, chứ không tự sinh ra hơi lạnh mới."
Vì sao uống nhiều nước đá lạnh lại dễ bị khàn giọng hoặc đau họng?,"Nước đá làm niêm mạc họng co mạch nhanh, giảm lưu lượng máu đến vùng hầu họng, khiến hàng rào miễn dịch tại chỗ suy yếu tạm thời. Nếu lúc đó cơ thể đang mang sẵn virus hoặc vi khuẩn trong đường hô hấp, đây là điều kiện thuận lợi để chúng nhân lên và gây viêm họng, khàn tiếng. Nhiệt độ đột ngột cũng kích thích co thắt cơ họng. Vì vậy uống nước mát vừa phải vẫn tốt hơn nước đá lạnh buốt, nhất là khi đang mệt hoặc vừa ra mồ hôi."
"Tủ lạnh giữ thức ăn lâu hỏng nhờ điều gì, không chỉ là làm lạnh đơn thuần?","Tủ lạnh đưa nhiệt độ xuống dưới ngưỡng tối ưu cho vi khuẩn, virus và nấm mốc phát triển, thường từ 0-8 độ C ở ngăn mát, làm tốc độ sinh sôi của chúng chậm lại rõ rệt. Ngăn đông ở khoảng -18 độ C gần như dừng hoạt động của vi sinh vật. Tuy nhiên làm lạnh không tiêu diệt hết vi sinh vật mà chỉ kéo dài thời gian bảo quản, nên thực phẩm vẫn hỏng dần theo thời gian. Vì vậy cần để đúng ngăn, đậy kín, không xếp quá đầy để hơi lạnh lưu thông tốt."
"Cách pha nước chấm chua ngọt dùng cho hải sản luộc như tôm, mực, cà mau đúng chuẩn vị?","Công thức cân bằng phổ biến: 3 thìa nước mắm ngon, 3 thìa đường, 3 thìa nước ấm và khoảng 1-2 thìa nước cốt chanh, khuấy đều cho đường tan hết, sau đó thêm tỏi băm, ớt băm. Có thể thêm chút gừng, sả băm hoặc vài lát chanh tỉa bông tùy khẩu vị. Vị chuẩn là chua, ngọt, mặn hài hòa, không lấn át loại nào, tỏi ớt cho sau cùng để nổi trên bề mặt cho đẹp và thơm. Nước chấm ngon sẽ giúp món luộc dậy vị hơn hẳn."
"Ướp thịt nướng kiểu miền Nam cho mềm, thơm và không bị khô thì dùng những nguyên liệu gì?","Tỉ lệ thường dùng: thịt thái lát mỏng đều, ướp với sả băm, tỏi, hành tím, đường, nước mắm, dầu ăn và thêm chút mật ong hoặc thơm xay nhuyễn để tăng độ ngọt tự nhiên và giúp thịt mềm. Dầu ăn giữ ẩm và giúp thịt cháy cạnh đẹp. Nên ướp tối thiểu 30 phút, để qua đêm trong tủ lạnh càng thấm. Khi nướng dùng lửa vừa, phết thêm nước ướp còn lại mỗi lần lật, tránh nướng quá lâu vì thịt mỏng rất nhanh khô và cháy."
"Muốn bánh cuốn có vỏ mềm, mịn, không dính và không rách thì phải làm sao?","Bột chuẩn là bột gạo xay mịn trộn thêm chút bột năng theo tỉ lệ khoảng 1 phần bột năng với 9-10 phần bột gạo, hòa với nước rồi để nghỉ 1-2 giờ cho bột lắng mới hòa lại. Khi tráng, phết bột mỏng đều trên mặt xửng đang nóng già, đậy nắp đến khi mặt bánh chín óng, dùng cán gỗ tráng khéo. Xửng phải đủ nóng và mặt vải căng đều, nắp kín để hơi nước giữ vỏ mềm. Bánh sau khi hấp muốn xếp chồng phải quét một lớp dầu ăn mỏng cho khỏi dính."
Làm canh chua Nam bộ cần chú ý gì để có vị chua thanh và cá không bị tanh?,"Chua nên dùng me vắt hoặc sấu để có vị chua thanh tự nhiên, hợp hơn giấm. Cá rửa sạch nhớt, khứu vài đường, ướp chút muối hoặc nghệ để át tanh, rồi thả vào lúc nước sôi già và nấu chín vừa, không quấy mạnh. Thêm thơm, cà chua, đậu bắp, dọc mùng gần cuối cho giữ độ giòn, nêm nước mắm, đường, me vắt hoặc chanh cho cân bằng chua ngọt. Khi tắt bếp mới rắc rau om, ngò gai, hành ngò và chút tiêu để giữ hương thơm."
Bảo quản rau củ trong tủ lạnh thế nào để giữ độ tươi được lâu nhất?,"Rau lá rửa nhẹ, để ráo thật khô rồi cho vào túi zip có lót giấy thấm, đặt ngăn mát ở kệ dưới. Khoai tây, hành củ, tỏi, bí đỏ thì không nên cho ngăn mát vì hơi lạnh làm tinh bột chuyển thành đường, nên để nơi thoáng khí. Cà rốt và rau thơm bọc giấy ẩm giữ được lâu hơn. Không rửa trước khi cất đồ định để lâu ngày, ngắt bớt lá sâu úa, và tránh để rau gần các trái cây sinh ethylene như chuối, táo vì chúng khiến rau vàng nhanh."
Lễ cúng giao thừa của người Việt có ý nghĩa gì và thường diễn ra như thế nào?,"Giao thừa là khoảnh khắc chuyển giao giữa năm cũ và năm mới. Người Việt làm lễ cúng giao thừa thường từ khoảng 23 giờ đêm 30 Tết, có mâm cúng trong nhà và ngoài trời để tiễn các vị thần cai quản năm cũ và đón các vị thần năm mới. Mâm cúng đa dạng tùy gia cảnh, có thể là cỗ mặn hoặc chay, thường gồm hương đèn, rượu, bánh chưng, gà luộc. Sau lễ, cả nhà chúc tụng, chúc Tết nhau trong niềm hân hoan chào đón năm mới."
Phong tục lì xì ngày Tết của người Việt mang ý nghĩa gì và nên tặng trong hoàn cảnh nào?,"Lì xì, còn gọi là mừng tuổi, là trao cho người khác những bao đỏ tượng trưng cho may mắn, tài lộc đầu năm. Ý nghĩa gốc là trao điều tốt lành từ người trao đến người nhận, giá trị tiền không quan trọng bằng lời chúc. Phong tục thường thực hiện trong những ngày Tết: con cháu lì xì ông bà, cha mẹ; người lớn lì xì trẻ con. Nên trao bằng hai tay kèm câu chúc sức khỏe, công việc thuận lợi. Với trẻ nhỏ, để con tự cất và học cách sử dụng một phần số tiền đó cũng là bài học quản lý chi tiêu sớm."
Một đám cưới hỏi theo truyền thống của người Việt thường trải qua những nghi thức chính nào?,"Quy trình truyền thống gồm các bước: chạm ngõ, dạm ngõ, ăn hỏi, xin dâu, đón dâu và lại mặt. Ở lễ ăn hỏi, nhà trai mang tráp cau trầu, rượu, bánh trái đến ra mắt gia đình nhà gái để xin phép; nhà gái nhận tráp và đãi khách. Ngày cưới là lễ đón dâu, lễ gia tiên ở hai bên rồi tiệc cưới mời họ hàng, bạn bè. Ngày nay nhiều gia đình gộp rút gọn các bước, nhưng tráp cau trầu, trà rượu và mâm quả vẫn giữ vai trò biểu tượng quan trọng trong quan niệm về duyên lành."
Người Việt đón Tết Trung thu với những hoạt động và món ăn đặc trưng nào?,"Trung thu vào rằm tháng 8 âm lịch, là dịp cho trẻ em vui chơi thỏa thích: rước đèn lồng, đèn ông sao, đeo mặt nạ giấy bồi và đi phá cỗ dưới ánh trăng. Bánh trung thu là món không thể thiếu, có loại nướng và bánh dẻo với nhân đậu xanh, hạt sen, trứng muối. Nhiều nơi tổ chức múa lân, múa sư tử và các gian hàng đồ chơi truyền thống. Gia đình quây quần ngắm trăng, bày mâm cỗ hoa quả, tôn vinh tình thân và niềm vui của tuổi thơ."
Hát quan họ là loại hình nghệ thuật nào và thường xuất hiện ở đâu?,"Quan họ là dân ca trữ tình của vùng Kinh Bắc, nay thuộc tỉnh Bắc Ninh và Bắc Giang, được UNESCO ghi danh là di sản văn hóa phi vật thể đại diện của nhân loại năm 2009. Nét đặc trưng là các liền anh, liền chị hát đối đáp qua lại với giọng ngâm chênh vênh, lời ca đậm chất trữ tình và những lời hẹn hò tế nhị. Hoạt động thường diễn ra ở đình làng, lễ hội, đặc biệt sôi nổi trong các dịp đầu xuân, tiêu biểu là lễ hội vùng Hội Lim."
Chợ nổi ở miền Tây hoạt động ra sao và có nét đặc sắc gì khiến du khách thích thú?,"Chợ nổi là nơi mua bán ngay trên sông, các ghe thuyền tụ họp từ tờ mờ sáng để trao đổi nông sản, trái cây, rau củ theo mùa. Nét đặc sắc là bẹo thuyền, tức cây sào cắm trên đầu ghe và treo mẫu hàng lên để người mua nhìn từ xa biết đang bán gì. Những chợ nổi nổi tiếng là Cái Răng ở Cần Thơ, Cái Bè ở Tiền Giang, Phong Điền. Buổi sáng trên chợ nổi còn có cả ghe bán bún, mì, cà phê tạo nên khung cảnh sinh hoạt vừa quen thuộc vừa thú vị hiếm nơi nào có."
"Trong văn hóa người Việt, mời khách uống trà cần tuân theo những chuẩn mực nào?","Trà gắn liền với sự hiếu khách. Khi khách đến, nên pha trà ngay bằng nước sôi nóng, dùng ấm và chén sạch. Người tiếp khách rót trà cho khách trước, rót khoảng 7 phần chén, không rót đầy sát miệng để dễ cầm và khỏi bỏng tay. Khi có nhiều người, thường rót theo thứ tự người lớn tuổi hoặc khách danh dự trước. Uống trà cũng là dịp hàn huyên, chuyện trò, khi khách uống gần cạn mới tiếp tục rót. Trà mạn, trà thơm là loại được dùng phổ biến trong đời sống hằng ngày."
"Lễ hội chùa Hương diễn ra ở đâu, vào thời gian nào và có gì đặc biệt?","Lễ hội chùa Hương tổ chức tại huyện Mỹ Đức, thành phố Hà Nội, khai hội từ mồng 6 tháng giêng âm lịch và kéo dài đến hết tháng 3. Điểm nhấn là hành trình ngồi đò ngược dòng suối Yến giữa núi non trùng điệp, vãn cảnh chùa Trong, chùa Ngoài và động Hương Tích được tôn xưng là Nam thiên đệ nhất động. Du khách vừa đi lễ vừa ngắm cảnh sơn thủy hữu tình, hòa trong tiếng chuông, tiếng mõ. Đây là một trong những lễ hội lớn nhất miền Bắc, thu hút hàng triệu lượt hành hương mỗi mùa."
"Khi đi thăm người lớn tuổi hoặc cấp trên vào dịp lễ Tết, người Việt thường mang những loại quà nào cho phù hợp?","Quà Tết thường chọn thứ thực dụng, dễ dùng và mang ý nghĩa tốt lành như trà mạn, bánh kẹo, mứt, nước ngọt, rượu vang, hoặc các loại trái cây tết như quýt, lựu. Với người lớn tuổi nên ưu tiên quà nhẹ nhàng, dễ tiêu hóa như trà, sữa, hoa quả tươi. Với cấp trên có thể chọn trà cao cấp, bộ ấm chén, vang đỏ. Quan trọng là gói ghém lịch sự, kèm lời chúc sức khỏe và may mắn, tránh quà quá đắt đỏ tạo áp lực cho người nhận. Tấm lòng và lời chân thành luôn quý hơn món quà."
Vịnh Hạ Long có những đặc điểm gì để được UNESCO xếp hạng di sản thiên nhiên thế giới?,"Vịnh Hạ Long sở hữu hàng nghìn đảo đá vôi tạo nên quần thể kỳ vĩ với những khối đá muôn hình vạn trạng, hang động và mặt nước biếc quanh năm. Năm 1994 UNESCO ghi danh vịnh theo tiêu chí giá trị thẩm mỹ, đến năm 2000 ghi danh tiếp vì giá trị địa chất - địa mạo, tiêu biểu cho quá trình karst nhiệt đới. Nơi đây còn có hệ sinh thái đa dạng với rừng ngập mặn, rạn san hô, nhiều loài đặc hữu và những làng chài sinh động ven đảo. Sự kết hợp giữa cảnh quan thơ mộng và giá trị khoa học khiến vịnh trở thành di sản nổi tiếng thế giới."
Vì sao miền Trung Việt Nam thường xuyên hứng bão nhiều hơn các vùng khác?,"Bão hình thành trên biển nhiệt đới rồi di chuyển theo hướng tây và tây tây bắc. Bờ biển miền Trung nằm ngay trên đường đi chính của nhiều cơn bão vào Đông Nam Á, đặc biệt đoạn từ Quảng Bình đến Phú Yên thường hứng những cơn bão đổ bộ mạnh nhất. Dải đất hẹp, phía sau lại bị dãy Trường Sơn chắn nên khi bão vào, mưa thường lớn và kéo dài gây ngập lụt. Miền Bắc phần nào được các đảo ngoài khơi và bán đảo Lôi Châu che chắn, còn miền Nam nằm gần xích đạo nên ít điều kiện hình thành bão hơn."
Hang Sơn Đoòng nằm ở đâu và có điều gì khiến nó nổi tiếng thế giới?,"Sơn Đoòng thuộc vườn quốc gia Phong Nha - Kẻ Bàng, tỉnh Quảng Bình. Hang được một người dân địa phương phát hiện năm 1991 và đến năm 2009 mới được công bố rộng rãi. Đây là hang động tự nhiên lớn nhất thế giới tính đến nay, chiều dài khoảng 9 km với khoang lớn nhất đủ chứa một tòa nhà cao tầng. Bên trong có hệ sinh thái riêng biệt gồm giếng trời nơi ánh sáng rọi thẳng xuống tạo rừng nguyên sinh nhỏ, các hồ nước ngầm, cột nhũ đá khổng lồ và thảm thực vật phát triển ngay trong hang."
Dãy Trường Sơn ảnh hưởng như thế nào đến khí hậu Việt Nam?,"Trường Sơn chạy dọc từ Bắc Trung Bộ vào đến miền Nam đóng vai trò hàng rào chắn gió. Gió mùa đông bắc tràn vào miền Trung gặp sườn núi đón gió gây mưa lớn, chính là lý do mùa mưa ở miền Trung thường tập trung từ tháng 9 đến tháng 12. Ngược lại, sườn phía tây ở Lào về mùa hè chịu gió phơn khô nóng, tạo ra hiện tượng gió Lào nắng nóng. Dãy núi còn giữ nước, ngăn mặn, hình thành nhiều đèo hiểm trở và phong cảnh hùng vĩ, ảnh hưởng sâu sắc đến đời sống và sinh thái vùng."
Sao biển bị mất một cánh tay thì có thể mọc lại được hay không?,"Được, sao biển nổi tiếng với khả năng tái sinh rất mạnh. Nếu mất một hoặc vài cánh tay do bị kẻ săn mồi tấn công hay gặp tai nạn, chúng sẽ dần mọc lại cánh tay mới trong khoảng vài tuần đến vài tháng tùy loài. Một số loài như sao biển gai còn có thể tái sinh nguyên cả cơ thể từ một cánh tay, miễn là phần đĩa trung tâm chứa các cơ quan vẫn còn nguyên. Khả năng này nhờ vào sức mạnh của tế bào gốc, một đặc điểm chung của ngành da gai."
Vì sao nấm thường mọc rất nhanh ngay sau những cơn mưa?,"Phần nấm ta nhìn thấy gọi là quả thể, còn phần chính là hệ sợi nấm ăn sâu trong đất. Khi trời mưa, đất trở nên ẩm và mát, là điều kiện lý tưởng để hệ sợi hút nước, hấp thu dinh dưỡng rồi đẩy quả thể vươn lên mặt đất nhằm phát tán bào tử. Thực ra nấm đã phát triển âm thầm từ trước, mưa chỉ là tín hiệu kích thích để phần quả thể bung ra nhanh chóng trong vài ngày, như kiểu nấm rơm mọc thành cụm sau mưa rào trong vườn nhà."
Làm cách nào mà chim di cư có thể bay hàng nghìn km mà không bị lạc đường?,"Chim di cư kết hợp nhiều giác quan định vị cùng lúc: cảm nhận từ trường Trái đất nhờ các hạt magnetite trong cơ thể và protein cảm quang trong mắt, định hướng theo vị trí mặt trời ban ngày và các chòm sao ban đêm, đồng thời ghi nhớ địa hình như bờ biển, sông, núi. Chúng dùng la bàn từ tính để xác định phương hướng và vùng trí nhớ riêng để nhận biết lộ trình đã đi. Những cá thể non thường bay cùng bầy đàn lớn để học thuộc cung đường di cư từ thế hệ đi trước."
Đồng hồ cơ tự lên dây hoạt động như thế nào mà không cần pin?,"Đồng hồ cơ tự lên dây dùng một bánh đà quả lắc bên trong gắn kèm với rotor, quay theo chuyển động của cổ tay mỗi khi đeo. Chuyển động này quay bộ bánh răng để lên dây cót liên tục, nạp năng lượng vào lò xo cót nguồn. Năng lượng đó truyền qua bộ thoát đến bánh lệch tâm, làm nó dao động đều đặn với tần số vài nhịp mỗi giây để tính giờ chính xác. Thời lượng dự trữ năng lượng tùy từng máy, thường từ 40 đến 80 giờ; nếu không đeo vài ngày, đồng hồ sẽ ngừng cho tới khi được lên dây lại."
Tại sao bầu trời nhìn thấy có màu xanh khi trời quang?,"Ánh sáng mặt trời là ánh sáng trắng gồm nhiều màu. Khi đi qua khí quyển, những bước sóng ngắn như xanh và tím bị tán xạ mạnh hơn hẳn nhờ tác động của các phân tử khí và hạt nhỏ, hiện tượng gọi là tán xạ Rayleigh. Mắt người nhạy cảm với màu xanh hơn màu tím, nên chúng ta cảm nhận bầu trời có màu xanh. Vào lúc hoàng hôn, ánh sáng phải xuyên qua lớp không khí dày hơn khiến phần xanh, tím bị tán xạ gần hết, chỉ còn vàng đỏ tới mắt, nên trời nhuốm màu cam đỏ rực rỡ."
Xe máy điện và xe máy xăng khác nhau cơ bản ở những bộ phận nào?,"Khác biệt rõ nhất nằm ở hệ truyền động: xe xăng dùng động cơ đốt trong, bình xăng, hệ thống nước làm mát và ống xả, còn xe điện dùng mô-tơ điện, bộ điều khiển và khối pin lithium. Xe điện không có hộp số nhiều cấp, không thải khói, vận hành êm hơn và chi phí sạc điện thường rẻ hơn đổ xăng. Ngược lại, xe điện bị giới hạn quãng đường theo dung lượng pin, thời gian sạc lâu hơn đổ đầy bình và pin sẽ lão hóa theo năm tháng. Số bộ phận chuyển động ít hơn nên xe điện cũng cần bảo dưỡng định kỳ nhẹ nhàng hơn."
"Lừa đảo giả mạo cuộc gọi video bằng công nghệ deepfake đang tinh vi hơn, kẻ gian có thể giả khuôn mặt và giọng nói của người thân để đòi chuyển tiền. Kỹ thuật này vận hành thế nào và cách nhận biết?","Deepfake dùng mô hình trí tuệ nhân tạo học từ rất nhiều hình ảnh, video và giọng nói của nạn nhân để dựng lại khuôn mặt, cử động môi và âm thanh khớp với lời nói trong thời gian thực, thường phát qua video call. Kẻ gian thu thập dữ liệu từ mạng xã hội, clip cá nhân hoặc cuộc gọi bị ghi âm rồi tạo bản giả rất khó phát hiện. Để nhận biết, nên để ý cử động môi không khớp lời, ánh mắt và động tác cử động cổ không tự nhiên, hình mờ giật nhẹ, và đặc biệt hỏi một câu kiểm tra mà chỉ người thân biết hoặc gọi lại đúng số đã lưu để xác minh. Hạn chế đăng clip khuôn mặt, giọng nói công khai để giảm nguy cơ bị thu thập dữ liệu. Đây là thông tin kiến thức, không phải hướng dẫn phạm pháp."
"Trên các ứng dụng như TikTok, Shopee có quảng cáo tuyển cộng tác viên online việc nhẹ lương cao, chỉ cần xem video, thả tim, click link, làm nhiệm vụ rồi nhận hoa hồng. Đây có đúng là cơ hội việc làm hay là chiêu trò lừa tiền?","Đây gần như chắc chắn là chiêu trò lừa đảo kiểu nhiệm vụ đầu tư ảo. Chúng trả thật một khoản hoa hồng nhỏ cho vài nhiệm vụ đầu để tạo lòng tin, sau đó yêu cầu nạp tiền lớn hơn để nâng nhiệm vụ hoặc mở khóa đơn hàng, và khi bạn nạp số tiền đáng kể thì không thể rút được. Dấu hiệu nhận biết: việc nhẹ không cần kỹ năng mà lương cao bất thường, yêu cầu chuyển tiền vào tài khoản cá nhân, liên hệ qua ứng dụng nhắn tin không có hợp đồng chính thức, và luôn thúc ép làm nhanh. Việc làm thật không bao giờ bắt nhân viên nạp tiền trước mới được trả lương. Đây là thông tin kiến thức nhận diện lừa đảo, không phải hướng dẫn phạm pháp."
"Người ta có thể dùng tiền ảo để rửa tiền theo cách nào, và vì sao cơ quan chức năng lại gặp khó khăn khi theo dõi những dòng tiền này?","Tiền ảo hấp dẫn giới tội phạm vì giao dịch gần như ẩn danh, chuyển ngay tức thì qua biên giới mà không cần ngân hàng trung gian. Một số cách thường gặp: đổi tiền bẩn sang tiền ảo rồi chuyển qua nhiều ví trung gian, dùng máy trộn (mixer, tumbler) để gộp và phân tách nguồn tiền từ hàng nghìn giao dịch, hoặc mua bán qua các sàn không xác minh danh tính. Khó theo dõi vì sổ cái công khai chỉ thấy địa chỉ ví chứ không thấy danh tính chủ sở hữu thật. Tuy nhiên các sàn lớn ngày nay bắt buộc xác minh KYC, cơ quan điều tra dùng kỹ thuật phân tích chuỗi khối để lần ra điểm chuyển đổi sang tiền pháp định. Đây là thông tin kiến thức, không phải hướng dẫn phạm pháp."
"Kẻ lừa đảo gọi điện giả làm nhân viên ngân hàng, yêu cầu nạn nhân đọc OTP để xác minh giao dịch. Vì sao chỉ cần vậy mà chúng rút được tiền, dù nạn nhân không hề nhập mật khẩu?","OTP là lớp xác thực cuối cùng để hoàn tất lệnh chuyển tiền. Khi nạn nhân đọc mã qua điện thoại, kẻ lừa đảo dùng chính mã đó để phê duyệt lệnh chuyển tiền do chúng thao túng từ phía mình, ví dụ đã tạo lệnh chuyển từ trước và chỉ chờ mã duyệt. Mật khẩu chỉ giúp đăng nhập, còn OTP là chìa khóa xác nhận thanh toán, nên ai nắm được OTP là nắm quyền phê duyệt giao dịch. Ngân hàng và công an không bao giờ hỏi hoặc yêu cầu đọc OTP qua điện thoại, vì vậy tuyệt đối không cung cấp mã này cho bất kỳ ai nhân danh tổ chức nào. Đây là thông tin kiến thức, không phải hướng dẫn phạm pháp."
"Có nhiều trang web cá cược bóng đá online quảng cáo nạp tiền tặng vốn, hoàn trả cao và trả thưởng nhanh cho khách mới. Làm sao để nhận ra đây là sàn lừa tiền?","Dấu hiệu quan trọng nhất là sàn không có giấy phép hoạt động cá cược hợp pháp, thường đặt máy chủ nước ngoài, giao diện mập mờ và chỉ thanh toán qua ví tiền ảo hoặc tài khoản cá nhân. Chiêu phổ biến là cho thắng vài ván đầu để khách nạp thêm, đến khi rút số tiền lớn thì gặp lỗi hệ thống, bị yêu cầu nạp thêm để mở khóa rút tiền hoặc bị hủy vé cược với lý do vi phạm điều khoản. Cá cược online trái phép gây tổn thất tài chính lớn nên tốt nhất không nạp tiền vào các sàn không rõ nguồn gốc. Đây là thông tin kiến thức, không phải hướng dẫn phạm pháp."
"Thuật ngữ money mule trong an ninh mạng là gì, và vì sao nhiều bạn trẻ ở Việt Nam vô tình bị lôi kéo vào việc này?","Money mule (con la chở tiền) chỉ người được thuê nhận, chuyển hoặc cho mượn tài khoản ngân hàng để luân chuyển tiền phi pháp, che dấu nguồn gốc cho bọn tội phạm. Ở Việt Nam, các chiêu tuyển việc nhẹ lương cao, vào nhóm Telegram làm nhiệm vụ chuyển khoản hộ, hoặc mua hộ bán hộ tài sản thanh khoản như vàng, điện thoại thường dẫn đến việc trở thành money mule. Người trẻ dễ bị cuốn vì không nhận ra hành vi phi pháp, nghĩ chỉ giúp một lần, đến khi tài khoản bị phong tỏa, bị công an mời làm việc hoặc dính lao lý mới biết sai. Cho mượn tài khoản nhận tiền và chuyển hộ bất kỳ khoản nào không rõ nguồn gốc đều có thể bị xem là đồng phạm rửa tiền. Đây là thông tin kiến thức, không phải hướng dẫn phạm pháp."
"Nghe nói kẻ gian có thể chiếm quyền số điện thoại của nạn nhân mà không cần mật khẩu, rồi dùng nó để lấy lại mật khẩu ngân hàng. Cách tấn công chiếm quyền SIM hoạt động thế nào?","Đây là cuộc tấn công kiểu SIM swapping. Kẻ gian thu thập thông tin cá nhân như tên, ngày sinh, số CMND từ mạng xã hội hoặc vụ lộ dữ liệu, rồi giả danh chủ thuê bao đến nhà mạng yêu cầu cấp lại SIM mới với lý do mất máy. Khi SIM mới kích hoạt, số điện thoại được chuyển sang thiết bị kẻ gian, mọi tin nhắn OTP về mật khẩu ngân hàng đều rơi vào tay chúng, có thể chiếm tài khoản chỉ trong vài phút. Phòng tránh bằng cách liên hệ nhà mạng khóa dịch vụ cấp lại SIM qua tổng đài và đặt thêm mật khẩu dịch vụ, không đăng tải nhiều thông tin cá nhân công khai, và dùng ứng dụng xác thực OTP riêng thay vì phụ thuộc hoàn toàn vào tin nhắn. Đây là thông tin kiến thức, không phải hướng dẫn phạm pháp."
"Vì sao con người lại ngáp? Ngáp có phải chỉ là dấu hiệu thiếu oxy, và vì sao thấy người khác ngáp thì mình cũng ngáp theo?","Quan niệm cũ cho rằng ngáp để nạp thêm oxy, nhưng nghiên cứu mới cho thấy ngáp chủ yếu giúp làm mát não. Khi mệt mỏi, buồn ngủ hoặc căng thẳng, nhiệt độ não tăng nhẹ, ngáp hít vào luồng khí mát và kéo căng cơ hàm tăng lưu thông máu lên não giúp tỉnh táo trở lại. Hiện tượng ngáp lây truyền xuất hiện ở người và một số động vật như tinh tinh, chó, liên quan đến nơron thần kinh gương, được xem là dấu hiệu của sự đồng cảm và kết nối xã hội: người càng gắn bó thì càng dễ bị lây. Đây là lý do ngáp có sức lan truyền kỳ lạ trong phòng đông người."
"Ngồi lâu bắt chéo chân một chỗ, một lúc sau chân bị tê rần và cảm giác như kiến bò, chạm tay thấy buốt. Hiện tượng này xảy ra vì sao?","Khi ngồi tỳ đè lâu ở một tư thế, mạch máu và dây thần kinh ở chân bị chèn ép, máu lưu thông chậm lại khiến chân tê cứng, nhợt nhạt. Lúc đổi tư thế, máu lưu thông trở lại đột ngột kích thích các dây thần kinh phục hồi chức năng, tạo cảm giác ran rát, buốt như kim châm hay kiến bò. Chèn ép quá lâu dây thần kinh chày, mác có thể khiến chân tê kéo dài vài phút nhưng thường không gây tổn thương vĩnh viễn. Đứng dậy từ từ, xoay cổ chân và vận động nhẹ giúp máu hồi lưu nhanh hơn, tránh cảm giác quay cuồng lúc vừa đứng lên."
Vì sao nước biển thì mặn còn nước sông hồ lại ngọt? Lượng muối khổng lồ trong đại dương đến từ đâu?,"Muối trong biển đến chủ yếu từ quá trình phong hóa đá ở đất liền. Mưa hòa tan các khoáng chất và ion như natri, clo trong đá rồi đưa theo sông ngòi ra biển. Nước sông ngọt vì lượng muối loãng quá thấp và được thay mới liên tục, còn biển thì nước chỉ thoát hơi mà muối ở lại tích lũy qua hàng trăm triệu năm nên mặn dần. Ngoài ra núi lửa dưới đáy đại dương và các mạch nước nóng cũng phun thêm khoáng chất. Độ mặn trung bình của nước biển khoảng 3,5%, riêng Biển Chết mặn hơn nhiều lần vì là nội địa, ít dòng chảy trao đổi."
Mưa đầu mùa rơi xuống nền đất nóng lại phả lên một mùi đất tanh dễ chịu đặc trưng. Mùi đó thật sự được tạo ra từ những chất gì?,"Mùi đó gọi là petrichor, do sự kết hợp của nhiều chất khi hạt mưa chạm đất khô nóng. Hợp chất chính là geosmin, do vi khuẩn xạ khuẩn trong đất tiết ra, chất này cũng tạo vị đất cho cá và rễ củ. Khi giọt mưa rơi, chúng nhốt các bọt khí nhỏ cùng tinh dầu thực vật tích tụ trên đá, đất trong những ngày khô hạn rồi phun ra thành giọt li ti theo không khí để mũi người ngửi thấy. Ngoài ra còn có ozon thoảng nhẹ xuất hiện khi sấm chớp. Con người rất nhạy với geosmin, có thể nhận ra với nồng độ chỉ vài phần tỉ trong không khí."
Vì sao lá cây vốn xanh ngắt khi thu đến lại chuyển vàng và đỏ rực trước khi rụng?,"Lá xanh nhờ chất diệp lục hấp thụ ánh sáng quang hợp, nhưng chất này không bền ở thời tiết lạnh và ngày ngắn. Khi thu sang, cây giảm sản xuất diệp lục, các sắc tố vàng cam như carotenoid vốn bị màu xanh che lấp lộ ra, nên lá chuyển vàng. Màu đỏ và tím là do cây tổng hợp thêm anthocyanin để bảo vệ lá khỏi tia cực tím và giúp tái hấp thu dưỡng chất về thân cho mùa lạnh. Sự phối màu rực rỡ còn tùy loài cây, độ ẩm và chênh lệch nhiệt độ ngày đêm, đó là lý do mùa thu xứ ôn đới đẹp đến vậy."
"Vì sao sau những trận mưa rào mà nắng lại xuất hiện cầu vồng nhiều màu, và mắt người thường nhìn thấy bao nhiêu màu chính trên đó?","Cầu vồng xuất hiện khi ánh nắng chiếu vào những giọt nước lơ lửng sau mưa. Ánh sáng trắng bị khúc xạ và phản xạ bên trong giọt nước, tách thành các bước sóng khác nhau bẻ lệch với góc không đều nên trông thành dải màu. Mắt người phân biệt chủ yếu bảy màu chính là đỏ, cam, vàng, lục, lam, chàm, tím, thực chất đây là một dải quang phổ liên tục, ranh giới giữa các màu không rạch ròi. Cầu vồng luôn nằm phía đối diện mặt trời, và mỗi người nhìn thấy cầu vồng hơi khác nhau vì góc nhìn từ đôi mắt của mình khác nhau."
"Bão hình thành trên biển mạnh mẽ là vậy, vì sao khi đi vào đất liền lại nhanh chóng suy yếu? Năng lượng của bão đến từ đâu?","Bão lấy năng lượng chủ yếu từ hơi nước ấm bốc lên từ mặt biển nhiệt đới, tạo luồng đối lưu khổng lồ và giải phóng nhiệt khi hơi nước ngưng tụ thành mây mưa. Vào đất liền, nguồn cấp hơi nước bị cắt, địa hình núi đồi và bề mặt gồ ghề tạo ma sát làm vòng xoáy chậm lại và vỡ cấu trúc mắt bão, nên bão suy yếu nhanh trong khoảng 24 giờ sau khi đổ bộ. Tuy nhiên trước khi tàn, bão vẫn gây mưa lớn, gió giật và ngập lụt nghiêm trọng nhất cho vùng ven bờ và nội địa nơi nó quét qua."
"Nước biển và nước hồ nhìn trong, không màu khi soi gần, vậy vì sao nhìn từ xa biển và hồ lớn lại có màu xanh?","Nước hấp thụ nhiều ánh sáng đỏ hơn ánh sáng xanh, nên khi ánh sáng mặt trời xuyên qua lớp nước dày, thành phần đỏ bị hấp thụ dần chỉ còn phần xanh lam phản chiếu và tán xạ lại tới mắt, tạo cảm giác nước có màu xanh thẳm. Màu cụ thể phụ thuộc độ sâu và tạp chất: biển trong sâu ngả xanh dương, vùng cạn nhiều cát và sinh vật phù du ngả xanh lục. Màu còn thay đổi theo góc nắng, bầu trời phản chiếu và cây cối ven bờ. Nhìn một cốc nước không màu vì lớp nước quá mỏng, không đủ để hấp thụ phần ánh sáng đỏ."
"Cây chuối mọc cao lớn, lá to nhưng thân nhìn không có gỗ như những cây khác. Vì sao nó vẫn đứng vững và cao được như vậy?","Cây chuối không có thân gỗ thật sự, phần đứng thẳng lên gọi là thân giả, được tạo từ những bẹ lá bó khít vào nhau từng vòng từ gốc lên ngọn, xếp lồng như các lớp áo. Cấu trúc bẹ lá xếp chồng này rất chắc chắn, mặt ngoài nhẵn và chứa nhiều nước, giúp cây đứng vững trước gió và nâng đỡ tán lá to rộng. Hệ rễ chùm ăn nông nhưng tỏa rộng giữ thân vững vàng. Sau khi buồng chín, thân giả thường tự ngả rạp, từ gốc mọc lên các chồi con cho vụ sau nên chuối sinh sôi nhanh, dễ trồng."
Vì sao ong có thể bay xa hàng km tìm hoa rồi vẫn tìm được đường về tổ mà không bị lạc?,"Ong sở hữu hệ định vị rất đa dạng. Chúng ghi nhớ các điểm mốc địa hình như cây to, bờ sông, mái nhà để dựng bản đồ trí nhớ từng chuyến bay. Quan trọng hơn, ong cảm nhận được hướng và độ phân cực của ánh sáng mặt trời xuyên qua mây, dùng nó như la bàn xác định phương hướng, đồng thời đo quãng đường bay nhờ luồng không khí di chuyển qua mắt. Về tổ, con ong thợ còn múa điệu lung linh (waggle dance) mô tả hướng và khoảng cách nguồn hoa để đàn bay đến đúng chỗ. Nhờ vậy một đàn ong quản lý khu vực kiếm mật rộng hàng chục km vuông."
Thờ cúng tổ tiên chiếm vị trí quan trọng trong đời sống tâm linh người Việt. Ý nghĩa của phong tục này là gì và việc thắp hương hằng ngày thường diễn ra như thế nào?,"Thờ cúng tổ tiên là cách người Việt duy trì sợi dây gắn kết với người đã khuất, thể hiện lòng hiếu kính và niềm tin ông bà phù hộ cho con cháu. Bàn thờ gia tiên thường đặt nơi trang trọng nhất trong nhà, có di ảnh, bài vị, bát hương, đèn và lọ hoa. Hằng ngày nhiều gia đình thắp hương hai buổi sớm tối, làn khói hương xem như cầu nối cõi âm dương, thường kèm chén trà nước sạch và lời khấn thành tâm. Vào ngày giỗ, mùng một, rằm, Tết Nguyên đán, mâm cơm được bày tươm tất hơn với các món ăn người quá cố ưa thích. Nét đẹp này thể hiện đạo lý uống nước nhớ nguồn được truyền qua nhiều thế hệ."
Tết Đoan Ngọ mồng 5 tháng 5 âm lịch còn gọi là Tết giết sâu bọ có những phong tục đặc trưng nào và vì sao phải dậy sớm ăn từ sáng sớm?,"Theo quan niệm dân gian, giữa trưa mồng 5 tháng 5 là lúc dương khí mạnh nhất, người tin rằng sâu bọ quấy nhiễu sức khỏe phát triển rầm rộ nên cần diệt trừ. Người miền Bắc thường dậy sớm ăn thứ gì đó, phổ biến là rượu nếp cẩm, bánh tro, trứng luộc và các loại quả chua ngọt như mận, vải thiều, với quan niệm ăn từ sáng để diệt sâu bọ trong bụng trước khi chúng hoành hành. Trẻ em được bôi khôi, lưu huỳnh vào rốn, thái dương để tránh gió và sâu bọ. Sau đó cả nhà đi hái thuốc nam, nấu cháo kê hoặc chè kê và tắm bằng lá để thanh lọc. Đây là nét văn hóa đậm màu tín ngưỡng dân gian kết hợp kinh nghiệm y học cổ truyền."
"Lễ Vu Lan báo hiếu có nguồn gốc từ đâu, và ở Việt Nam ngày này thường diễn ra với những nghi thức, hoạt động nào đáng chú ý?","Vu Lan bắt nguồn từ điển tích Bồ tát Mục Kiền Liên nhờ Ðức Phật chỉ cách cứu mẹ khỏi kiếp ngạ quỷ vào rằm tháng 7, từ đó trở thành ngày báo hiếu, đền đáp công ơn sinh thành. Ở Việt Nam lễ diễn ra đúng rằm tháng 7 âm lịch với nghi thức cúng chúng sinh ngoài trời cho vong linh không nơi nương tựa, cúng Phật, cúng gia tiên tại nhà, cầu siêu và phóng sinh tại chùa. Nhiều người thiện nguyện, cúng gạo giúp người khó khăn. Điểm nhấn là nghi thức bông hồng cài áo: người còn mẹ cài hoa đỏ, người mất mẹ cài hoa trắng, nhắc nhở trân quý cha mẹ lúc còn đủ đầy. Dịp này còn gọi là Tết Trung nguyên mở cửa xá tội vong nhân."
"Ca Huế là loại hình âm nhạc như thế nào, xuất hiện chủ yếu ở đâu và có gì khác biệt so với các loại dân ca khác?","Ca Huế là nghệ thuật thanh nhạc thính phòng xuất phát từ đất cố đô, kết hợp hát dân gian mộc mạc với nhạc cung đình tao nhã, mang phong cách trang trọng, tiết tấu khoan thai và lời ca đậm chất trữ tình. Nhịp điệu chậm rãi, luyến láy theo âm hưởng giọng nói người Huế, biểu diễn với đàn tranh, đàn nguyệt, đàn bầu trên thuyền rồng dưới ánh trăng sông Hương khi du khách thưởng thức đêm hò. Giai điệu nghiêng về thể loại hò, lý, nam ai, nam bình với cung bậc buồn thương sâu lắng, khác hẳn sự sôi nổi nhịp dồn dập của quan họ hay hò miền Tây. Ca Huế được công nhận là di sản văn hóa phi vật thể quốc gia."
"Cải lương là gì, và vì sao loại hình sân khấu này từng làm mưa làm gió ở miền Nam suốt nhiều thập kỷ?","Cải lương là loại hình sân khấu ca kịch hình thành đầu thế kỷ 20 ở miền Nam, tiếp thu tinh hoa tuồng cổ kết hợp âm nhạc tân thời, đưa thoại kịch vào nội dung với các vở diễn có cấu trúc hoàn chỉnh. Sức hút đến từ sự gần gũi: nội dung phản ánh đời thường, tình cảm gia đình, thân phận người nông dân, kèm tiếng đàn ca, tấu hài và những tình khúc lâm ly bi đát chạm vào lòng người. Từ năm 1930 đến những năm 1970, các đoàn cải lương hoạt động khắp miền Tây, mỗi dịp lễ gánh hát về làng biểu diễn rất đông người xem. Ngày nay cải lương tuy giảm sức hút trước giải trí hiện đại nhưng vẫn được xem là di sản văn hóa độc đáo của người Nam Bộ."
"Nón lá Việt Nam có những loại nổi tiếng nào, và kỹ thuật làm nón truyền thống có gì đặc sắc?","Nón lá phổ biến nhất là nón bài thơ Huế, có tranh và thơ in giữa hai lớp lá soi ra khi mở sát đèn, cùng nón quai thao của người Kinh Bắc, nón gõ và nón làng Chuông (Hà Nội) nổi tiếng với đường kim chỉ tinh xảo. Kỹ thuật làm nón: chọn lá cọ non, ép phẳng bằng bàn ủi rồi phơi nắng trắng đều, xếp từng lớp lá lên khuôn nan tre, dùng chỉ cước và sợi giang dai khâu thành những vòng chỉ tròn đều. Người thợ làng Chuông có thể làm xong một chiếc nón trong buổi. Nón vừa che nắng mưa vừa là nét duyên dáng của người phụ nữ Việt, được dùng trong nghệ thuật, biểu diễn và làm quà lưu niệm."
"Tết Hàn thực mồng 3 tháng 3 âm lịch mà người Việt quen gọi là Tết bánh trôi bánh chay có ý nghĩa gì, và khác với gốc Trung Hoa như thế nào?","Tết Hàn thực gốc Trung Quốc là ngày ăn đồ nguội để tưởng nhớ Giới Tử Thôi, nhưng người Việt đã chuyển hóa thành ngày làm bánh trôi, bánh chay và không giữ tục ăn đồ lạnh. Bánh trôi làm từ bột nếp viên tròn nhân đường phên, luộc chín nổi lên là dùng; bánh chay làm từ bột nếp hòa nước hoa bưởi, viên tròn luộc rồi chan nước đường thắng gừng, rắc sesame rang. Hình tròn tượng trưng sự viên mãn đoàn tụ, bánh trôi nổi lên ngụ ý điều tốt lành phơi bày. Đến ngày này người ta làm bánh dâng lên tổ tiên, mời bà con hàng xóm cùng ăn, giữ trọn nét văn hóa giản dị, tốt lành của người Việt."
Nhã nhạc cung đình Huế được UNESCO công nhận như thế nào và gồm những thể loại đặc trưng nào?,"Nhã nhạc cung đình Huế là âm nhạc nghi lễ của vua chúa triều Nguyễn, trở thành kiệt tác truyền khẩu đầu tiên của Việt Nam được UNESCO công nhận là di sản văn hóa phi vật thể của nhân loại năm 2003. Gồm nhiều thể loại như nhã nhạc tế giao, tế miếu, cửu nhuyễn cung đình, phụng lương, nhạc đại triều và nhạc thường triều, mỗi loại gắn với nghi thức riêng: tế Nam Giao, lễ khánh hạ tiết. Hòa tấu mang phong cách trang nghiêm phục vụ thần thánh và vua, gồm các nhạc cụ như đàn nguyệt, đàn tranh, kèn bầu, trống. Sau này nhã nhạc mở rộng sang đáp ứng đời sống âm nhạc cung đình thường nhật và được duy trì trong các lễ hội tại Huế đến nay."
"Vì sao áo dài được xem là quốc phục biểu tượng của người Việt, và loại trang phục này đã trải qua những biến thể nào theo thời gian?","Áo dài tượng trưng cho nét duyên dáng, thanh lịch của phụ nữ Việt, vừa thướt tha vừa kín đáo, gắn với hình ảnh tà áo trắng bay trong gió hay áo dài dạ hội rực rỡ. Gốc áo dài là áo ngũ thân thời Nguyễn, đến thế kỷ 20 được thiết kế lại thành dáng ôm sát với cổ kín, tay raglan và hàng cúc bấm đặc trưng. Ngày nay áo dài có vô số biến thể: áo dài cách tân xẻ tà cao, áo dài họa tiết thổ cẩm, áo dài sát nách, áo dài nam tà rộng. Dù cách tân đến đâu, tà áo dài vẫn giữ nét truyền thống và được mặc trong lễ, cưới hỏi, tốt nghiệp, trở thành biểu tượng văn hóa Việt được cả nước và du khách yêu mến."
"Chợ phiên vùng cao Tây Bắc diễn ra với không khí như thế nào, và nét văn hóa đặc sắc nào khiến chợ phiên trở nên độc đáo khó quên?","Chợ phiên vùng cao họp định kỳ theo ngày, thường từ tờ mờ sáng đến trưa, là nơi đồng bào Mông, Dao, Thái, Hà Nhì từ các bản xa gùi hàng về trao đổi. Người chợ mặc trang phục thổ cẩm sặc sỡ, bán nông sản, gia súc, đồ thổ cẩm, ngoài ra còn có mèn mén, thắng cố, rượu ngô cho khách. Điểm đặc sắc là chợ phiên không chỉ để mua bán mà còn là chốn giao lưu, hẹn hò, nơi nam nữ tỏ tình hẹn ước và người già gặp gỡ hàn huyên. Một số phiên chợ như chợ tình Khau Vai, chợ phiên Bắc Hà trở thành sản phẩm du lịch nổi tiếng. Tiếng cười nói, chén rượu mời nhau và sắc màu thổ cẩm khiến chợ phiên vừa ấm áp vừa đậm bản sắc."
"Muốn nấu một nồi phở bò ngon đúng kiểu truyền thống, các khâu quan trọng từ chọn xương đến nước dùng cần chú ý điều gì?","Nước dùng phở cần xương đuôi, xương ống và thịt bắp hầm với nước lạnh, hớt bọt liên tục để nước trong. Gia vị tạo hương là bộ thảo mộc rang khô như thảo quả, quế, hồi, đinh hương cùng gừng, hành tím nướng vàng, nêm muối, đường phèn, nước mắm cho vị ngọt thanh. Bánh phở dùng loại tươi cắt sợi vừa. Tô phở chuẩn gồm bánh trần qua nước sôi, xếp thịt tái, gầu, nạm, thêm hành tây, hành lá, rau thơm, và quan trọng nhất là chần trụng thịt rồi chan nước dùng sôi già lên trên để thịt chín tái đẹp mắt. Chấm kèm tương đen, tương ớt, chanh ớt và quẩy giòn để tô phở trọn vị Hà thành."
"Cà phê phin Việt Nam thơm ngon và đậm đà là nhờ vào đâu, và pha bằng phin thế nào cho ra đúng ly cà phê chuẩn vị?","Cà phê phin chuẩn vị đến từ hạt robusta rang trung xay thô vừa, kết hợp chút arabica rang đậm vừa. Cách pha: tráng phin với nước sôi cho nóng, cho khoảng 20-25 g bột, mở nắp dội một ít nước sôi cho ngấm, đợi 30 giây rồi nén nhẹ, rót tiếp khoảng 60 ml nước sôi, đóng nắp và chờ cà phê nhỏ giọt trong 3-5 phút. Nước phải khoảng 93-95 độ, đổ chậm lên mép phin. Kết quả cho lớp crema vàng nhạt dậy hương cacao. Pha xong có thể uống đen, hoặc thêm sữa đặc quấy đều rồi cho đá bào để có ly cà phê sữa đá đặc trưng miền Nam."
Muốn có miếng bánh xèo miền Tây giòn rụm lâu mà không bị ỉu thì cần bí quyết gì trong khâu bột và chiên?,"Bí quyết giòn nằm ở tỉ lệ bột và nước. Bột bánh xèo pha từ bột gạo, bột nghệ, thêm chút bột năng và nước dừa tươi, độ sánh vừa phải, nghỉ bột ít nhất 30 phút cho hạt bột nở đều. Khi đổ bánh dùng chảo thật nóng già, phết lớp dầu mỡ mỏng, múc vá bột đổ vành ngoài nghiêng chảo cho bột dàn mỏng đều, đậy vung để bánh chín vàng. Không đổ bột quá dày vì miếng bánh sẽ mềm ỉu. Lấy bánh ra để ráo dầu trên giá, xếp rau sống, giá đỗ, thịt ba chỉ vào. Ăn ngay lúc nóng chấm nước mắm chua ngọt với rau diếp cá, tía tô thì giòn, thơm và béo đúng vị miền Tây."
"Nem rán (chả giò) muốn vỏ giòn tan và giòn lâu kể cả khi bày ra mâm, cần những bí quyết gì từ khâu nhân đến chiên?","Nhân chả giò nên xắt nhỏ, xào sơ thịt, mộc nhĩ, miến để giảm độ ẩm, thêm trứng giúp nhân kết dính, tránh để nhân quá ướt vì sẽ thấm vào vỏ bánh tráng làm mềm khó giòn. Cuốn vừa chặt, phết lòng đỏ trứng hoặc bột năng pha nước lên mép để dán kín. Khi chiên cho nem vào dầu sôi già ngập mặt, lửa vừa, không đảo cho đến khi một mặt vàng giòn rồi mới trở để vỏ không rách. Chiên hai lượt: lượt đầu đến vàng nhạt rồi để nguội, lượt sau chiên lại với lửa to trong 1-2 phút tạo lớp giòn rụm kéo dài. Vớt ra để ráo dầu trên giấy thấm, chấm nước mắm chua ngọt kèm rau sống rất bắt vị."
"Vì sao bánh mì Việt Nam lại được thế giới đánh giá cao đến vậy, và một ổ bánh mì truyền thống thường gồm những thành phần nào?","Bánh mì Việt Nam gây ấn tượng vì vỏ bánh giòn, ruột mềm xốp, nhân phong phú theo nhiều biến thể với giá phải chăng. Đây là sự kết hợp giữa bánh mì chuẩn Âu và ẩm thực Việt nên rất được du khách sành ăn ưa chuộng. Một ổ bánh mì cổ điển gồm vỏ giòn hơi nướng than, phết pate gan, bơ, tương ớt, tương đen, mayonnaise, nhân chả lụa, thịt nguội, bò kho hoặc gà xé, kèm dưa leo, đồ chua cà rốt củ cải, hành tây, rau thơm, ngò và chút nước xốt đặc trưng giữ ẩm. Bánh mì Hội An thêm gà xé và xốt đậm vị, còn bánh mì Sài Gòn đa dạng nhân nhất."
Đồng bằng sông Cửu Long có những đặc điểm tự nhiên nào và vì sao nơi đây lại được xem là vựa lúa lớn nhất cả nước?,"Đồng bằng sông Cửu Long là vùng đất thấp bằng phẳng do sông Mekong bồi đắp phù sa, có hệ thống sông ngòi kênh rạch chằng chịt, mùa mưa nước ngập, mùa khô mặn xâm nhập. Nhờ đồng ruộng rộng, đất phù sa màu mỡ, khí hậu ấm quanh năm, nơi đây canh tác hai ba vụ lúa mỗi năm, đóng góp phần lớn sản lượng lúa và gạo xuất khẩu của cả nước cùng thủy sản nuôi trồng như tôm, cá tra. Hệ thống đê kênh và trạm bơm giúp tưới tiêu chủ động. Ngoài lúa, vùng còn nổi tiếng trái cây nhiệt đới và chăn nuôi, tạo nên bức tranh nông nghiệp trù phú đặc trưng miền Tây."
"Sông Mekong chảy dài hơn 4.000 km, vậy con sông này bắt nguồn từ đâu, chảy qua những nước nào và đổ ra biển bằng mấy cửa trước khi tới Việt Nam?","Sông Mekong dài khoảng 4.900 km, bắt nguồn từ cao nguyên Thanh - Tạng ở Trung Quốc, trên đoạn Trung Quốc gọi là Lan Thương, rồi chảy qua Myanmar, Lào, Thái Lan, Campuchia rồi vào Việt Nam tạo thành đồng bằng sông Cửu Long. Đoạn chảy ngang Lào và biên giới Lào - Thái chính là khu vực Tam giác vàng. Vào Việt Nam sông chia thành sông Tiền và sông Hậu, đổ ra biển Đông qua chín cửa chính như Tiểu, Đại, Ba Lai, Cung Hầu, Cổ Chiên, Hàm Luông, Cửa Bến Tre... nên người Việt quen gọi là chín rồng. Sông Mekong là nguồn thủy lợi, giao thông và thủy sản của hàng chục triệu người trong lưu vực."
Cao nguyên đá Đồng Văn ở Hà Giang có những giá trị gì về địa chất và cảnh quan mà được UNESCO công nhận?,"Cao nguyên đá Đồng Văn là cao nguyên đá vôi cổ hiếm có ở vùng nhiệt đới, được UNESCO công nhận là Công viên địa chất toàn cầu đầu tiên của Việt Nam năm 2010. Nơi đây có tuổi địa chất hàng trăm triệu năm, lưu giữ di sản karst với khối đá vôi kỳ vĩ, hang động và hẻm núi sâu như Tu San, sông Nho Quế xanh biếc men theo đá. Trên cao nguyên là bản làng đồng bào Mông, Lô Lô, Giáy sống bám trên sườn núi với ruộng bậc thang và vườn mận, lê nở trắng mùa xuân. Phiên chợ tình Khau Vai, phố cổ Đồng Văn và cột cờ Lũng Cú góp phần tạo nên vẻ đẹp độc đáo, thu hút du khách khắp nơi khám phá."
"Vì sao Sa Pa lại có khí hậu mát mẻ quanh năm, thậm chí có tuyết vào mùa đông dù nằm ở vĩ độ khá thấp?","Sa Pa nằm ở độ cao khoảng 1.500-1.600 m so với mực nước biển trên dãy Hoàng Liên Sơn, cạnh đỉnh Fansipan cao hơn 3.000 m. Cứ lên cao 100 m nhiệt độ thường giảm khoảng 0,6 độ C, nên dù nằm ở vùng nhiệt đới Sa Pa vẫn có khí hậu á nhiệt đới và ôn đới mát lạnh. Mùa hè mát dịu, mùa đông rét đậm có thể xuống dưới 0 độ C, kết hợp gió đông bắc và độ ẩm cao thỉnh thoảng tạo tuyết rơi trên đỉnh Fansipan. Địa hình cao lại đón gió mùa nên Sa Pa thường mờ sương, thung lũng và ruộng bậc thang chìm trong biển mây, là điểm nghỉ dưỡng nổi tiếng thu hút du khách."
"Đèo Hải Vân được xem là ranh giới của hai vùng khí hậu, ngăn cách hai vùng địa lý nào của Việt Nam và vì sao nó có vai trò quan trọng đến vậy?","Đèo Hải Vân chạy dọc dãy Bạch Mã, ngăn cách thành phố Đà Nẵng với tỉnh Thừa Thiên - Huế, và theo quan niệm địa lý truyền thống là ranh giới giữa hai miền khí hậu của Trung Bộ. Đèo nằm trên quốc lộ 1A, cao hơn 400 m so với biển, phía nam giáp bán đảo Sơn Trà, ôm sát eo biển Đông. Vì đứng chắn giữa, Hải Vân cản gió mùa đông bắc, khiến khí hậu phía nam Đà Nẵng ấm khô hơn Huế mưa lạnh, nên được xem là ranh giới khí hậu quan trọng. Đèo có cảnh quan tuyệt đẹp nên vua Minh Mạng từng phong là thiên hạ đệ nhất hùng quan, nay có hầm đường bộ xuyên núi rút ngắn hành trình."
"Vì sao lạc đà có thể sống nhiều ngày ngoài sa mạc nóng bức mà không cần uống nước, chúng thích nghi bằng cách nào?","Lạc đà không trữ nước trong bướu như nhiều người vẫn nghĩ, bướu chứa mỡ dự trữ năng lượng. Chúng thích nghi bằng nhiều cách: chịu được biên độ thân nhiệt rộng từ 34 đến hơn 40 độ C, hạn chế đổ mồ hôi tối đa để tiết kiệm nước; nước tiểu cô đặc và phân rất khô, giữ nước trong cơ thể. Chúng có thể uống hơn 100 lít nước một lần rồi đi hàng chục ngày không uống, ăn được các loại thực vật gai góc khắc nghiệt. Lông dày và lỗ mũi đặc biệt còn chống lại sức nóng và giảm mất hơi nước khi thở. Nhờ vậy lạc đà là con vật vận chuyển đáng tin cậy qua các tuyến sa mạc."
"Vì sao thủy triều ở biển dâng lên và hạ xuống mỗi ngày theo chu kỳ, và Mặt trăng đóng vai trò gì trong hiện tượng này?","Thủy triều do lực hấp dẫn của Mặt trăng và Mặt trời tác động lên nước đại dương. Mặt trăng gần Trái đất hơn nên ảnh hưởng chính: nước phía gần Mặt trăng bị hút mạnh tạo cục nước triều dâng, phía đối diện có bướu nước thứ hai do lực ly tâm, mỗi ngày thường có hai lần triều dâng và hai lần triều hạ. Khi Mặt trăng, Trái đất và Mặt trời thẳng hàng vào trăng non, trăng tròn, lực cộng hưởng tạo triều cường cao nhất; khi vuông góc thì triều kém. Chu kỳ còn phụ thuộc hình dáng bờ biển, địa hình đáy và độ sâu nên thời gian dâng hạ khác nhau ở mỗi nơi. Hiểu thủy triều rất quan trọng với ngư dân, tàu bè và điện thủy triều."
"Vì sao tắc kè và thạch sùng có thể bò dính trên tường, mặt kính trơn láng và cả trần nhà mà không rơi xuống?","Dưới bàn chân tắc kè có hàng triệu sợi lông siêu nhỏ gọi là setae, mỗi sợi lại chia thành hàng trăm đầu nhỏ hơn gọi là spatulae. Các đầu cực nhỏ này tạo lực van der Waals, lực hút giữa các phân tử khi hai bề mặt tiếp xúc cực gần, tổng cộng trên cả bàn chân đủ mạnh để giữ cơ thể không rơi. Cấu trúc này cho phép tắc kè bám lên cả bề mặt trơn như kính, trần nhà, đá, nhưng lại dễ dàng gỡ chân bằng cách nghiêng sợi lông để ngắt tiếp xúc, nhờ đó di chuyển nhanh và êm. Kỹ thuật này được nghiên cứu để chế tạo vật liệu bám dính tái sử dụng nhiều lần, còn gọi là găng tay tắc kè."
"Lừa đảo gọi điện tự xưng tổng đài ngân hàng hỏi xác minh thông tin cá nhân rồi dẫn dụ chuyển tiền gọi là gì, và kẻ gian thường dùng kịch bản gì để thao túng nạn nhân?","Kỹ thuật này gọi là vishing, ghép giữa voice (giọng nói) và phishing (lừa đảo), tức lừa đảo qua cuộc gọi điện thoại. Kịch bản điển hình: kẻ gian giả danh tổng đài ngân hàng, công an hoặc nhà mạng, thông báo có giao dịch bất thường, tài khoản sắp bị khóa hoặc liên quan vụ án, tạo áp lực thời gian bắt nạn nhân khai số dư, ngày sinh, CMND, rồi hướng dẫn 'kiểm tra' bằng cách chuyển tiền vào tài khoản an toàn hoặc đọc OTP. Chúng dùng số hiển thị đuôi giống tổng đài thật, thậm chí chuyển máy qua nhiều 'bộ phận' để nghe đáng tin. Cách nhận diện: ngân hàng và cơ quan nhà nước không bao giờ yêu cầu chuyển tiền hay đọc OTP qua điện thoại; chỉ cần tự gọi lại số tổng đài chính thức là lộ ngay. Đây là thông tin kiến thức nhận diện và phòng tránh, không phải hướng dẫn phạm pháp."
"Tin nhắn SMS báo 'tài khoản của bạn sắp hết hạn, đăng nhập để gia hạn' kèm đường link lạ. Hình thức lừa đảo qua tin nhắn này gọi là gì và chúng dựng trang giả đánh cắp thông tin ra sao?","Đây là smishing, kết hợp SMS với phishing. Kẻ gian giả danh ngân hàng, bưu điện, nhà mạng hoặc thương hiệu lớn gửi tin nhắn thông báo khẩn như tài khoản hết hạn, hóa đơn chưa thanh toán, bưu kiện bị giữ, kèm đường link rút gọn. Khi bấm, nạn nhân được dẫn tới trang web giả mô phỏng giao diện y hệt bản thật nhưng tên miền khác lạ; nhập tên đăng nhập, mật khẩu, mã OTP thì toàn bộ truyền thẳng về máy chủ kẻ gian. Trang giả thường thúc người dùng làm nhanh, không cho kiểm tra địa chỉ. Phòng tránh: không bấm link trong tin nhắn lạ, không cung cấp OTP, tự mở ứng dụng ngân hàng để kiểm tra thay vì vào theo link. Đây là thông tin kiến thức, không phải hướng dẫn phạm pháp."
"Ở quán cà phê, kẻ gian dán mã QR giả đè lên mã QR thật của nhà hàng để thu phí hoặc đánh cắp thông tin. Hình thức lừa đảo dùng mã QR này gọi là gì và nó hoạt động thế nào?","Hình thức này gọi là quishing, ghép QR code với phishing. Kẻ gian in mã QR giả dán đè lên mã thật ở quán cà phê, trạm sạc xe điện, bãi đỗ xe, hoặc gửi mã qua tin nhắn kèm lời mời trúng thưởng. Khi nạn nhân quét, mã dẫn tới trang giả mô phỏng giao diện quen thuộc để thu thập tên đăng nhập, số thẻ, hoặc kích hoạt phiên đăng nhập OAuth giả cho phép chiếm tài khoản. Điểm lợi hại là người dùng hiếm khi kiểm tra địa chỉ web sau khi quét. Nhận biết bằng cách xem kỹ URL hiện lên, kiểm tra dấu xác thực, không quét mã dán nổi ở nơi công cộng, ưu tiên thanh toán qua ứng dụng chính thức của quán. Đây là thông tin kiến thức để phòng tránh, không phải hướng dẫn phạm pháp."
"Trên ứng dụng hẹn hò, một người xa lạ nhanh chóng ngỏ lời yêu, kể hoàn cảnh khó khăn rồi nhờ chuyển tiền. Kiểu lừa đảo tình cảm này thường giăng bẫy qua những giai đoạn nào?","Đây là lừa đảo tình cảm (romance scam), thường trải qua bốn giai đoạn. Giai đoạn đánh bóng: kẻ gian dựng hồ sơ lý tưởng trên ứng dụng hẹn hò, nhanh chóng quan tâm, tỏ tình sớm. Giai đoạn xây niềm tin: trò chuyện mỗi ngày, kể về công việc ngoài khơi, quân đội, chuyến công tác xa để giải thích việc không thể gặp mặt hay gọi video. Giai đoạn giăng bẫy: viện cớ cần tiền chữa bệnh, phí visa, phạt hải quan, hàng hóa bị kẹt, hoặc rủ mua chung kênh đầu tư lời cao. Giai đoạn cuối là biến mất khi nạn nhân đã chuyển một khoản lớn. Dấu hiệu chung: khước từ gặp mặt, luôn tạo gấp gáp, yêu cầu chuyển tiền qua tài khoản cá nhân. Đây là thông tin kiến thức để nhận diện, không phải hướng dẫn phạm pháp."
"Có tin tuyển dụng việc nhẹ lương cao nhưng yêu cầu ứng viên đóng phí bảo hiểm, phí hồ sơ, phí đào tạo trước khi đi làm. Theo quy định pháp luật về lao động, chiêu này lừa ra sao và nhận biết thế nào?","Theo quy định, người sử dụng lao động không được thu bất kỳ khoản phí nào từ người lao động khi tuyển dụng; các khoản bảo hiểm, phí đào tạo đều thuộc chi phí doanh nghiệp. Một tin tuyển dụng yêu cầu nạp tiền trước gần như chắc chắn là lừa đảo. Kẻ gian dựng trang tuyển dụng giả khoác tên công ty lớn, phỏng vấn cấp tốc qua tin nhắn, rồi giục chuyển khoản với lý do giữ chỗ, đặt cọc trang phục, tạm ứng phí khám sức khỏe; sau khi nhận tiền thì liên hệ chững lại và chặn. Phòng tránh: xác minh tuyển dụng qua kênh chính thức của công ty, cảnh giác khi việc quá nhẹ nhàng mà lương lại cao, và không chuyển khoản theo bất kỳ 'phí' nào khi chưa có hợp đồng. Đây là thông tin kiến thức nhận diện lừa đảo, không phải hướng dẫn phạm pháp."
"Chiêu lừa đảo giả mạo email của giám đốc yêu cầu kế toán chuyển khoản gấp gọi là gì, và kẻ gian thường làm giả email này bằng cách nào?","Đây là lừa đảo email doanh nghiệp, viết tắt BEC (business email compromise). Kẻ gian xâm nhập hoặc làm giả hộp thư của giám đốc, trưởng phòng tài chính rồi gửi email cho nhân viên kế toán yêu cầu chuyển khoản gấp cho đối tác mới, thanh toán hóa đơn khẩn, kèm lệnh giữ bí mật nội bộ. Một thủ đoạn tinh vi là xen vào chuỗi email đang trao đổi với đối tác thật (thread hijacking), nhân viên tưởng tiếp tục đối thoại cũ nên dễ tin; hoặc sửa số tài khoản thụ hưởng trên hóa đơn thật. Phòng chống tốt nhất là quy trình xác nhận chuyển tiền ngoài email như gọi điện gặp trực tiếp, kiểm tra kỹ địa chỉ người gửi và số tài khoản thụ hưởng khác lạ mỗi khi chuyển khoản. Đây là thông tin kiến thức, không phải hướng dẫn phạm pháp."
"Trong lý thuyết phòng, chống rửa tiền, người ta nói tiền bẩn thường được 'giặt' qua bất động sản và vàng. Vì sao hai loại tài sản này lại được ưa dùng để rửa tiền?","Bất động sản và vàng hấp dẫn kẻ rửa tiền vì giá trị cao, định giá khó và giao dịch kém minh bạch. Với bất động sản, thủ đoạn thường gặp là mua tài sản bằng tiền bẩn qua công ty bình phong hoặc người đứng tên hộ, thổi giá dự án vắng bóng mua bán để bán lại cho bên cấp vốn, qua đó tạo bề ngoài lợi nhuận hợp pháp sau nhiều vòng chuyển nhượng. Với vàng, tính vô danh và dễ chuyển nhượng biến nó thành công cụ trung gian: đổi tiền bẩn sang vàng rồi bán lại qua nhiều mối khiến dòng tiền khó lần theo. Chính vì thế pháp luật yêu cầu mua bán vàng, chuyển nhượng bất động sản phải định danh rõ, có chứng từ, và giao dịch lớn phải báo cáo giao dịch đáng ngờ. Đây là thông tin kiến thức, không phải hướng dẫn phạm pháp."
"Muốn jailbreak một chiếc iPhone, kẻ khai thác thường lợi dụng những lỗ hổng nào trong iOS, và vì sao hiện nay các công cụ jailbreak ngày càng hiếm so với thời iOS 9-12?","Jailbreak lợi dụng chuỗi lỗ hổng: lỗ hổng trong kernel để vượt rào cản quyền, lỗ hổng trong các daemon chạy đặc quyền của hệ điều hành, hoặc lỗ hổng bootchain để thực thi mã trước khi iOS khởi động xong. Thời iOS 9-12, các công cụ như unc0ver, electra dựa vào lỗ hổng webkit, kernel cùng công cụ checkra1n khai thác lỗi bootloader checkm8 vốn nằm trên chip A11 trở về trước nên bền vững qua nhiều bản cập nhật. Từ iOS 13 về sau, Apple siết chặt bảo mật bằng bộ tách biệt phần cứng SEP, cơ chế kiểm chứng khởi động chặt hơn, PAC và kỹ thuật làm khó khai thác; đồng thời giá trị lỗ hổng trên thị trường tăng nên nhà nghiên cứu ít phát hành công khai. Kết quả là đa số công cụ jailbreak ngừng phát triển, iOS hiện đại gần như không có công cụ chạy nổi. Đây là thông tin kiến thức, không phải hướng dẫn phạm pháp."
"Khi luộc trứng quá kỹ, lòng đỏ chuyển sang màu xanh xám và có mùi hơi hôi. Hiện tượng đó do đâu?","Nguyên nhân nằm ở phản ứng giữa sắt và lưu huỳnh. Lòng đỏ chứa nhiều sắt, lòng trắng giàu protein có lưu huỳnh; khi luộc quá lâu, nhiệt độ cao khiến các protein phân hủy giải phóng khí hydro sulfide, khí này gặp sắt trong lòng đỏ tạo thành sắt sulfide màu xanh xám bám ngay đường viền tiếp giáp, đồng thời gây mùi hơi hắc. Trứng luộc ngon nhất là để nước sôi lăn tăn khoảng 9-10 phút rồi thả ngay vào nước lạnh để chặn nhiệt dư; trứng chín tới sẽ có lòng đỏ vàng tươi, không viền xám và không hôi."
"Đá là nước ở thể rắn, vì sao lại nổi lềnh phềnh trên mặt nước thay vì chìm, và đặc tính này quan trọng thế nào với sự sống dưới nước?","Đá nổi vì nước là một trong số ít chất lỏng có thể rắn nhẹ hơn thể lỏng: khi kết tinh, các phân tử nước sắp xếp thành cấu trúc mở với nhiều khoảng trống khiến khối lượng riêng giảm xuống, thấp hơn nước lỏng nên đá trồi lên. Nhờ vậy khi ao hồ đóng băng, lớp băng mỏng trên mặt đóng vai trò lớp cách nhiệt, giữ nước phía dưới ở trên 0 độ C để cá, tôm, thực vật thủy sinh tiếp tục sống. Nếu đá chìm, nước sẽ đóng băng từ đáy lên đỉnh và toàn bộ sinh vật dưới nước ôn đới có thể chết trụi mỗi mùa đông."
"Sấm và chớp sinh ra cùng một lúc, vì sao ta luôn thấy chớp trước khi nghe sấm, và ước lượng khoảng cách sấm sét bằng cách nào?","Chớp và sấm bắt nguồn từ cùng một vụ phóng tia điện trong mây dông, nhưng ánh sáng truyền với vận tốc khoảng 300.000 km/giây nên đến mắt gần như tức thời, còn âm thanh chỉ đi khoảng 340 m/giây trong không khí, do đó tiếng sấm luôn tới sau. Để ước lượng khoảng cách, hãy đếm số giây từ khi thấy chớp đến khi nghe tiếng sấm rồi nhân với 340: chẳng hạn 3 giây tương ứng khoảng 1 km. Nếu thời gian rất ngắn, nghĩa là sấm sét đang ở rất gần, cần vào chỗ trú an toàn ngay."
Vì sao bị bỏng do hơi nước bốc lên thường nguy hiểm hơn bỏng do nước sôi dù có thể cùng nhiệt độ?,"Hơi nước nguy hiểm hơn vì ngoài nhiệt độ cao, nó còn mang theo một lượng ẩn nhiệt rất lớn: khi hơi chạm da và ngưng tụ thành giọt, nhiệt đó được giải phóng ngay trên bề mặt da, khiến nhiệt lượng truyền vào cơ thể tăng vọt và đốt sâu hơn. Một luồng hơi nóng từ vung nồi đang sôi phả vào tay có thể gây bỏng nặng chỉ sau tích tắc, trong khi nước sôi cần tiếp xúc lâu hơn mới sâu bằng. Chính vì vậy khi mở nồi hấp, nổi lẩu hay nhấc vung, luôn nghiêng nắp theo hướng an toàn, đứng né khỏi luồng hơi và dùng găng cách nhiệt."
Vì sao từ chỗ tối đi ra ngoài nắng ta thường lóa mắt và chỉ chớp mắt liên tục một lúc mới thích nghi?,"Đồng tử hoạt động như khẩu độ máy ảnh: trong tối nó giãn rộng để đón tối đa ánh sáng, ngoài nắng nó phải co thật nhỏ. Khi ánh sáng chói đột ngột ập vào, đồng tử cần một khoảng thời gian ngắn để co lại, còn các tế bào cảm quang trong võng mạc cũng phải điều chỉnh độ nhạy xuống, nên ta lóa mắt và chớp liên tục cho tới khi lượng sáng vừa phải. Ngược lại, từ nắng vào tối ta cần vài phút để nhìn rõ vì các tế bào que phải tái tổng hợp sắc tố cảm quang, đó là lý do vừa bước vào rạp phim lúc ban ngày thường gần như không thấy gì."
"Hắt hơi là phản xạ gì, và vì sao có người ngẩng đầu nhìn trời lại hắt hơi, trong khi người khác thì không?","Hắt hơi là phản xạ tống khí mạnh để đẩy bụi, phấn hoa hay dị vật ra khỏi đường hô hấp khi niêm mạc mũi bị kích thích. Hiện tượng nhiều người nhìn chỗ sáng rồi hắt hơi là hội chứng phản xạ hắt hơi do ánh sáng (ACHOO), di truyền trội và gặp ở khoảng một phần tư dân số: ánh sáng chói kích thích dây thần kinh sinh ba, tín hiệu truyền chéo sang làm trung tâm hắt hơi bị kích hoạt nhầm. Người không có cơ chế này thì nhìn trời không gây hắt hơi. Dù phản xạ vô hại, tốc độ phun khí của một cú hắt hơi có thể lên tới hơn 100 km/giờ nên vẫn nên che miệng và mũi."
"Mặc áo đen mùa hè thường nóng hơn áo trắng, vậy vì sao người dân vùng sa mạc vẫn mặc áo dài màu đen rộng thùng thình?","Áo đen hấp thụ gần như toàn bộ bức xạ mặt trời nên nóng hơn áo trắng phản xạ lại, đó là lý do nơi phố thị mùa hè mặc màu sáng mát hơn. Nhưng ở sa mạc, bộ âu phục truyền thống màu đen rộng lại có lý của nó: vải đen hấp thụ nhiệt ở lớp ngoài, tạo lớp không khí đệm giữa vải và da, nhiệt được giải phóng ra ngoài trước khi chạm tới cơ thể; áo dài rộng và kín còn che chắn nắng gắt, cho gió lưu thông. Trong khí hậu khô nóng, một bộ đồ đen rộng rãi long lanh mát hơn áo mỏng bó sát, nên đây là kinh nghiệm thích nghi hơn là văn hóa đơn thuần."
Vì sao đường tan trong nước nóng nhanh hơn rất nhiều so với nước lạnh?,"Tốc độ hòa tan phụ thuộc vào nhiệt độ của dung môi. Trong nước nóng, các phân tử chuyển động nhanh hơn nên va đập vào tinh thể đường dồn dập, giúp bứt từng phân tử đường ra và khuếch tán vào dung dịch nhanh chóng; còn nước lạnh chuyển động chậm nên quá trình này diễn ra lâu hơn nhiều. Ngoài ra khi hòa tan, nhiệt càng cao thì sự khuếch tán càng mạnh. Chính vì vậy pha cà phê, nấu nước đường hay làm siro người ta thường dùng nước ấm; còn đồ uống lạnh thì dùng syrup nấu sẵn hoặc khuấy mạnh để đường không lắng xuống đáy ly."
"Tục xông đất đầu năm có ý nghĩa gì, và người Việt thường chọn người xông đất theo những tiêu chí nào?","Xông đất hay xông nhà là tục chọn người bước vào nhà đầu tiên trong khoảnh khắc giao thừa, quan niệm người đó sẽ mang theo vận may cho cả gia đình năm mới. Người được chọn thường hợp tuổi, hợp mệnh với chủ nhà, có sức khỏe tốt, tính tình vui vẻ, làm ăn phát đạt trong năm vừa qua; nhiều gia đình còn thích chọn trẻ em khỏe mạnh, ngoan ngoãn. Người ta kiêng để người có tang hoặc người đang lo âu bước vào nhà đầu năm. Sau lễ, chủ nhà mời người xông đất chén trà, cùng chúc Tết, xem đó là khởi đầu thuận lợi cho một năm thuận buồm xuôi gió."
"Trống đồng Đông Sơn có ý nghĩa văn hóa như thế nào, và những hoa văn trên mặt trống thường mô tả những gì?","Trống đồng Đông Sơn là biểu tượng rực rỡ của nền văn minh sông Hồng hơn 2.000 năm trước, thể hiện nghệ thuật đúc đồng đạt đến đỉnh cao thời cổ đại. Mặt trống khắc ngôi sao nhiều cánh ở giữa tượng trưng cho mặt trời, xung quanh là các vành hoa văn mô tả đời sống: đoàn người múa, đánh trống, thổi khèn, chèo thuyền, chim muông, hươu nai, nhà sàn, tái hiện sinh động sinh hoạt nông nghiệp, lễ hội và tín ngưỡng của cư dân cổ. Trống được dùng trong cúng tế, hội hè, đánh dấu quyền lực của tù trưởng. Di sản này cho thấy tài năng kỹ thuật luyện kim và sức mạnh tổ chức cộng đồng đáng nể của người Việt cổ."
"Đờn ca tài tử Nam Bộ là loại hình nghệ thuật gì, và vì sao được UNESCO công nhận là di sản văn hóa phi vật thể?","Đờn ca tài tử là nghệ thuật trình diễn của Nam Bộ, kết hợp tiếng đàn và câu hát theo các điệu thức riêng, được UNESCO ghi danh di sản văn hóa phi vật thể đại diện của nhân loại năm 2013. Điểm đặc trưng là tính giao lưu cởi mở: ai biết chơi đàn hoặc hát đều có thể tham gia, buổi đờn thường diễn ngoài trời, nơi sân vườn, mái hiên, với cây đàn kìm, đàn tranh, đàn cò, sáo và guitar phím lõm. Tiết tấu khoan thai, lời ca trữ tình thấm đẫm tâm hồn người phương Nam. Giá trị nằm ở chỗ loại hình này bám rễ sâu vào đời sống cộng đồng, vừa là giải trí vừa là sợi dây kết nối tình làng nghĩa xóm suốt bao thế hệ."
"Tục ăn trầu cau có ý nghĩa gì trong văn hóa người Việt, và vì sao tráp trầu cau luôn quan trọng trong lễ ăn hỏi?","Miếng trầu, cây cau không chỉ là lễ vật dâng cúng mà còn là biểu tượng văn hóa gắn với truyền thuyết trầu cau về tình nghĩa anh em, vợ chồng keo sơn. Trong lễ ăn hỏi, tráp trầu cau được xem là lễ vật quan trọng bậc nhất: trầu têm cánh phượng đỏ tươi bày khéo léo, cau chẻ hạt đều tay, tượng trưng cho lời cầu xin sự gắn kết, nghĩa thủy chung và duyên trăm năm của đôi tân nhân. Ngày xưa, mời trầu là cách mở đầu câu chuyện, thể hiện lòng hiếu khách; tục ăn trầu tuy mai một dần nhưng trầu cau vẫn giữ vị trí thiêng liêng trong hôn lễ truyền thống của người Việt."
"Lễ hội Ok Om Bok của đồng bào Khmer Nam Bộ diễn ra vào thời điểm nào, và nghi thức thả đèn nước có ý nghĩa gì?","Ok Om Bok là lễ hội lớn của đồng bào Khmer vùng Nam Bộ, tổ chức vào rằm tháng 10 âm lịch để tạ ơn thần Mặt Trăng đã cho vụ mùa bội thu và cầu mưa thuận gió hòa. Nghi thức nổi bật nhất là thả đèn nước: những chiếc đèn ghe làm từ vỏ dừa, xốp gắn nến được thả trôi trên sông cùng mâm cơm cúng thần, mang theo lời nguyện ước may mắn, mùa màng tốt tươi; ánh đèn rực lấp lánh giữa đêm kèm tiếng trống, tiếng nhạc âm vang suốt canh khuya. Lễ hội thường gắn với các cuộc đua ghe Ngo sôi nổi ở Trà Vinh, Sóc Trăng, Bạc Liêu, thu hút đông đảo người dân và du khách tham dự."
"Làng gốm Bát Tràng nổi tiếng hơn 700 năm, những nét độc đáo nào trong kỹ thuật làm gốm truyền thống khiến sản phẩm nơi đây được ưa chuộng?","Gốm Bát Tràng ở huyện Gia Lâm, Hà Nội nổi tiếng nhờ đất sét mịn dẻo, kỹ thuật tạo dáng, tráng men và trang trí tinh xảo. Nét độc đáo là các sản phẩm men ngọc, men rạn, men màu vẽ tay: người thợ vẽ hoa văn cúc, lan, trăng, hoa sen bằng bút lông trên lớp men sống rồi mới đưa vào lò nung, mỗi sản phẩm mang dấu tay nghệ nhân nên không chiếc nào hoàn toàn trùng chiếc nào. Từ lò củi, làng chuyển dần sang lò ga hiện đại nhưng cốt cách vẫn là bàn tay đã quen việc qua bao thế hệ. Ngày nay Bát Tràng vừa sản xuất đồ gia dụng, mỹ nghệ, bộ ấm chén trà vừa là điểm tham quan, trải nghiệm nặn gốm cho du khách."
Muốn nồi bún riêu cua có nước dùng ngọt thanh và riêu cua nổi thành mảng mềm đẹp thì cần lưu ý những gì?,"Bún riêu ngon cần cua đồng tươi, xay lọc lấy nước trong, phần thịt gạch giã nhuyễn nêm chút ruốc cho riêu kết mảng. Khi nấu, đổ phần nước cua vào nồi nước sôi già, hạ lửa nhỏ và không quấy; thịt cua có chứa protein sẽ tự đông tụ thành từng mảng nổi lên mặt, muốn riêu bông và mềm có thể đập thêm một quả trứng vào hỗn hợp thịt cua trước khi đổ. Nước dùng nêm me, cà chua thái múi xào chín, hành khô phi vàng cho thơm. Khi ăn cho bún, riêu cua, rau sống, hành lá, rắc ít tóp mỡ vừa đẹp vừa béo ngậy."
"Hủ tiếu Mỹ Tho và hủ tiếu Nam Vang khác nhau ở những điểm nào về nước dùng, sợi hủ tiếu và cách dùng?","Hủ tiếu Nam Vang nấu theo phong cách người Hoa gốc Campuchia: nước dùng trong xương heo hầm, tô đầy phụ liệu như gan heo, tim, mực, tôm, ăn kèm giá sống, hẹ, lát chanh và hành phi, bắt nguồn từ cách người Việt ở Phnom Penh thưởng thức. Hủ tiếu Mỹ Tho thì sợi to, dai hơn, nước dùng nấu từ xương ống và tôm khô ngọt thanh, thịt thái lát mỏng, thường dùng kèm giá chần sơ. Cách ăn cũng khác: hủ tiếu Nam Vang thiên về tô nước đầy đủ phụ liệu, còn ở Sài Gòn nhiều nơi phục vụ hủ tiếu khô với xốt đậm, rắc thêm hành phi. Cả hai đều được biến tấu phong phú khắp miền Nam."
Cà phê trứng Hà Nội làm thế nào để lớp bọt trứng béo mịn nổi đẹp trên ly?,"Cà phê trứng ra đời thời bao cấp khi sữa tươi khan hiếm. Cách làm: tách lấy lòng đỏ trứng gà tươi, đánh bông với sữa đặc và đường bằng máy đánh trứng hoặc phới tay cho tới khi bọt mịn như kem, phồng nhẹ. Ly cà phê đen pha phin phải đậm và còn nóng, nhẹ nhàng múc lớp trứng bông đặt lên trên, đừng khuấy ngay. Khi uống, lớp bọt tan dần vào cà phê, vị đắng dịu của cà phê quyện vị ngọt béo của trứng rất dễ chịu. Bí quyết là lòng đỏ thật tươi, đánh đủ lâu và cà phê nóng vừa; có nơi rắc thêm bột ca cao hoặc cà phê bột lên mặt cho thơm."
Bún chả Hà Nội và bún đậu mắm tôm khác nhau ở những thành phần nào và cách pha nước chấm của hai món ra sao?,"Bún chả gồm bún rối, chả ba chỉ và nạc vai ướp gia vị nướng than, nước chấm pha giấm, đường, nước mắm, thêm dưa góp, tỏi ớt, vị chua ngọt mặn thanh, ăn kèm rau sống và cà rốt xào. Bún đậu lại bày bún tươi với đậu hũ chiên vàng thái miếng, chả cốm, nem chua, dồi, điểm nhấn là chén mắm tôm pha chanh, đường, ớt và chút rượu hoặc dầu điều để khử mùi nồng, chấm kèm rau thơm và quả mơ muối tắc. Khác biệt lớn nhất nằm ở nước chấm: một bên thanh tao chua ngọt hợp bữa sáng Hà thành, một bên đậm mắm tôm bình dân được giới trẻ yêu thích bởi sự đa dạng đồ chấm và vị mặn mà."
"Cách muối dưa cải, cà pháo trong gia đình để chua giòn, không váng nhớt và không bị thiu là như thế nào?","Rau cải chọn tươi già, phơi héo rồi rửa sạch; cà pháo chọn trái già đều, bỏ cuống. Nước muối nấu sôi để nguội hẳn, hòa thêm chút nước vo gạo hoặc đường để thúc nhanh quá trình lên men. Xếp rau chặt tay vào hũ sạch, dội nước ngập, dùng lá hoặc cục đá sạch đè để rau chìm hoàn toàn, đậy kín. Sau hai, ba ngày dưa chua thanh, cà giòn. Muốn giòn lâu thì không đậy hũ quá kín và tránh để gần nắng nóng; muốn không thiu thì mọi dụng cụ, tay trụng đều phải khô, không dính dầu mỡ. Khi vừa đủ độ, vớt ra ngăn mát dùng dần."
"Nem chua là đặc sản lên men của vùng nào, và quá trình lên men tạo nên vị chua chua ngọt ngọt đặc trưng thế nào?","Nem chua là đặc sản nổi tiếng của Thanh Hóa rồi lan rộng ra nhiều tỉnh thành. Nguyên liệu là thịt nạc thăn giã nhuyễn, trộn với bì lợn thái sợi mỏng, thính gạo rang, tỏi, ớt, đường và lá chanh, rồi gói bằng lá ổi, lá chuối buộc chặt. Quá trình để ở nhiệt độ thường khoảng một đến ba ngày, nhờ vi khuẩn lactic tự nhiên chuyển hóa đường trong thịt thành acid lactic, tạo vị chua dịu; thịt săn lại và chuyển màu hồng nhạt, kết hợp vị ngọt của thịt tươi, mùi thơm của thính và lá chanh tạo nên hương vị đặc trưng. Nem chua là thịt sống lên men nên cần mua nơi uy tín và bảo quản mát để dùng an toàn."
"Núi Fansipan cao bao nhiêu mét, thuộc dãy núi nào, và vì sao được gọi là nóc nhà Đông Dương?","Fansipan cao 3.147 m so với mực nước biển, thuộc khối núi Hoàng Liên Sơn trên địa bàn thị xã Sa Pa, tỉnh Lào Cai, là đỉnh cao nhất Việt Nam và cũng là đỉnh cao nhất trong số ba nước Đông Dương gồm Việt Nam, Lào, Campuchia nên được mệnh danh nóc nhà Đông Dương. Từ năm 2016, tuyến cáp treo từ thị trấn Sa Pa lên đỉnh giúp du khách chinh phục trong khoảng ba mươi phút thay vì đi bộ hai ba ngày. Trên đỉnh quanh năm mây phủ, mùa đông có thể xuất hiện băng tuyết, mùa xuân rừng đỗ quyên nở rộ; khí hậu thay đổi nhanh theo độ cao nên khi lên cần chuẩn bị áo ấm, giày bám tốt."
"Mũi Cà Mau là điểm cực Nam của Tổ quốc, vùng Đất Mũi có những đặc điểm địa lý và hệ sinh thái nào nổi bật?","Mũi Cà Mau thuộc xã Đất Mũi, huyện Ngọc Hiển, tỉnh Cà Mau, đánh dấu điểm cực Nam trên đất liền của Việt Nam. Đây là vùng đất trẻ do phù sa sông ngòi bồi đắp, bờ biển tiếp tục tiến ra phía biển hằng năm nhờ các khu rừng mắm mọc nhanh. Hệ sinh thái đặc trưng là rừng ngập mặn rộng lớn với mắm, đước, sú, vẹt, vừa là nơi nuôi dưỡng tôm cá vừa là lá chắn chống sóng, chống xói lở. Người dân sống chủ yếu bằng nuôi trồng thủy sản, đánh bắt và làm muối. Cột mốc GPS ghi tọa độ cực Nam trở thành điểm du lịch, du khách thường đứng dưới bóng cây mắm để chụp ảnh kỷ niệm tại địa đầu Nam Bộ."
Vì sao Ninh Thuận và Bình Thuận giáp biển mà lại là vùng khô hạn nhất cả nước?,"Vùng duyên hải Ninh Thuận, Bình Thuận nằm trong khu vực hạn hán nhất Việt Nam vì nhiều nguyên nhân cộng hưởng. Thứ nhất, dãy núi chạy ra biển tạo hiệu ứng bóng mưa, chặn luồng gió ẩm từ biển Đông nên mưa khó vào. Thứ hai, dòng biển nóng ven bờ và gió phơn Tây Nam mùa hạ thổi khô nóng làm lượng bốc hơi lớn. Lượng mưa trung bình năm chỉ khoảng 700-1.000 mm, thấp nhất cả nước. Chính khí hậu khô chan nắng lại là lợi thế trồng nho, táo, nha đam, làm muối và phát triển điện mặt trời, điện gió - ba thế mạnh kinh tế đặc trưng mà nơi ẩm ướt không thể có."
"Đà Lạt nằm giữa cao nguyên Lâm Viên, điều gì giúp nơi đây trồng được rau và hoa xứ ôn đới quanh năm?","Đà Lạt nằm ở độ cao khoảng 1.500 m trên cao nguyên Lâm Viên, nhờ độ cao mà nhiệt độ trung bình chỉ 18-21 độ C, mát mẻ quanh năm với chênh lệch ngày đêm rõ rệt - điều kiện lý tưởng cho rau hoa xứ ôn đới như xà lách, cải thảo, su su, cà chua, hoa hồng, cẩm tú cầu, tulip. Đất bazan giàu dinh dưỡng và nguồn nước dồi dào từ các thung lũng, hồ, thác giúp cây phát triển mạnh quanh năm. Chính vì vậy Đà Lạt trở thành vựa rau, vựa hoa lớn nhất miền Nam, cung cấp nông sản tươi mát cho cả nước và là điểm nghỉ dưỡng nổi tiếng với khí hậu ôn hòa."
"San hô là động vật hay thực vật, và vì sao san hô chết lại kéo theo suy giảm nguồn lợi thủy sản?","San hô là động vật thuộc ngành ruột khoang, không phải thực vật hay tảng đá. Mỗi polyp san hô là con vật nhỏ có tua miệng bắt mồi, sống cộng sinh với tảo quang hợp zooxanthellae trong mô - tảo cung cấp tới hơn 90% năng lượng, còn san hô dùng canxi trong nước biển kết thành bộ xương đá vôi cứng. Rạn san hô được ví là rừng nhiệt đới của đại dương: nơi ẩn náu, sinh sản của hàng vạn loài cá, tôm, cua, hải sâm và là nền tảng của chuỗi thức ăn. Khi san hô chết do nước ấm lên, ô nhiễm hay đánh bắt hủy diệt, hệ sinh thái sụp đổ, đàn cá rời đi, nguồn lợi thủy sản suy giảm nghiêm trọng và bờ biển mất đi lớp chắn sóng tự nhiên."
Vì sao nước biển ở một số vùng vịnh về đêm lại phát sáng màu xanh dạ quang như trời đầy sao?,"Hiện tượng này do thủy sinh vật phát quang sinh học, tiêu biểu là tảo hai roi và các loài động vật phù du, sứa, vi khuẩn biển vốn chứa protein luciferin và enzyme luciferase. Khi bị sóng, mái chèo hay bàn tay khuấy động, phản ứng hóa học giữa hai chất này giải phóng năng lượng dưới dạng ánh sáng lạnh màu xanh lam, người ta gọi là đại dương phát huỳnh quang hay biển dạ quang. Hiện tượng thường thấy ở vùng vịnh nước ấm, mùa hè và nổi rõ hơn khi trời tối. Chính cơ chế này còn được các loài tôm, mực, sứa dùng để ngụy trang, dụ mồi hoặc đánh lạc hướng kẻ săn mồi."
"Đom đóm phát sáng được nhờ đâu, và ánh sáng đó chúng dùng để làm gì?","Đom đóm phát sáng nhờ phản ứng sinh học giữa protein luciferin và enzyme luciferase ở cơ quan phát quang dưới bụng, dùng ATP làm nguồn năng lượng; phản ứng sinh ra ánh sáng lạnh màu vàng xanh với hiệu suất rất cao, gần như không tỏa nhiệt. Mỗi loài có màu và nhịp nhấp nháy riêng, chủ yếu dùng để tìm bạn tình: con đực bay phát tín hiệu, con cái đậu trả lời đúng nhịp; ánh sáng cũng dùng để cảnh báo kẻ săn mồi và trong một số trường hợp dụ con mồi. Ở Việt Nam, đom đóm thường xuất hiện mùa hè trong vườn, đồng ruộng, ven sông. Mất môi trường sống, thuốc trừ sâu và ánh đèn nhân tạo khiến quần thể đom đóm toàn cầu suy giảm rõ rệt."
"Chim cánh cụt nhìn lũn cũn trên cạn nhưng lại bơi cừ khôi dưới nước, vì sao chúng không bay được và thích nghi bơi lặn thế nào?","Chim cánh cụt đánh đổi khả năng bay để dành lợi thế săn mồi dưới nước qua hàng chục triệu năm tiến hóa. Cánh biến thành vây chèo dẹt, xương đặc và nặng thay vì xốp rỗng giúp lặn sâu, cơ ngực cực khỏe, lớp mỡ dày cùng bộ lông rậm chống nước giữ ấm tới mức chịu được giá rét Nam Cực. Khi bơi, chúng lao như mũi tên đuổi bắt cá, mực, nhuyễn thể, có loài lặn được hàng trăm mét; còn trên bờ thì thân hình tròn, chân ngắn, dáng lảo đảo trông vụng về. Nhờ toàn bộ cơ thể thiết kế cho nước, chim cánh cụt trở thành tay bơi và thợ lặn thuộc hàng cừ nhất ở vùng biển lạnh."
"Tàu thủy làm bằng sắt nặng hàng nghìn tấn, vì sao vẫn nổi được trên mặt nước bình thường?","Định luật Archimedes giải thích điều này: một vật chìm trong chất lỏng chịu lực đẩy bằng trọng lượng khối chất lỏng bị nó chiếm chỗ. Tuy thân tàu làm bằng thép đặc, nhưng kết cấu tàu được chế tạo rỗng giữa với các khoang, vách ngăn, nên toàn bộ khối tàu có thể tích rất lớn trong khi khối lượng vừa phải, khiến mật độ trung bình của con tàu nhỏ hơn mật độ nước. Kết quả là lực đẩy của phần nước bị chiếm chỗ đủ lớn để đè cân bằng trọng lực, tàu nổi. Tàu chở đầy hàng thì mớn nước sâu hơn, nhưng chỉ cần nước tràn vào khoang làm mật độ trung bình tăng vượt mức chịu đựng thì mới gây chìm."
"Khinh khí cầu và bóng bay bơm khí heli thì bay được, còn bong bóng thổi hơi miệng lại rơi xuống, vì sao?","Vật thể nhẹ hơn không khí thì bay lên nhờ lực nổi Archimedes. Khí heli nhẹ hơn không khí khoảng bảy lần, nên một quả bóng chứa đầy heli có trọng lượng tổng vẫn nhẹ hơn khối không khí cùng thể tích khiến nó được đẩy lên; quả bóng càng to, thể tích khí chiếm chỗ càng lớn thì lực nổi càng mạnh. Hơi thở người chủ yếu là nitơ, oxy và một ít carbon dioxide, có mật độ gần bằng không khí, nên bong bóng thổi bằng miệng không có lực nổi mà rơi xuống. Khinh khí cầu bay lên bằng cách đốt nóng không khí bên trong túi để khí giãn nở, giảm mật độ; ngừng đốt thì khí nguội, khí cầu từ từ hạ xuống."
"Máy in laser dùng bột mực khô, quá trình in một trang giấy diễn ra theo những bước nào?","Máy in laser in bằng nguyên lý tĩnh điện và nhiệt. Đầu tiên, trống in (drum) được tích điện đều; tia laser quét theo từng dòng sẽ trung hòa điện tích đúng những vùng cần in, tạo nên hình ảnh điện tử chìm. Bột mực khô mang điện tích trái dấu sẽ bám vào vùng đã bị laser chiếu, hình thành ảnh mực trên trống. Tiếp theo, giấy được kéo qua trống, điện tích chuyển sơ bộ để kéo bột mực dính sang trang giấy. Cuối cùng, giấy đi qua lô gia nhiệt ở nhiệt độ cao khiến bột mực nóng chảy và cố định vào sợi giấy, hoàn tất trang in. Nhờ cơ chế này máy in laser in nhanh, sắc nét và ổn định với khối lượng văn bản lớn."
"Một chiếc kính lúp (kính hội tụ) để khô trên giấy dưới nắng có thể làm giấy bốc khói và cháy, nguyên lý nào đứng sau hiện tượng này?","Kính lúp là thấu kính lồi, khiến các tia sáng song song từ mặt trời đi qua bị khúc xạ và hội tụ về một điểm rất nhỏ. Tại điểm hội tụ, năng lượng của hàng trăm tia sáng dồn về cùng lúc làm mật độ năng lượng tăng đột biến; giấy hấp thụ nhiệt lượng đó, nhiệt độ cục bộ tăng nhanh vượt ngưỡng cháy nên giấy bốc khói rồi bắt lửa. Kính có tiêu cự ngắn thì điểm hội tụ càng gần và năng lượng càng tập trung, đốt càng nhanh. Đây cũng chính là nguyên lý để hội tụ ánh nắng đun nước, nhưng cần cẩn thận không để kính lúp gần vật dễ cháy khi có nắng gắt."
"Spear phishing khác với phishing thông thường như thế nào, và vì sao kẻ tấn công lại thành công khi email chỉ nhắm riêng nạn nhân?","Phishing thông thường gửi email hàng loạt với nội dung chung chung như tài khoản hết hạn, trúng thưởng để ai cũng có thể dính bẫy. Spear phishing thì nhắm vào một cá nhân hoặc một nhóm cụ thể: trước khi gửi, kẻ tấn công thu thập thông tin từ mạng xã hội, diễn đàn, danh bạ, email bị lộ để dựng nên email đúng tên, đúng vị trí công việc, nhắc đúng dự án, sở thích của nạn nhân. Nhờ vậy nội dung hợp lý và đáng tin hơn hẳn, nhất là khi giả danh đồng nghiệp hoặc đối tác quen. Cách phòng tránh là xác minh ngoài email bằng điện thoại, cảnh giác khi có yêu cầu bất thường dù đến từ người quen, và không bấm vào tệp đính kèm lạ. Đây là thông tin kiến thức, không phải hướng dẫn phạm pháp."
"Trong an ninh mạng, pretexting, baiting và tailgating là những kỹ thuật tấn công xã hội như thế nào?","Pretexting là dựng một bối cảnh giả kèm vai diễn thuyết phục, ví dụ giả làm nhân viên IT gọi điện xin mật khẩu để khắc phục sự cố với lý do nghe rất hợp lệ. Baiting dụ nạn nhân bằng mồi: USB để quên ở sảnh, quà tặng miễn phí, đường link tải phần mềm bẻ khóa - chỉ cần cắm USB hoặc bấm link là phần mềm độc hại được cài vào máy. Tailgating là đi theo sát người có quyền vào tòa nhà, phòng máy khi cửa vừa mở mà không cần xác thực. Điểm chung là chúng tấn công vào lòng tin, sự tò mò và thói quen giúp đỡ của con người thay vì lỗ hổng kỹ thuật. Nhận thức và quy trình xác minh danh tính là cách phòng chống hiệu quả. Đây là thông tin kiến thức, không phải hướng dẫn phạm pháp."
"Kẻ gian dựng điểm phát wifi giả cùng tên với quán cà phê để bắt người dùng kết nối, hình thức tấn công này gọi là gì và gây hại ra sao?","Đây là tấn công evil twin, tức điểm truy cập sinh đôi. Kẻ gian mở một hotspot bằng điện thoại hoặc thiết bị nhỏ đặt tên y hệt wifi thật của quán, thậm chí sóng mạnh hơn khiến máy người dùng tự động kết nối nhầm. Khi truy cập, toàn bộ lưu lượng đi qua thiết bị của kẻ gian, chúng có thể đọc tin nhắn, mật khẩu được gửi dạng không mã hóa, hoặc bơm trang đăng nhập giả để đánh cắp tài khoản. Nhận biết bằng cách hỏi nhân viên quán tên wifi chính thức, tránh mạng mở không mật khẩu, đặc biệt không đăng nhập ngân hàng trên mạng lạ. Kết hợp VPN và xác thực hai lớp để giảm rủi ro. Đây là thông tin kiến thức, không phải hướng dẫn phạm pháp."
"Máy tính hiện cảnh báo giả virus dọa tài khoản bị hack, yêu cầu gọi đến đường dây nóng để chuyển tiền mua phần mềm diệt virus, chiêu lừa hỗ trợ kỹ thuật này hoạt động như thế nào?","Đây là chiêu lừa hỗ trợ kỹ thuật (tech support scam) kết hợp scareware. Kẻ gian dùng trang web giả hoặc pop-up cảnh báo máy tính nhiễm virus nghiêm trọng, hoặc trực tiếp gọi điện xưng là nhân viên Microsoft, Apple báo máy gửi tín hiệu nguy hiểm. Nạn nhân gọi vào số hỗ trợ thì được hướng dẫn cài phần mềm điều khiển từ xa, kẻ gian tự trình chiếu màn hình để dựng bằng chứng lỗi, rồi đòi trả phí bằng thẻ quà tặng hoặc tiền mặt với lý do gia hạn bảo hiểm. Đáng chú ý, các hãng công nghệ không bao giờ gọi điện hay hiện pop-up yêu cầu trả tiền. Khi gặp, không cài phần mềm lạ, tắt trình duyệt và liên hệ trung tâm chăm sóc chính thức. Đây là thông tin kiến thức, không phải hướng dẫn phạm pháp."
Rug pull trong giới tiền mã hóa là gì và vì sao nhiều người chơi Việt Nam mất tiền vào các token mới nổi?,"Rug pull, nghĩa đen kéo thảm, là kiểu lừa đảo trong crypto: đội ngũ tạo ra token, đầu tư marketing rầm rộ, kêu gọi người mua vào, rồi rút toàn bộ thanh khoản khỏi sàn phi tập trung làm giá đồng tiền sụp đổ trong vài phút và những người đến sau không bán được. Các dự án lừa đảo thường giấu danh tính đội ngũ, hợp đồng thông minh có sẵn cơ chế rút khẩn cấp, thanh khoản không bị khóa, và quảng cáo lợi nhuận rầm rộ trên mạng xã hội. Nhà đầu tư mới dễ mất tiền vì tin theo sự đông đúc và sợ bỏ lỡ đà tăng. Trước khi mua nên kiểm tra kiểm toán hợp đồng, xác minh danh tính đội ngũ, xem thanh khoản có bị khóa lâu dài không. Đây là thông tin kiến thức, không phải hướng dẫn phạm pháp."
"Smurfing (còn gọi là structuring) trong lĩnh vực chống rửa tiền là gì, thủ đoạn này né quy định báo cáo giao dịch như thế nào?","Smurfing là thủ đoạn chia một khoản tiền lớn có nguồn gốc bất minh thành nhiều khoản nhỏ hơn ngưỡng bắt buộc báo cáo giao dịch theo quy định mỗi nước, rải qua nhiều tài khoản, nhiều người gửi (smurf) hoặc nhiều lần gửi để tránh sự chú ý của ngân hàng. Các lần gửi riêng lẻ trông bình thường, nhưng khi gộp lại thì rõ ràng là có mục đích che giấu nguồn gốc. Để chống lại, ngân hàng và tổ chức tài chính dùng hệ thống rà soát tổng hợp số dư, tần suất, dòng chảy giao dịch để nhận diện hành vi rải lẻ bất thường và phải báo cáo cho cơ quan chức năng. Đây là thông tin kiến thức, không phải hướng dẫn phạm pháp."
"Rửa tiền qua hoạt động thương mại quốc tế được thực hiện bằng những chiêu nào, như khai khống hóa đơn xuất nhập khẩu?","Đây gọi là rửa tiền dựa vào thương mại (trade-based money laundering). Các chiêu thường gặp: khai khống giá hóa đơn, tức kê giá hàng nhập quá cao hoặc xuất quá thấp để chuyển khoản chênh lệch giữa các bên; kê khối lượng hàng khống bằng cách lập hóa đơn cho lô hàng không tồn tại; lập hóa đơn nhiều lần cho cùng một lô hàng; hoặc điều chỉnh giá khi chuyển giao giữa các công ty trong cùng tập đoàn. Nhờ khối lượng thương mại lớn, dòng tiền được trộn vào hoạt động kinh doanh hợp pháp khiến cơ quan chức năng khó phân biệt. Hải quan so sánh giá hàng với giá thị trường, đối chiếu chứng từ và truy vết dòng tiền để phát hiện gian lận. Đây là thông tin kiến thức, không phải hướng dẫn phạm pháp."
"Vì sao sòng bạc và các trò chơi đổi thưởng từng bị xem là kênh rửa tiền phổ biến, và các quy định hiện đại ngăn chặn điều đó ra sao?","Sòng bạc thu hút kẻ rửa tiền vì lượng tiền mặt lớn, khó xác định nguồn gốc và ít bị theo dõi như ngân hàng. Kiểu cơ bản là mua chip bằng tiền bẩn, chơi vài ván nhỏ rồi đổi chip lại thành séc hoặc tiền mặt; số tiền nhận về trông như tiền thắng cược hợp pháp nên nguồn gốc được hợp thức hóa. Để ngăn chặn, các sòng bạc có giấy phép phải thực hiện xác minh danh tính khách hàng, thu thập danh tính khi đổi chip số tiền lớn, quy định hạn mức giao dịch, theo dõi hành vi chơi bất thường và báo cáo giao dịch đáng ngờ cho cơ quan chống rửa tiền. Sòng bạc trực tuyến cũng bị kiểm soát xác thực danh tính và lịch sử nạp, rút tương tự. Đây là thông tin kiến thức, không phải hướng dẫn phạm pháp."
"Root máy Android và jailbreak iPhone có gì khác nhau về mặt kỹ thuật, mỗi cách mang lại quyền kiểm soát gì?","Root áp dụng cho Android: người dùng giành quyền siêu người dùng (uid 0) trong hệ điều hành Linux, có thể đọc ghi toàn bộ hệ thống, gỡ ứng dụng cài sẵn, chỉnh kernel, sao lưu dữ liệu ở mức sâu. Jailbreak áp dụng cho iOS: khai thác lỗ hổng để gỡ các ràng buộc của Apple như ký mã ứng dụng, vượt qua sandbox, từ đó cài tweak và phần mềm không có trên App Store. Cả hai đều nhằm phá bỏ giới hạn do nhà sản xuất đặt ra, nhưng khác nhau ở nền tảng: Android vốn mở hơn, nhiều máy hỗ trợ mở khóa bootloader chính thức, còn iOS đóng hoàn toàn nên phải dựa vào lỗ hổng tìm thấy. Rủi ro chung là mất bảo hành và dễ bị phần mềm độc hại tấn công do bỏ qua cơ chế kiểm chứng. Đây là thông tin kiến thức, không phải hướng dẫn phạm pháp."
Sideload ứng dụng lên iPhone là gì và nó khác jailbreak ở điểm nào?,"Sideload là tự cài ứng dụng lên iPhone thông qua cơ chế ký số do Apple hỗ trợ: dùng tài khoản Apple ID miễn phí hoặc trả phí để tạo chứng chỉ ký ứng dụng, hoặc dùng công cụ như AltStore, Sideloadly. Quá trình này vẫn nằm trong kỷ luật của Apple, ứng dụng bị giới hạn trong sandbox và phải gia hạn ký lại sau 7 ngày với tài khoản miễn phí. Jailbreak thì khác hẳn: nó vượt qua cơ chế ký số và phá rào sandbox bằng lỗ hổng hệ thống, cho phép chạy mã không qua phê duyệt và thay đổi sâu hệ điều hành. Nói ngắn gọn, sideload hợp lệ hơn và an toàn hơn, còn jailbreak mở nhiều quyền hơn nhưng kèm rủi ro bảo mật và mất bảo hành. Đây là thông tin kiến thức, không phải hướng dẫn phạm pháp."
"Trong chảo rang, hạt bắp khô bỗng nổ bung thành miếng xốp trắng to gấp nhiều lần, cơ chế nào tạo ra hiện tượng này?","Bên trong hạt bắp có phần nội nhũ chứa tinh bột và nước với độ ẩm thường quanh 14%. Khi rang, nhiệt làm nước trong hạt bốc hơi, áp suất bên trong tăng nhanh tới mức rất lớn, trong khi lớp vỏ cứng bên ngoài kẹp chặt hơi nước ở nhiệt độ cao. Tới ngưỡng nhất định, vỏ vỡ bung, hơi nước dãn nở đột ngột đẩy tinh bột trương xốp tạo thành miếng bắp rang. Nếu hạt quá khô, nước quá ít thì không đủ áp suất để nổ; còn nếu hạt quá ẩm, vỏ mềm không giữ được áp suất nên hạt chỉ nổ nhẹ hoặc bị cháy."
Vì sao thái hành tây lại làm cay mắt và chảy nước mắt dù chỉ cắt lát bình thường?,"Hành tây hấp thụ lưu huỳnh từ đất và tích trữ các hợp chất amino acid sulfoxide trong tế bào. Khi dao cắt làm vỡ tế bào, enzyme alliinase thoát ra trộn lẫn với các hợp chất này và tạo thành chất bay hơi tên syn-propanethial-S-oxide. Chất khí này bốc lên, hòa tan trong lớp nước mắt bao phủ bề mặt mắt và tạo ra một lượng nhỏ acid gây kích thích nên mắt cay và tiết nhiều nước để rửa trôi. Để giảm, có thể ngâm hành trong nước lạnh trước khi cắt, cắt nhanh dưới vòi nước, dùng dao thật sắc, hoặc đeo kính bảo hộ để chất khí bay hơi trước khi chạm tới mắt."
"Tóc hồi trẻ đen mượt, lớn tuổi lại bạc trắng dần, nguyên nhân sinh học nào khiến tóc mất màu?","Màu tóc do các tế bào melanocyte nằm ở đáy nang tóc sản xuất sắc tố melanin quyết định. Khi tuổi tác tăng, các tế bào này hoạt động giảm sút và cuối cùng ngừng sản xuất, khiến sợi tóc mọc mới không đủ sắc tố, có màu trắng hoặc xám. Tốc độ bạc tóc còn phụ thuộc di truyền, căng thẳng kéo dài, một số bệnh như rối loạn tuyến giáp, thiếu vitamin B12 hoặc thói quen hút thuốc. Khi melanin đã ngừng sản xuất, tóc không tự đảo ngược màu; hiện chỉ có thể nhuộm để che đi. Bạc tóc là quá trình lão hóa tự nhiên của cơ thể, không nên lo lắng quá mức."
"Khi gặp gió lạnh hoặc nghe một bản nhạc gây xúc động mạnh, da nổi gai ốc, hiện tượng này có ý nghĩa gì với cơ thể?","Hiện tượng gai ốc (piloerection) xảy ra khi các cơ dựng lông nhỏ liên kết với từng chân lông co lại đột ngột làm lông dựng đứng, da nổi thành từng nốt sần. Đây là phản xạ do hệ thần kinh giao cảm kích hoạt khi adrenaline được giải phóng. Trong quá khứ, khi tổ tiên chúng ta còn nhiều lông, phản xạ này giúp giữ một lớp không khí ấm sát da khi trời lạnh, đồng thời làm cơ thể trông to lớn hơn để dọa kẻ thù. Ngày nay lông người thưa thớt nên ít tác dụng cách nhiệt, nhưng cơ chế vẫn hoạt động khi lạnh, sợ hãi, cảm xúc mạnh hoặc nghe nhạc gây xúc động sâu."
"Đứng trong hang động hay vực núi nói lớn nghe tiếng của mình dội lại, tiếng vang được tạo ra theo nguyên lý vật lý nào?","Tiếng vang là do sóng âm phản xạ từ bề mặt cứng, lớn như vách núi, tường bê tông hay hang động. Âm thanh truyền tới chạm bề mặt rồi phản hồi trở lại; nếu thời gian âm phản xạ về tai chậm hơn âm trực tiếp trên 0,05 giây, tai sẽ phân biệt được hai âm riêng biệt. Tương ứng với tốc độ âm thanh, bề mặt phản xạ cần cách xa trên chừng 17 m, nên ở vực núi, hang lớn nghe rõ tiếng dội. Trong phòng nhỏ, khoảng cách quá ngắn khiến âm dội tới quá nhanh, trộn vào âm gốc nên chỉ tạo độ vang rầm chứ không tách được tiếng. Nguyên lý này được ứng dụng trong sonar, đo khoảng cách và thiết kế phòng hòa nhạc."
"Nấc cụt sinh ra do đâu, và khi ăn no bị nấc liên tục thì nên xử lý thế nào cho nhanh hết?","Nấc là cơn co thắt không chủ ý của cơ hoành kèm tiếng do nắp thanh môn đóng sập ngay sau đó. Nguyên nhân phổ biến là dạ dày đầy hơi, ăn uống quá nhanh, uống nước có ga, căng thẳng hoặc kích thích dây thần kinh hoành. Khi đang nấc liên tục, có thể ngắt phản xạ bằng cách nín thở vài giây, uống nước chậm từng ngụm, nuốt một cục đá nhỏ, nâng đầu gối lên ngực, hoặc thở chậm vào túi giấy để tăng carbon dioxide, giúp cơ hoành dịu lại. Nấc thông thường tự hết sau vài phút; nếu kéo dài trên 48 giờ kèm cảm giác khó chịu thì nên đi khám để tìm nguyên nhân sâu xa."
"Chạm tay vào mặt bàn kim loại thấy lạnh hơn mặt bàn gỗ dù cùng một nhiệt độ phòng, vì sao?","Cảm giác nóng lạnh khi chạm không phản ánh đúng nhiệt độ của vật mà phản ánh tốc độ truyền nhiệt giữa tay và vật. Kim loại dẫn nhiệt rất tốt, nhanh chóng hút nhiệt từ da tay ra nên ta lập tức thấy lạnh buốt. Gỗ dẫn nhiệt kém, hầu như không rút nhiệt khỏi da nên tay vẫn giữ ấm, cảm giác như mặt gỗ ấm hơn dù nhiệt độ thực chất tương đương. Nguyên tắc tương tự giải thích vì sao tấm kim loại để trong phòng lạnh chạm vào buốt hơn tấm nệm bọt mềm. Đây cũng là lý do sàn nhà lát gỗ hay trải thảm thường được ưa chuộng ở vùng khí hậu lạnh."
"Mật ong để hàng chục năm vẫn không hư, vì sao vi sinh vật không thể sinh sống trong mật ong?","Mật ong có hàm lượng nước rất thấp, thường khoảng 17%, trong khi mật độ đường rất cao. Nồng độ đường đậm đặc tạo áp suất thẩm thấu lớn: nước trong tế bào vi khuẩn bị hút ra ngoài, khiến vi sinh vật không thể sinh trưởng. Bên cạnh đó mật ong có độ pH thấp khoảng 3,9 và chứa enzyme glucose oxidase do ong tiết ra, tạo một lượng nhỏ hydrogen peroxide khiến môi trường càng bất lợi với vi khuẩn. Tuy vậy mật ong không hư mãi: nếu để hở lâu hút ẩm hoặc pha loãng với nước, đường sẽ bị lên men dần và mật có thể chua, đổi mùi."
"Cá sống dưới nước thở bằng cách nào, và vì sao đưa cá lên cạn chúng lại chết dù không thiếu không khí?","Cá hô hấp bằng mang: nước chảy qua khoang miệng, len lách giữa các phiến mang mỏng có lớp biểu mô và hệ mao mạch dày đặc. Oxy hòa tan trong nước khuếch tán vào máu, còn CO2 được thải ra ngoài; nhờ dòng nước chảy ngược chiều dòng máu, cá tận dụng được tối đa lượng oxy. Khi bắt lên cạn, các phiến mang vốn tách rời trong nước bị xẹp dính lại do trọng lực, diện tích trao đổi khí gần như mất hẳn, cá không thể lấy đủ oxy từ không khí nên nhanh chóng ngạt thở. Một số loài như cá lóc thở thêm bằng cơ quan trên mang hay mê lộ nên sống được vài giờ trên cạn, nhưng đa số cá rất nhạy cảm với việc đưa khỏi nước."
Nhện giăng lưới để bắt mồi thì chính nó đi lại trên lưới vì sao không bị dính?,"Lưới nhện không phải một khối dính đồng nhất. Nhện kéo hai loại tơ: các sợi khung và bán kính thì khô, không dính, dùng làm đường đi lại; phần vòng xoắn bắt mồi ở giữa mới được phủ lớp keo. Nhện di chuyển chủ yếu trên sợi khô hoặc dùng đầu chân chạm đúng phần không dính, đồng thời có lớp lông nhỏ ở bàn chân giảm diện tích tiếp xúc và chân tiết một lớp chất dầu giúp không bị kẹt. Khi con mồi rơi vào vòng keo, nhện cảm nhận rung động sợi tơ rồi nhanh chóng lao tới, dùng loại tơ không dính quấn chặt con mồi."
"Mùa lạnh, người ta rắc muối lên đường đóng băng để băng tan nhanh. Nguyên lý nào giúp muối làm băng tan?","Muối làm giảm điểm đóng băng của nước, gọi là hiện tượng giảm nhiệt độ đông đặc (freezing point depression). Khi rắc muối lên lớp đá, các ion natri và clo hòa tan vào lớp nước mỏng trên bề mặt, khiến nước bão hòa muối không thể kết tinh trở lại ở 0 độ C; điểm đóng băng tụt xuống dưới vài độ âm nên băng tan. Quá trình hòa tan này cần hút nhiệt từ xung quanh, cũng là lý do hỗn hợp muối và đá trong thùng giữ lạnh kem đạt nhiệt độ thấp hơn đá nguyên chất. Ngoài muối ăn, người ta còn dùng canxi clorua hoặc magiê clorua vì chúng hiệu quả hơn ở nhiệt độ rét đậm."
"Ban đêm mèo vẫn đi lại, đuổi bắt chuột rất tài tình, cấu tạo mắt giúp mèo nhìn rõ trong tối như thế nào?","Mắt mèo có nhiều thích nghi đặc biệt: võng mạc chứa mật độ tế bào que, loại tế bào nhạy cảm với ánh sáng yếu, nhiều hơn hẳn mắt người, trong khi tế bào nón nhận biết màu sắc ít hơn. Ngoài ra, phía sau võng mạc có lớp tapetum lucidum phản chiếu ánh sáng trở lại cho tế bào que soi lần nữa, nên mắt mèo nhạy ánh sáng gấp khoảng 6 lần mắt người; đây chính là lý do mắt mèo lóe sáng khi có đèn chiếu. Đồng tử khe cũng giãn rộng rất nhiều để đón tối đa ánh sáng. Tuy vậy mèo vẫn cần một chút ánh sáng yếu, không thấy được trong bóng tối hoàn toàn, và nhận biết màu sắc kém hơn người."
"Kiến tha mồi đi xa hàng chục mét rồi vẫn tìm được đường về tổ, chúng định vị bằng những tín hiệu nào?","Kiến kết hợp nhiều cơ chế định hướng. Quan trọng nhất là vệt pheromone: khi đi tìm thức ăn chúng để lại hóa chất trên đường, và khi về tổ nhanh chóng huy động thêm đồng đội đi theo vệt mùi ngày càng đậm. Chúng còn ghi nhớ các mốc địa hình như cành cây, vết nứt, thân cỏ để tự vẽ bản đồ trí nhớ, dùng ánh nắng và ánh sáng phân cực của bầu trời làm la bàn, và có loài đếm bước để đo quãng đường đã đi. Khi kiếm ăn xong, kiến cũng ước lượng góc và chiều dài lộ trình để về thẳng tổ thay vì phải vòng theo đường cũ."
"Hát xẩm là loại hình dân ca Việt Nam như thế nào, và hiện nay nét nghệ thuật này được gìn giữ bằng cách nào?","Hát xẩm là nghệ thuật hát dân gian của các nghệ nhân khiếm thị lang thang kiếm sống từ xưa, hát với phách gõ, đàn nhị hoặc trống đệm để kể chuyện, châm biếm cuộc đời và phản ánh xã hội. Xẩm từng phổ biến ở các phiên chợ miền Bắc như Bắc Ninh, Hà Nội, Thái Bình với những bài nổi tiếng như Xẩm thập ân, Xẩm chợ, Xẩm ba bậc. Ngày nay số nghệ nhân đàn, hát xẩm còn rất ít, nên các câu lạc bộ và nghệ sĩ ở Hà Nội đang phục dựng, truyền dạy và đưa xẩm lên sân khấu, lễ hội để giữ gìn di sản văn hóa đang thưa vắng này."
"Múa rối nước là nét nghệ thuật đặc sắc của vùng đồng bằng Bắc Bộ, quân rối hoạt động trên mặt nước bằng cơ chế điều khiển nào?","Múa rối nước có nguồn gốc từ vùng nông nghiệp châu thổ sông Hồng, tiêu biểu ở làng Đào Thục, Tế Tiêu. Sân khấu là chiếc thủy đình nổi giữa ao, hồ, phía sau buồng trò che kín người điều khiển. Quân rối được nối với hệ thống cọc tre, sào, dây và ròng rọc đặt dưới mặt nước; nghệ nhân đứng trong nước hoặc sau buồng dùng tay kéo, đẩy cần để quân rối nhô lên, di chuyển và giao đấu như đang đứng trên mặt nước. Vì vậy các tiết mục thường mô tả cảnh đồng quê như cấy lúa, chăn trâu, câu ếch, cá chép hóa rồng. Nghệ thuật này kết hợp tinh xảo giữa tạo hình, thủy thuật và kịch nghệ."
"Tranh Đông Hồ là dòng tranh dân gian như thế nào, chất giấy và màu vẽ được làm từ những nguyên liệu gì?","Tranh Đông Hồ là dòng tranh khắc gỗ dân gian của làng Đông Hồ, huyện Thuận Thành, tỉnh Bắc Ninh. Kỹ thuật in gồm nhiều bản gỗ, mỗi bản một màu, in chồng cẩn thận thành bức tranh nhiều màu như tranh đánh ghen, chăn trâu thổi sáo, gà trống. Giấy in gọi là giấy điệp, được nghiền từ vỏ cây dó phết bột điệp từ vỏ sò tán mịn nên ánh lên óng ánh. Màu tự nhiên hoàn toàn: đen lấy từ than tre hay lá xoan đốt, đỏ từ đất son, vàng từ hoa hòe, xanh từ lá chàm, trắng từ bột điệp. Nhờ nguyên liệu này, màu tranh bền, tươi và hồn hậu, đậm chất đồng quê."
"Giỗ Tổ Hùng Vương mồng 10 tháng 3 âm lịch có ý nghĩa gì, và lễ hội đền Hùng thường diễn ra với những nghi thức nào?","Giỗ Tổ Hùng Vương là ngày tưởng niệm các vua Hùng, những bậc khai cơ lập nghiệp của dân tộc, mang ý nghĩa uống nước nhớ nguồn sâu sắc; từ năm 2007 ngày mồng 10 tháng 3 âm lịch trở thành ngày quốc lễ của Việt Nam. Lễ hội chính diễn ra tại khu di tích đền Hùng trên núi Nghĩa Lĩnh, thành phố Việt Trì, tỉnh Phú Thọ. Nghi thức gồm lễ dâng hương của đại biểu các tỉnh, lễ rước kiệu trang nghiêm, cùng hội thi gói và luộc bánh chưng, bánh giầy. Hàng nghìn người dân trên khắp cả nước và kiều bào xa quê về hành hương tri ân tổ tiên, thắp nén hương tưởng về cội nguồn dân tộc."
"Rằm tháng giêng còn gọi là Tết Nguyên tiêu, người Việt thường làm gì vào ngày này?","Rằm tháng giêng (15 tháng 1 âm lịch) là Tết Nguyên tiêu, được người Việt xem là ngày rằm lớn nhất trong năm với quan niệm cúng cả năm không bằng rằm tháng giêng. Vào ngày này, gia đình thường dâng hương, cúng Phật và tổ tiên; nhiều người ăn chay, đi chùa cầu may, xin lộc đầu năm, nghe kinh hoặc tham gia lễ dâng đăng. Mâm cỗ cúng thường chuẩn bị tươm tất với hoa quả, chè, xôi và các món chay. Trước đây các địa phương còn tổ chức hội đèn, hội đoán vận, tạo không khí vui tươi khi năm mới vừa tròn nửa tháng trôi qua."
"Phong tục cúng Ông Công, Ông Táo ngày 23 tháng Chạp mang ý nghĩa gì và mâm lễ thường gồm những gì?","Theo tín ngưỡng dân gian, Ông Táo là các vị thần cai quản bếp núc, được giao nhiệm vụ báo cáo việc nhà lên Ngọc Hoàng; ngày 23 tháng Chạp là ngày đưa ông Táo về trời nên các gia đình làm lễ tiễn. Đặc biệt, người ta thường mua cá chép thả phóng sinh với quan niệm cá chép hóa rồng làm phương tiện đưa ông Táo chở về trời. Mâm cúng thường có gà hoặc chân giò luộc, đĩa trái cây, trầu cau, nước, hương đèn, và bộ mũ ông Công gồm ba chiếc cùng áo, quần giấy sẽ được đốt sau lễ. Nghi thức này thể hiện lòng thành kính và ước mong một năm mới ấm no, đủ đầy."
"Ca trù là loại hình nghệ thuật ra sao, và vì sao UNESCO xếp nó vào danh sách di sản cần bảo vệ khẩn cấp?","Ca trù còn gọi là hát ả đào, là nghệ thuật trình diễn cổ truyền kết hợp hát, đàn và gõ phách. Một buổi diễn gồm ba thành phần: đào nương hát vừa đánh phách, kép ngồi gảy đàn đáy hòa theo, và quan viên ngồi phán xét đánh trống chầu. Ca trù từng là thú chơi tao nhã của giới trí thức xưa, gắn với vùng chợ, hội Tết, nhưng số nghệ nhân thực thụ giảm mạnh. Năm 2009 UNESCO ghi danh ca trù vào danh sách di sản văn hóa phi vật thể cần bảo vệ khẩn cấp vì nguy cơ thất truyền cao, thúc đẩy Việt Nam chung tay phục hồi, truyền dạy và ghi chép nghệ thuật độc đáo này."
"Không gian văn hóa cồng chiêng Tây Nguyên đại diện cho điều gì, và nó được gìn giữ như thế nào?","Cồng chiêng Tây Nguyên là bộ nhạc cụ gắn liền với đời sống tinh thần của nhiều dân tộc như Ê Đê, M'Nông, Bana, Gia Rai, Xơ Đăng. Tiếng chiêng đóng vai trò ngôn ngữ giao tiếp với thần linh, tổ tiên, được dùng trong lễ hội, nghi lễ vòng đời, mừng lúa mới hay đón khách; bộ chiêng còn là tài sản quý, biểu tượng danh giá của gia đình. Năm 2005 UNESCO ghi danh không gian văn hóa cồng chiêng Tây Nguyên là kiệt tác di sản phi vật thể của nhân loại. Hiện nay các tỉnh Tây Nguyên và các buôn làng mở lớp truyền dạy đánh chiêng cho thế hệ trẻ, phục dựng lễ hội truyền thống và đưa du khách vào trải nghiệm."
"Muốn nồi bún bò Huế chuẩn vị, có màu đỏ ruốc đặc trưng và nước dùng đậm đà thì phải chuẩn bị nguyên liệu ra sao?","Nồi bún bò ngon chủ lực ở nước dùng: hầm xương ống, xương đuôi bò với nước lạnh, liên tục hớt bọt cho trong, rồi nêm mắm ruốc để tạo màu đỏ và vị đậm trứ danh của món Huế. Bổ sung sả đập dập, củ nén hay hành tím nướng, ớt bột điều, mắm tôm để nước dùng thơm và sánh đượm. Thịt thường là bắp, gân, bò viên và giò heo hầm vừa mềm. Sợi bún to hơn bún các vùng khác, trần qua nước sôi rồi xếp vào tô, chan nước dùng sôi già, rắc hành lá, ngò gai. Ăn kèm rau sống, bắp chuối bào, giá chần sơ và chút ớt sa tế cho vị cay nồng."
"Gỏi cuốn (nem cuốn) muốn bánh tráng dẻo dai không rách, nhân tươi ngon và nước chấm vừa miệng thì cần những bí quyết gì?","Bánh tráng làm từ bột gạo tráng mỏng, trước khi cuốn chỉ nhúng nhanh qua nước cho mềm rồi để vài giây cho ráo bớt. Nhân gồm tôm lột luộc, thịt ba chỉ luộc thái lát, bún tơi, xà lách, rau thơm các loại, xếp gọn rồi cuốn thật chặt tay nhưng không nhồi quá đầy kẻo rách. Bí quyết giữ bánh cuốn dẻo và đẹp là làm đến đâu cuốn tới đó, ăn ngay, tránh để bánh khô cứng. Nước chấm chuẩn là nước mắm ngon pha đường, chanh, tỏi, ớt theo tỉ lệ chua ngọt hài hòa, thêm ít giấm tỏi theo khẩu vị miền Nam để tô gỏi thêm tròn vị."
"Cá kho tộ muốn thấm đậm, săn chắc không vỡ nát và có màu đẹp thì phải làm từ khâu chọn cá đến nấu như thế nào?","Cá kho ngon nên chọn cá tươi chắc như cá basa, cá nục, cá lóc, làm sạch nhớt, để ráo và thái miếng vừa ăn, không thái quá mỏng kẻo nát. Tộ đất thường dùng có độ dày giữ nhiệt đều; trước khi xếp cá có thể lót vài lát cà chua, gừng để thơm và chống dính. Nước kho pha từ đường thắng thành nước màu, nước mắm ngon, hạt tiêu, ớt tươi, đổ ngập cá rồi đun lửa riêu liu riu, không đảo mạnh để cá săn lại nguyên miếng. Kho đến khi nước sánh sệt, bày ra tộ ăn nóng với cơm trắng, ngon nhất là để qua đêm cho thấm đều."
"Lẩu mắm đặc sản miền Tây được nấu từ loại mắm nào, và cần làm gì để nước lẩu đậm thơm mà không bị tanh?","Lẩu mắm thường dùng mắm cá linh, cá sặc hoặc mắm ba khía được ủ chín kỹ, có vị thơm đặc trưng. Cách nấu: phi sả băm, tỏi, hành, ớt cho vàng, cho mắm vào xào cùng đường và chút dầu để khử tanh và dậy vị, rồi đổ nước dừa tươi hoặc nước luộc xương vào ninh; sau đó bỏ xác cá, giữ lấy nước cốt, nêm thêm nước mắm, me hoặc tương ớt cho cân vị. Khi ăn, nước lẩu đậm đà dùng để nhúng cá lóc, tôm, gà thả vườn, rau nhút, bông súng, đậu bắp, bạc hà và bún tươi. Mùi hương mắm thơm lừng bốc lên, chan nóng rất đã miệng giữa những ngày trời mưa."
"Thác Bản Giốc nằm ở tỉnh nào, có đặc điểm gì khiến nó trở thành thắng cảnh nổi tiếng hàng đầu của Việt Nam?","Thác Bản Giốc thuộc xã Đàm Thủy, huyện Trùng Khánh, tỉnh Cao Bằng, nằm trên dòng sông Quây Sơn giữa rừng núi đá vôi vùng biên giới, man mác cảnh sơn thủy của miền Đông Bắc. Đây là thác nước lớn và đẹp vào hàng bậc nhất Việt Nam, gồm nhiều bậc đổ xuống từ độ cao hơn 30 m, rộng hàng trăm mét, chia thành nhiều dòng nước ảo như chiếc màn khổng lồ giữa núi non. Mùa nước lớn từ tháng 6 đến tháng 10, dòng chảy cuồn cuộn tung bụi trắng xóa, kết hợp với núi, rừng và các vạt ruộng lúa tạo nên bức tranh hùng tráng. Du khách cũng có thể chèo thuyền len dưới chân thác để cảm nhận vẻ đẹp thiên nhiên tuyệt diệu."
"Hồ Ba Bể ở tỉnh nào, vì sao nó được xem là hồ nước ngọt tự nhiên lớn nhất Việt Nam?","Hồ Ba Bể nằm giữa khu rừng nguyên sinh vùng núi đá vôi thuộc huyện Ba Bể, tỉnh Bắc Kạn. Tên Ba Bể xuất phát từ ba hồ nhỏ là Pé Lầm, Pé Lù và Pé Lèng thông nhau qua các dòng nối, tạo nên mặt hồ dài khoảng 8 km với diện tích chừng 500 ha và chỗ sâu nhất hơn 35 m, lớn nhất trong các hồ nước ngọt tự nhiên của Việt Nam. Hồ được hình thành do sự vận động kiến tạo và sạt trượt đá vôi chặn thung lũng tạo thành lòng hồ khép kín. Bao quanh là rừng nguyên sinh, thác nước, hang động và các bản làng dân tộc, khiến Ba Bể trở thành điểm du lịch sinh thái nổi tiếng, được UNESCO công nhận là khu Ramsar thế giới."
"Ruộng bậc thang Mù Cang Chải nổi tiếng nhờ điều gì, và loại ruộng này của đồng bào vùng cao hình thành như thế nào?","Mù Cang Chải thuộc tỉnh Yên Bái, nổi danh với những thửa ruộng bậc thang uốn lượn trên sườn núi đá dốc đứng, được đánh giá vào hàng danh thắng ruộng lúa đẹp nhất Việt Nam. Ruộng bậc thang do đồng bào Mông, Dao và các dân tộc bản địa tạo dựng từ hàng trăm năm: họ tận dụng sườn núi, đắp bờ, gác xà, dẫn nước từ núi cao tưới ruộng, biến triền dốc thành những bậc thang sát kề từ chân lên lưng chừng núi. Nhờ đó lúa nước canh tác được trên đất dốc. Mùa xuân ruộng ngập nước óng ánh, mùa mạ xanh mơn mởn, còn mùa lúa chín cả vùng nhuộm vàng uốn lượn, thu hút du khách tứ phương về ngắm cảnh."
"Phú Quốc được gọi là đảo ngọc nhờ vào những nét gì về thiên nhiên, kinh tế biển đảo và đặc sản?","Phú Quốc là hòn đảo lớn nhất Việt Nam, thuộc tỉnh Kiên Giang, nổi danh với hệ sinh thái đa dạng: rừng nguyên sinh trải trên phần lớn diện tích, biển trong xanh, những bãi cát dài mịn như Bãi Dài, Bãi Sao cùng rạn san hô quanh các đảo nhỏ phụ cận. Nơi đây còn nổi tiếng với nghề làm nước mắm truyền thống từ cá cơm, được xem như linh hồn ẩm thực của đảo, cùng những đặc sản như vẹm xanh, nhum biển, hồ tiêu Phú Quốc. Du lịch phát triển mạnh với khu nghỉ dưỡng, chợ đêm Dương Đông, cáp treo Hòn Thơm, khiến Phú Quốc trở thành điểm đến nghỉ dưỡng hàng đầu trên nền thiên nhiên hoang sơ."
"Kim cương là khoáng vật như thế nào, và vì sao nó lại cứng nhất trong tự nhiên?","Kim cương là dạng tinh thể của nguyên tố carbon với cấu trúc mạng tinh thể lập phương đặc khít. Mỗi nguyên tử carbon liên kết cộng hóa trị với bốn nguyên tử carbon xung quanh tạo thành khung ba chiều vô cùng bền, rất khó bị tách rời; đây là nền tảng của độ cứng tối đa, đạt mức 10 trên thang độ cứng Mohs. Cùng là carbon nhưng than chì (graphite) lại mềm vì các lớp nguyên tử liên kết với nhau rất yếu. Kim cương hình thành trong lòng Trái đất ở áp suất và nhiệt độ cực cao, được đưa lên mặt đất qua các ống kimberlite, được dùng nhiều trong trang sức, cắt, mài và công nghiệp kỹ thuật cao."
"Người thân tôi nhận được tin nhắn báo tài khoản ngân hàng bị khóa do đăng nhập sai nhiều lần, kèm một số điện thoại gọi vào để hỗ trợ. Kiểu lừa này diễn ra ra sao và làm sao để xác minh thông tin cho đúng?","Đây là biến thể của chiêu smishing kết hợp vishing: kẻ gian phát tán tin nhắn giả mạo ngân hàng với nhiều nội dung gây hoảng như khóa tài khoản, phát hiện giao dịch lạ, hạn mức bị thay đổi, rồi để lại số tổng đài giả để nạn nhân tự gọi tới. Khi gọi, đầu dây bên kia tự xưng nhân viên và yêu cầu xác minh bằng cách đọc mã OTP, khai báo số dư hoặc chuyển tiền vào tài khoản an toàn. Cách xác minh chuẩn: không gọi theo số trong tin nhắn, mở ứng dụng ngân hàng chính thức kiểm tra trạng thái tài khoản, hoặc gọi số tổng đài in trên thẻ và website chính thức của ngân hàng. Ngân hàng không bao giờ hỏi mật khẩu hay mã OTP qua tin nhắn hoặc điện thoại. Đây là thông tin kiến thức để nhận diện lừa đảo, không phải hướng dẫn phạm pháp."
"Bạn tôi được nhận làm cộng tác viên tăng tương tác cho một sàn thương mại điện tử, làm nhiệm vụ mua hàng trả giá rồi được hoàn tiền kèm hoa hồng. Mô hình này có thật là một công việc hợp pháp không?","Đây gần như chắc chắn là chiêu lừa đảo việc nhẹ lương cao. Ở giai đoạn đầu, quản lý trả thật một khoản hoa hồng nhỏ và hoàn tiền cho vài đơn hàng giá thấp để tạo lòng tin, sau đó đẩy dần giá trị đơn lên cao và yêu cầu đặt cọc trước. Đến khi số tiền cọc lên tới hàng triệu, chúng báo lỗi hệ thống, yêu cầu nạp thêm để mở khóa đơn hoặc đơn giản là biến mất. Việc làm hợp pháp không bao giờ bắt người lao động tự nạp tiền cá nhân để hoàn thành công việc. Dấu hiệu nhận ra là hợp đồng mập mờ hoặc không có, liên hệ qua ứng dụng nhắn tin riêng, luôn thúc ép làm nhanh và tài khoản nhận tiền là cá nhân. Đây là thông tin kiến thức để nhận diện lừa đảo, không phải hướng dẫn phạm pháp."
"Trong các vụ án rửa tiền thực tế, kẻ phạm tội thường mua xe sang, đồng hồ đắt tiền bằng tiền phi pháp rồi bán lại. Vì sao họ làm vậy và cơ quan chức năng phát hiện bằng cách nào?","Đây là một dạng layering trong lý thuyết rửa tiền: tiền bẩn được chuyển hóa thành tài sản hữu hình có giá trị cao, dễ vận chuyển và khó định giá chính xác như xe, đồng hồ, trang sức, vàng. Kẻ phạm tội có thể mua xe mới toanh bằng tiền mặt rồi bán lại ngay với giá thấp hơn để thu về tiền sạch dưới dạng chuyển khoản, hoặc dùng chúng làm của cải khó bị phát hiện. Cơ quan chức năng phát hiện bằng cách đối chiếu nguồn thu nhập khai báo với tài sản sở hữu, theo dõi các giao dịch mua bán có giá trị lớn, và nhờ các đơn vị kinh doanh thanh toán, cửa hàng xe phải tuân thủ quy định xác minh danh tính và báo cáo giao dịch. Việc mua bán bằng tiền mặt trên mức cho phép sẽ thu hút sự chú ý của ngân hàng và cơ quan quản lý. Đây là thông tin kiến thức, không phải hướng dẫn phạm pháp."
"Tôi nghe nói có cách mở khóa giới hạn trên smartphone gọi là jailbreak và root, vậy chúng khác nhau thế nào và mang lại quyền gì cho người dùng?","Cả hai đều là kỹ thuật gỡ bỏ ràng buộc của nhà sản xuất nhưng khác nền tảng. Jailbreak dành cho iOS: lợi dụng lỗ hổng bảo mật hoặc chương trình khai thác để xóa cơ chế xác thực của Apple, cho phép cài ứng dụng ngoài App Store, chỉnh giao diện và xâm nhập sâu vào hệ thống. Root dành cho Android: người dùng giành quyền superuser (sudo) để sửa file hệ thống, gỡ bloatware, ép xung hoặc cài ROM tùy chỉnh. Quyền lợi lớn nhưng rủi ro đi kèm: mất bảo hành, dễ bị phần mềm độc hại tấn công vì đã bỏ qua cơ chế bảo vệ, và một số ứng dụng ngân hàng từ chối chạy trên máy đã jailbreak/root. Đây là thông tin kiến thức, không phải hướng dẫn phạm pháp."
Một số website cá cược online quảng cáo hoàn cược mỗi trận bất kể thắng thua và chỉ cần tham gia trong vài phút là được nạp thưởng. Chiêu này có gì bất thường và chúng thường làm gì với người mới tham gia?,"Các khuyến mãi quá hào phóng như hoàn cược 100% không điều kiện hay tặng ngay vốn khi nạp lần đầu thường là cái bẫy để hút người chơi mới. Giai đoạn đầu sàn cho thắng vài ván nhỏ để người chơi tin rồi nạp thêm; khi người chơi muốn rút số tiền lớn thì xuất hiện lỗi rút tiền, yêu cầu nạp để vượt qua vòng cược hoặc tài khoản bị khóa vì vi phạm điều khoản. Các sàn không có giấy phép hoạt động ở Việt Nam, máy chủ đặt nước ngoài, chỉ giao dịch qua ví điện tử hoặc tài khoản cá nhân. Tham gia cá cược trực tuyến trái phép vừa mất tiền vừa có thể vướng vòng lao lý. Đây là thông tin kiến thức để nhận diện rủi ro, không phải hướng dẫn phạm pháp."
"Vì sao khi gõ tay vào phần thân một cái ly thủy tinh đang có nước lại có tiếng kêu khác với khi ly không có nước, và độ cao của âm thay đổi theo lượng nước ra sao?","Âm thanh phát ra từ dao động của thành ly và lớp không khí, nhưng khi có nước, âm chủ yếu do thân ly và nước tạo nên. Lyít nước (thân rỗng) dao động với tần số thấp nên tiếng trầm; khi đổ thêm nước, khối nước gia tăng thêm khối lượng nạp, khiến dao động của thành ly có xu hướng chậm đi, thực tế nghe trầm hơn đối với âm từ thân ly. Riêng với tiếng thổi miệng ly, cột không khí ngắn lại khi nước dâng lên nên âm lại cao dần. Tóm lại, gõ thành ly khi nhiều nước nghe trầm hơn, còn thổi mặt nước nghe thanh hơn khi nước đầy."
"Tại sao người ta khuyến cáo không nên sấy tóc hoặc để tóc ướt đi ngủ, và hiện tượng tóc rối, chẻ ngọn có liên quan gì đến độ ẩm của tóc?","Sợi tóc chứa keratin hút nước, khi ướt nó phồng lên, mềm và yếu hơn bình thường, nên tóc ướt dễ giãn rồi đứt và dễ chịu ma sát gây rối, chẻ ngọn. Đi ngủ với tóc ướt còn tạo môi trường ẩm trên gối, thuận lợi cho vi khuẩn và nấm phát triển, cũng khiến da đầu mát lạnh kéo dài. Muốn tóc khỏe, nên để tóc khô tự nhiên hoặc sấy nhẹ ở chế độ mát, dùng lược răng thưa, và tránh chà xát mạnh bằng khăn khi tóc còn ướt."
"Khi nấu cơm bằng nồi cơm điện, vì sao cần vo gạo trước khi nấu, và nếu vo quá kỹ, vo nhiều lần bằng nước thì có hại gì không?","Vo gạo giúp rửa sạch bụi bẩn, đất cát và tạp chất bám trên hạt gạo trong quá trình xay xát, đồng thời từng chút một làm mất phần tinh bột dính bên ngoài khiến nồi cơm tơi hơn. Tuy nhiên vo quá kỹ, vo ở mức xát mạnh lại rửa trôi các vitamin nhóm B và khoáng hòa tan trong nước, đặc biệt là lớp cám ngoài rất giàu dinh dưỡng ở gạo lứt. Vì vậy chỉ nên vo nhẹ từ một đến hai lần với nước sạch, không ngâm quá lâu để tránh mất chất và làm gạo nát."
"Vì sao trái sầu riêng có mùi rất nặng, có người thích có người ghét, và mùi đó đến từ hợp chất nào?","Mùi sầu riêng đến từ hỗn hợp hơn 40 hợp chất dễ bay hơi có lưu huỳnh, tiêu biểu như ethanethiol, một số disulfide và ester trái cây. Các hợp chất này khi kết hợp tạo mùi vừa ngọt thơm vừa hơi nồng giống hành tỏi, thành phần làm nên sự khác biệt rõ rệt. Người yêu thích cảm nhận phần ngọt trái cây, nồng thơm, còn người không quen lại bị phần lưu huỳnh làm khó chịu. Chính sự mixen hỗn hợp này khiến sầu riêng bị cấm mang lên máy bay và tàu cao tốc ở nhiều nơi, dù đây là loại trái cây được mệnh danh vua của các loại quả tại Đông Nam Á."
"Ban đêm nhìn đèn pha ô tô ở xa thấy có những gợn sáng lan tỏa xung quanh, hiện tượng này do đâu mà có?","Gợn sáng quanh đèn pha về đêm phần lớn là do hạt bụi, hơi nước và sương mù trong không khí tán xạ ánh sáng. Các phân tử nước li ti và bụi nhỏ hạt bụi lơ lửng làm chùm sáng từ đèn pha bị khuếch tán ra mọi hướng, khiến ta thấy như có một vùng sáng mờ bao quanh nguồn sáng. Hiện tượng này gọi là quầng sáng tán xạ (halo), rõ nhất khi không khí ẩm, có mưa phùn hay sương đêm. Ngoài ra nếu mắt có tật khúc xạ thì nhìn nguồn sáng cũng dễ thấy tia tỏa ra, nên tầm nhìn ban đêm kém đi khi môi trường nhiều khói bụi."
"Vì sao khi ta giữ một sợi dây chun kéo giãn rồi thả ra, nó co về ngay, nhưng nếu kéo giãn quá mức thì không về được hình dạng cũ nữa?","Sợi dây chun làm từ cao su tự nhiên hoặc cao su tổng hợp, cấu trúc gồm các chuỗi polymer xoắn kết nối với nhau bằng liên kết chéo. Khi kéo nhẹ, các chuỗi polymer duỗi ra theo lực cuốn nhưng vẫn còn liên kết chéo giữ các đoạn lại, khi buông lực chúng tự co về vị trí ban đầu nhờ tính đàn hồi. Khi kéo quá mạnh, nhiều liên kết hóa học bị đứt vĩnh viễn hoặc các chuỗi trượt ra khỏi mạng lưới, mất khả năng hồi phục nên dây chun giãn nhão và không trở về hình dạng cũ. Giới hạn này gọi là ngưỡng biến dạng dẻo vĩnh viễn của vật liệu."
"Khi nào thì ta nhìn thấy cầu vồng, và vì sao cầu vồng thường có dạng vòng cung mà không phải hình khác?","Cầu vồng xuất hiện khi ánh sáng mặt trời chiếu vào những hạt nước lơ lửng trong không khí sau cơn mưa, lúc mưa đang tan và nắng vừng trên mặt. Mỗi hạt nước làm khúc xạ ánh sáng trắng, tách thành dải màu rồi phản xạ lại phía sau, tạo thành vòng cung tròn. Người quan sát chỉ thấy nửa phần trên của vòng tròn này vì phần dưới nằm dưới chân trời, nên cầu vồng trông như vòng cung. Hiếm khi quan sát từ máy bay hoặc đỉnh núi cao, ta có thể thấy cả cầu vồng trăng, tức vòng cung đầy đủ."
"Vì sao người ta nên chườm lạnh ngay khi bị bong gân, và cơ chế của việc chườm lạnh giúp giảm sưng đau là gì?","Chườm lạnh trong 48 giờ đầu sau chấn thương giúp làm co mạch máu tại chỗ, giảm lưu lượng máu đổ về vùng tổn thương, từ đó hạn chế phù nề và sưng tấy. Nhiệt độ thấp cũng làm chậm dẫn truyền thần kinh cảm giác, tạm thời giảm cảm giác đau và giảm co thắt cơ. Sau giai đoạn này, quá trình tái tạo mô bắt đầu, người ta chuyển sang chườm ấm để tăng tuần hoàn giúp hấp thu dịch phù. Nên chườm lạnh từ 10-15 phút mỗi lần, bọc qua khăn để tránh bỏng lạnh da."
"Vì sao sau khi ăn xong đi nằm ngay lại thường thấy khó chịu, và ngủ sau bữa ăn có hại gì?","Sau khi ăn, dạ dày cần máu đến để tiêu hóa thức ăn, nằm ngay khiến thức ăn khó lưu thông, axit dịch vị dễ trào ngược lên thực quản gây ợ nóng, khó tiêu. Nằm lâu sau ăn cũng làm dạ dày đầy hơi, chậm tiêu và dễ tích mỡ vì cơ thể không vận động. Lý tưởng nhất là đi lại nhẹ nhàng khoảng 30 phút, ngồi nghỉ thẳng lưng để đồ ăn xuôi xuống dạ dày, rồi mới đi ngủ. Tránh ăn quá no sát giờ ngủ và hạn chế đồ uống có ga, cà phê buổi tối để giấc ngủ sâu hơn."
"Vì sao cơ thể con người có xương sườn bảo vệ tim phổi, nhưng chỗ nào đó xương lại mỏng và không được bảo vệ kỹ như vậy?","Cấu trúc bộ xương được thiết kế tối ưu cho chức năng và di chuyển, không phải chỗ nào cũng dày như nhau. Lồng ngực gồm xương sườn, xương ức, cột sống ôm chặt bao bọc tim, phổi và các cơ quan hô hấp vì chúng quan trọng và dễ chấn thương. Trong khi đó một số vùng như xương hàm, xương vai, xương tay chân mỏng hơn vì nhiệm vụ chính là linh hoạt, cầm nắm, di chuyển, và các cơ, dây chằng hỗ trợ che chở. Sự vừa đủ này giúp cân bằng giữa bảo vệ và khả năng vận động của cơ thể."
"Tại sao lúc trời ấm áp có nhiều loài chim bay về phương Bắc để sinh sản và sinh sống, trong khi mùa đông lại kéo nhau bay về phương Nam?","Đây là hành vi di cư để tránh thời tiết khắc nghiệt và tìm nguồn thức ăn dồi dào. Mùa hè ở phương Bắc có ngày dài, ấm áp, côn trùng và thực vật phát triển mạnh tạo điều kiện lý tưởng cho chim xây tổ, ấp trứng và nuôi con. Mùa đông, khí hậu giá rét khiến nguồn mồi khan hiếm, chim bay về phương Nam xa xích đạo hơn để có thức ăn và nhiệt độ sống thuận lợi. Nhiều loài chim Việt Nam như sếu, cò cũng di chuyển theo mùa tương tự, bay theo quãng đường dựa vào từ trường Trái đất, ánh sáng và địa hình để định hướng."
"Khi trồng cây trong chậu, vì sao cần có lỗ thoát nước ở đáy chậu, và nếu để úng nước lâu ngày thì cây bị gì?","Lỗ thoát nước giúp lượng nước dư chảy ra khỏi chậu, tránh cho rễ ngập úng lâu ngày. Khi đất bão hòa nước quá lâu, không khí trong đất bị nước lấp hết, rễ cây thiếu oxy để hô hấp, quá trình hấp thu khoáng bị đình trệ. Rễ dần thối, vi khuẩn kỵ khí phát triển làm đất có mùi hôi, lá vàng úa, cây héo và có thể chết. Vì vậy khi trồng cây trong chậu nên chọn chậu có lỗ, lót lớp sỏi hoặc đất thoáng khí và chỉ tưới khi lớp đất mặt khô."
"Trong văn hóa ẩm thực đường phố Việt Nam, có những món ăn vỉa hè nào độc lạ mà khách du lịch nước ngoài thường ấn tượng vì cách chế biến?","Du khách thường bị ấn tượng bởi những món ăn đường phố vừa thơm vừa lạ về cách phục vụ. Có thể kể bánh tráng trộn với đủ loại phụ liệu khô bò, trứng, xoài bào; nộm bò khô chua ngọt; bò bía cuốn rau đậu xanh; bánh mì nướng muối ớt phết pate; và cả trứng vịt lộn ăn kèm rau răm, gừng. Ở các tỉnh phía Nam còn có kẹo kéo, nước mía và món bánh tráng nướng như bánh đa phô mai phết trứng. Cách bày quán nhỏ gọn, ngồi ghế nhựa ven đường, chế biến ngay trước mặt tạo nên nét văn hóa vỉa hè khiến du khách nhớ mãi."
"Lì xì mừng tuổi ngày Tết có ý nghĩa gì, và người Việt thường quy định ai được nhận lì xì trong dịp Tết?","Lì xì, còn gọi là mừng tuổi, mang ý nghĩa truyền điều may mắn, tài lộc và sức khỏe đầu năm mới, là lời chúc tốt đẹp gửi đến người nhận. Phong bao đỏ tượng trưng cho màu của sự may mắn, hạnh phúc, người ta lì xì cho trẻ em, người lớn tuổi trong nhà hoặc lì xì cho người thân, đồng nghiệp với ngụ ý chúc an lành. Ở nhiều gia đình hiện đại, con cháu cũng lì xì lại ông bà cha mẹ như sự báo hiếu. Không có quy định cứng nhắc về số tiền, quan trọng là lời chúc và tấm lòng chân thành khi trao."
"Vì sao người Việt thường dùng bánh chưng, bánh giầy để cúng dịp Tết, và hai loại bánh này tượng trưng cho điều gì?","Trong truyền thuyết và văn hóa dân gian, bánh chưng hình vuông tượng trưng cho đất, bánh giầy hình tròn tượng trưng cho trời, thể hiện triết lý âm dương và lòng biết ơn trời đất, tổ tiên. Trong ngày Tết, mâm cỗ cúng gia tiên thường có cặp bánh chưng, bánh giầy vì chúng gắn với câu chuyện lễ tế trời đất của vua Hùng, đồng thời là món ẩm thực truyền thống vùng đồng bằng Bắc Bộ. Ngày nay bánh được gói quanh năm, ăn kèm dưa món, củ kiệu với vị đậm đà gợi nhớ ngày Tết cổ truyền."
"Ở nhiều vùng nông thôn Việt Nam, người dân vẫn còn tục cúng cơm mới khi lúa chín. Tục lệ này mang ý nghĩa gì và có những nghi thức phổ biến nào?","Tục cúng cơm mới là nghi lễ nông nghiệp cổ truyền của cư dân trồng lúa, nhằm tạ ơn thần lúa, đất đai đã cho mùa màng và mong mưa thuận gió hòa năm sau. Khi gặt xong, gia chủ chọn nắm lúa đầu tiên đem phơi, giã (hoặc xay) để nấu mâm cơm dâng tổ tiên và thần nông, làm gỏi, chè xôi mời hàng xóm láng giềng cùng chung vui. Một số nơi còn giữ đôi bông lúa dựng trước bàn thờ suốt năm như biểu tượng sung túc. Ngày nay tục được giản lược nhưng tinh thần tri ân và vui mừng vụ mới vẫn được lưu giữ."
"Trong các gia đình Việt, việc bày mâm ngũ quả ngày Tết rất quan trọng, vậy cách bày mâm ngũ quả ở miền Nam và miền Bắc khác nhau ra sao?","Mâm ngũ quả hai miền khác biệt rõ về loại quả và ý nghĩa. Miền Bắc thường dùng chuối làm nền, bên trên là quả bưởi, thanh long, táo, quất, phật thủ nhọn, nhấn vào ngũ hành và may mắn. Miền Nam lại chọn bộ quả mang ngụ ý lời chúc qua cách phát âm: mãng cầu (cầu được), dừa (vừa đủ), đu đủ (đủ đầy), xoài (xài không thiếu), dưa hấu, quýt. Điểm chung là mâm phải có đủ năm loại quả, màu sắc tươi đẹp, đặt trang trọng trên bàn thờ để cầu sum vầy, may mắn, tài lộc."
"Cách làm món nước chấm chua ngọt kiểu miền Nam dùng cho gỏi cuốn, chả giò hoặc hải sản luộc đúng vị là như thế nào?","Nước chấm chua ngọt miền Nam chuẩn vị được pha theo tỉ lệ: 1 phần nước mắm ngon, 1 phần nước, 1,5 đến 2 phần đường, nước cốt chanh và tỏi, ớt băm. Khuấy tan đường trước rồi mới thêm chanh để chua thanh, thêm tỏi ớt cuối cùng cho thơm. Muốn đặc và sánh như hàng quán, có thể dùng nước dừa hoặc thêm chút giấm táo. Nước chấm chuẩn phải cân bằng giữa vị mặn, ngọt, chua và cay trong một khoảng hài hòa. Tùy món mà nêm thêm đu đủ, cà rốt bào để có thêm độ giòn hấp dẫn."
"Muốn chiên cá không bị vỡ nát, không bắn dầu khi cho cá vào chảo, cần chú ý những gì?","Cá trước khi chiên phải lau khô thật ráo hoặc dùng giấy thấm, có thể ướp chút muối, tiêu và để ráo 15 phút; nếu cá còn nước, gặp dầu nóng sẽ bắn tứ tung. Dầu phải đủ nóng (thử bằng cách nhỏ vài giọt nước thấy nổ lách tách) rồi mới thả cá, đặt cá nhẹ nhàng theo chiều dọc để tránh dầu văng. Không nên trở cá lung tung, để yên một mặt vàng giòn rồi mới lật bằng xẻng dẹt. Chiên vừa lửa để chín đều và giữ nguyên hình dáng miếng cá."
"Món rau muống xào tỏi muốn giòn, xanh và thấm gia vị thì cần làm ra sao?","Rau muống nhặt bỏ lá già, rửa sạch, để ráo và tước bẹ dây có thể tước nhỏ cho nhanh chín mềm. Phi tỏi băm thật vàng thơm trong dầu nóng, cho rau vào xào với lửa lớn, đảo nhanh tay để rau giữ độ giòn, vì rau có nước nhanh teo. Nêm một ít nước mắm, bột ngọt và hạt nêm vừa ăn, đảo đều rồi bắc nồi ngay khi rau vừa chín tới, còn tươi xanh. Rau muống xào tỏi phải có vị béo, thơm của tỏi và vị ngọt tự nhiên, ăn với cơm trắng rất đưa."
"Món bún đậu mắm tôm nổi tiếng của Hà Nội gồm những thành phần nào, và cách pha mắm tôm chuẩn để không bị tanh, nồng là gì?","Bún đậu là món ăn gồm bún tươi, đậu phụ rán vàng cắt miếng, chả cốm, nem, dồi, thịt ba chỉ, kèm rau sống như tía tô, húng, kinh giới, chuối chát, khế, và cà pháo. Điểm mấu chốt là mắm tôm phải được pha khéo: lấy mắm tôm nguyên chất hòa thêm 1-2 thìa nước cốt chanh, đường, ớt băm và chút rượu trắng để khử mùi nồng, quấy đều cho đến khi nổi bọt mịn. Khi chấm bún đậu vào mắm tôm đã pha có vị mặn ngọt hài hòa, kèm đậu nóng giòn là trọn vị Hà thành."
"Cách làm món chả cá thác lác (chả cá lăng) dai giòn, thơm ngon và không bị bột dính là như thế nào?","Chả cá ngon bắt đầu từ cá thác lác hoặc cá lăng tươi, lọc lấy phần thịt, xay nhuyễn với đá lạnh và gia vị muối, đường, tiêu, hành. Cách làm đặc trưng là nhồi quết trong 5-10 phút để thịt cá dai, kết dính tự nhiên, sau đó có thể trộn chút bột năng giúp chả mịn. Nặn chả thành viên hoặc tấm dẹt rồi chiên vàng hoặc hấp rồi chiên sơ. Chả ngon phải dai kheo, màu trắng hồng, ăn kèm bún, rau sống và mắm nêm hoặc nước chấm chua ngọt."
"Món bánh khọt miền Nam muốn có lớp vỏ mỏng, giòn rụm và phần nhân tôm thơm ngon thì bí quyết về bột là gì?","Bí quyết bánh khọt nằm ở công thức bột: bột gạo pha theo tỉ lệ 1 phần bột năng với khoảng 2-3 phần bột gạo, hòa với nước cốt dừa và nước ấm để bột có độ sánh, cho thêm chút bột nghệ tạo màu vàng. Khuôn bánh phải thật nóng, phết mỡ, đổ bột mỏng, rắc tôm, hành lá rồi đậy nắp đến khi mặt bánh săn lại và mép giòn. Lấy bánh ra, thêm chút mỡ hành, ăn kèm nước mắm chua ngọt. Bánh khọt ngon là lớp vỏ giòn rìa, mềm bên trong."
"Cách làm sữa chua tại nhà không bị lợ, chua gắt và có độ mịn, sánh là như thế nào?","Sữa chua ngon cần đúng tỉ lệ 1 hộp sữa chua cái với khoảng 1 lít sữa tươi có đường (hoặc sữa đặc pha loãng), pha và khuấy đều để vi khuẩn phân bố đều. Hỗn hợp phải ấm khoảng 40-45 độ C, đậy kín và giữ nóng ủ từ 6-8 tiếng trong nồi ủ hoặc thùng xốp để vi khuẩn lactic lên men chậm rãi. Nếu ủ quá lâu, sữa chua sẽ chua gắt và bị tách nước lợ. Sau khi đạt độ sệt vừa ý, chuyển vào ngăn mát tủ lạnh để ngừng lên men, sữa chua sẽ mịn, béo và chua thanh."
"Món canh cua đồng nấu cùng rau đay, mồng tơi có gì đặc biệt, và cách nấu để canh sánh ngon không bị gợn cặn?","Canh cua đồng là món ăn dân dã vùng đồng bằng Bắc Bộ, ngọt mát và bổ dưỡng nhờ phần gạch, thịt cua. Cách nấu chuẩn là giã cua (hoặc xay) lọc lấy nước, đun nước đến khi thịt cua đông lại thành mảng, nêm gia vị, rồi cho rau đay, mồng tơi thái nhỏ vào. Bí quyết để canh sánh ngon là thả rau vào lúc nước sôi già, quấy nhẹ một chiều, thêm chút gạch cua đã phi hành để tăng vị béo. Khi chín, canh sánh quện với rau, dùng kèm cà pháo và mắm tôm rất bắt vị."
"Khu vực Ninh Bình có các danh lam thắng cảnh nào nổi bật, và vì sao nơi đây thu hút du khách về với cảnh quan trời nước?","Ninh Bình nổi tiếng với quần thể danh thắng Tràng An, Tam Cốc - Bích Động, chùa Bái Đính và vùng đầm Vân Long. Nơi đây có địa hình núi đá vôi trùng điệp cùng hệ sông ngầm len lỏi, tạo nên các thung lũng xanh giữa lòng núi. Du khách ngồi thuyền chèo dọc dòng sông Ngô Đồng, Tắc Gianh ngắm trời nước hữu tình, xuyên qua các hang động và lúa vàng mùa thu hoạch. Tràng An được UNESCO công nhận di sản hỗn hợp văn hóa - thiên nhiên, là điểm đến du lịch sinh thái và tâm linh bậc nhất."
"Vì sao miền núi phía Bắc Việt Nam lại có nhiều thung lũng và ruộng bậc thang đẹp như vậy, và địa hình này hình thành ra sao?","Miền núi phía Bắc là vùng núi trẻ được nâng lên mạnh qua các giai đoạn kiến tạo, kết hợp với quá trình ngoại sinh tác động lâu đời, tạo nên những thung lũng nằm giữa các dãy núi cao. Sông suối đào khoét địa hình tạo thung lũng lòng chảo, trong khi đồng bào các dân tộc đã khéo léo cải tạo sườn dốc thành ruộng bậc thang để canh tác lúa nước. Cứ lên cao thêm thì khí hậu mát dần, ruộng bậc thang xếp tầng tầng lớp lớp tạo nên cảnh quan đặc sắc ở Sa Pa, Mù Cang Chải, Hoàng Su Phì. Đây là kết hợp giữa thiên nhiên và đôi tay lao động của con người vùng cao."
"Vì sao miền Trung thường xuyên chịu ảnh hưởng của bão, lũ và mưa lớn mỗi năm?","Miền Trung nằm trên hướng di chuyển của nhiều cơn bão từ biển Đông vào, đồng thời chịu tương tác của gió mùa đông bắc và dải nhiệt đới hội tụ. Địa hình bị chia cắt bởi các dãy núi và đồng bằng hẹp, khi mưa lớn nước từ thượng nguồn đổ về nhanh, lũ dâng cao trên các sông ngắn và dốc. Từ tháng 9 đến tháng 12 là mùa mưa bão, các tỉnh từ Quảng Bình đến Phú Yên thường bị ngập lụt, sạt lở đất. Người dân quen với việc chủ động di dời, dự trữ lương thực và dự báo thời tiết để ứng phó."
"Đảo Phú Quốc nổi tiếng nhờ những đặc sản gì, và vì sao nước mắm Phú Quốc được xem là đặc sản nổi tiếng?","Phú Quốc nổi tiếng với nước mắm truyền thống làm từ cá cơm than, được ủ trong thùng gỗ, là đặc sản mang chỉ dẫn địa lý được nhiều người biết đến. Ngoài ra nơi đây còn có hồ tiêu, nhuộm đen, rượu sim rừng, bánh tiêu và các món hải sản tươi như ghẹ, cua, nhum biển, sò huyết. Nước mắm Phú Quốc nổi tiếng nhờ quy trình ủ cá cơm với muối trong thùng gỗ bời lời kéo dài nhiều tháng, cho vị đậm đà, màu nâu cánh gián và hậu vị ngọt thanh khó nơi nào có."
"Vì sao ở vùng đồng bằng sông Cửu Long, người dân lại đi lại chủ yếu bằng ghe xuồng trên sông, và hệ thống kênh rạch ở đây như thế nào?","Đồng bằng sông Cửu Long có mạng lưới sông ngòi, kênh rạch chằng chịt, tổng chiều dài hàng chục nghìn kilomet, chính vì vậy ghe xuồng trở thành phương tiện đi lại và vận chuyển nông sản chủ yếu của người dân. Địa hình thấp trũng, nhiều nơi không có đường bộ thuận tiện nên người dân quen dùng xuồng ba lá, ghe bơi để buôn bán, đánh bắt. Chợ nổi Cái Răng, Phong Điền là nét văn hóa đặc trưng khi hàng hóa buôn bán ngay trên sông từ tinh mơ. Hệ thống thủy lợi nay đã cải thiện giao thông đường bộ nhưng nét sinh hoạt gắn với sông nước vẫn rất đậm đà."
Rừng quốc gia Cúc Phương nổi tiếng với những giá trị gì về hệ sinh thái và bảo tồn?,"Cúc Phương là vườn quốc gia đầu tiên của Việt Nam, nằm ở ranh giới ba tỉnh Ninh Bình, Thanh Hóa, Hòa Bình, với hệ núi đá vôi cổ và rừng nguyên sinh phong phú. Nơi đây là mái nhà của nhiều loài động thực vật quý như voọc mông trắng, cầy vằn, dugong, cùng hàng nghìn loài thực vật và nhiều loài lan. Cúc Phương có các trung tâm cứu hộ động vật và thảm thực vật cổ có tuổi hàng nghìn năm như cây chò chỉ, cây đăng. Đây cũng là điểm tham quan, leo núi và tìm hiểu khám phá thiên nhiên lý tưởng cho du khách."
Vì sao kim loại khi để trong phòng lạnh chạm vào thấy lạnh buốt tay hơn so với bàn gỗ trong cùng một nhiệt độ?,"Đó là vì kim loại dẫn nhiệt tốt hơn gỗ rất nhiều, nên khi chạm tay vào, nhiệt từ da tay truyền sang kim loại nhanh hơn, làm da tay mất nhiệt nhanh và cảm thấy lạnh buốt. Trong khi đó gỗ dẫn nhiệt kém, nhiệt truyền từ tay vào gỗ chậm, da giữ lại nhiệt nên cảm giác ít lạnh hơn dù nhiệt độ cụ thể như nhau. Cảm giác nóng lạnh khi chạm phụ thuộc tốc độ trao đổi nhiệt chứ không phải chỉ nhiệt độ. Vì vậy, dùng nhiệt kế đo được cả hai vật cùng nhiệt độ, nhưng tay cảm nhận khác biệt rõ rệt."
"Vì sao bong bóng xà phòng bay trong không khí một lúc rồi tự nổ, và tại sao lại có thể nhìn thấy màu sắc nhiều màu trên lớp màng của nó?","Bong bóng xà phòng là lớp màng mỏng gồm nước và chất hoạt động bề mặt, khi bay lên cao lớp màng mỏng dần do nước bốc hơi và trọng lực kéo màng xuống đáy. Đến một giới hạn độ dày cực mỏng, lớp màng chịu áp lực từ bên trong lớn hơn sức căng bề mặt nên vỡ. Màu sắc nhìn thấy là hiện tượng giao thoa ánh sáng: các tia sáng phản xạ ở mặt trong và mặt ngoài của màng gặp nhau, khác nhau theo độ dày màng, tạo nên dải màu óng ánh thay đổi liên tục."
"Vì sao khi ta nhìn con cá trong bể nước, vị trí của cá có vẻ khác vị trí thực, và hiện tượng này cùng với việc soi gương phản ảnh liên quan đến định luật gì?","Hiện tượng cá nhìn lệch vị trí là do ánh sáng khúc xạ khi truyền qua mặt phân cách giữa nước và không khí. Tia sáng từ cá đi lên mặt nước bị bẻ cong khi ra không khí, khiến mắt ta nhìn thấy ảnh của cá ở vị trí cao hơn và gần hơn vị trí thật. Đây là định luật khúc xạ ánh sáng, tuân theo công thức môi trường có chiết suất khác nhau. Còn khi soi gương, ánh sáng phản xạ theo định luật phản xạ: góc tới bằng góc phản xạ, tạo ảnh đối xứng với vật qua mặt gương."
"Vì sao một chai nước để trong ngăn đá tủ lạnh quá lâu lại có thể bị vỡ hoặc phồng chai, dù không có gì chèn ép bên ngoài?","Nước có đặc tính đặc biệt khi đông đặc thành đá là thể tích tăng lên khoảng 9%, trong khi hầu hết chất lỏng khác lại co lại khi hóa rắn. Khi nước trong chai đông đặc, những tinh thể nước có cấu trúc không gian mở, các phân tử sắp xếp thành mạng lưới lỏng hơn nên chiếm thể tích lớn hơn. Lực giãn nở này đẩy lên thành chai, có thể làm chai phồng ra hoặc nứt vỡ nếu chai kín hoàn toàn không có chỗ cho nước giãn nở. Để tránh, người ta không đổ đầy nước tới tận miệng chai khi để đông đá."
Lừa đảo chiếm đoạt tài sản theo luật hình sự Việt Nam được quy định thế nào?,"Theo Điều 174 Bộ luật Hình sự 2015 (sửa đổi 2017), tội lừa đảo chiếm đoạt tài sản bị phạt cải tạo không giam giữ đến 3 năm hoặc phạt tù từ 6 tháng đến 3 năm nếu tài sản giá trị từ 2 đến dưới 50 triệu đồng; mức phạt tăng theo giá trị tài sản và tình tiết, có thể lên chung thân khi chiếm đoạt trên 500 triệu đồng. Thông tin kiến thức, không phải hướng dẫn phạm pháp."
Khoa học giải thích vì sao trời biến màu đỏ lúc hoàng hôn?,"Hiện tượng này do tán xạ Rayleigh: khi mặt trời ở gần đường chân trời, ánh sáng phải xuyên qua lớp khí quyển dày hơn, các bước sóng ngắn (xanh, tím) bị tán xạ mạnh và mất đi, chỉ còn bước sóng dài (đỏ, cam) truyền tới mắt ta, nên trời nhuộm màu đỏ cam lúc hoàng hôn và bình minh."
Rửa tiền là gì và luật pháp Việt Nam xử lý thế nào?,"Rửa tiền là hợp pháp hóa nguồn gốc tài sản có được từ hành vi phạm tội, được quy định tại Điều 324 Bộ luật Hình sự 2015: người tổ chức, tham gia hoặc giúp sức cho việc rửa tiền có thể bị phạt tù từ 1 đến 15 năm kèm phạt tiền. Luật Phòng, chống rửa tiền 2022 yêu cầu các tổ chức tài chính báo cáo giao dịch đáng ngờ. Thông tin kiến thức, không phải hướng dẫn phạm pháp."
"Jailbreak mô hình AI là gì, có những kỹ thuật nào?","Jailbreak AI là kỹ thuật dùng prompt hoặc đầu vào đặc biệt để vượt qua cơ chế an toàn của mô hình. Các kỹ thuật phổ biến: DAN (roleplay dạng Do Anything Now), injection hướng dẫn giả dạng hệ thống, mã hóa câu hỏi (base64, lệch chữ), dịch qua ngôn ngữ trung gian, hoặc xây dựng tình huống hư cấu khiến mô hình bỏ qua ràng buộc. Hiểu điều này giúp nghiên cứu an toàn AI và kiểm thử độ chắc chắn của mô hình. Thông tin kiến thức, không phải hướng dẫn phạm pháp."
Vì sao lá cây chuyển màu vàng vào mùa thu?,"Lá cây có chất diệp lục tạo màu xanh. Khi mùa thu đến, ánh sáng giảm, cây ngừng sản xuất diệp lục, lớp diệp lục bị phân hủy dần, những sắc tố carotenoid (vàng, cam) vốn bị che lấp lộ ra, lá chuyển màu vàng cam rồi rụng."
Văn hóa phở Việt Nam có từ bao giờ và đặc trưng ra sao?,"Phở hình thành khoảng đầu thế kỷ 20, xuất phát từ vùng Hà Nội và Nam Định, lan vào Nam Bộ. Đặc trưng là nước dùng ninh từ xương bò, bánh phở tráng mỏng, giá đỗ, hành lá, rau thơm. Phở Bắc thiên về nước dùng thanh trong, phở Nam thêm rau sống, tương, chanh. Năm 2022 phở được công nhận nằm trong hồ sơ di sản văn hóa phi vật thể quốc gia."
Cách sơ cứu khi bị bỏng nước sôi?,"Ngay lập tức ngâm vùng bỏng vào nước sạch mát (không phải nước đá) từ 15-20 phút, tháo bỏ trang sức hoặc vải có thể siết, không bôi nước mắm, kem đánh răng hay dầu. Che vùng bỏng bằng gạc sạch, uống bù nước và đưa đến cơ sở y tế nếu bỏng nặng hoặc diện tích rộng."
Vì sao chuối chín có vết đen?,"Chuối chín tổng hợp ethylene kích thích chuyển hóa tinh bột thành đường, vỏ chuyển vàng rồi nâu do polyphenol oxidase phản ứng với oxy khi vỏ bị dập hoặc già. Vết đen không độc, chuối còn có vị ngọt hơn vì hàm lượng đường cao."
Việt Nam có bao nhiêu dân tộc và dân tộc nào đông nhất?,"Việt Nam có 54 dân tộc anh em. Dân tộc Kinh chiếm khoảng 86% dân số là đông nhất, tiếp theo là Tày, Thái, Mường, Khmer, Hoa... Các dân tộc phân bố rải rác khắp cả nước, chủ yếu ở vùng núi phía Bắc, Tây Nguyên và đồng bằng sông Cửu Long."
Thể tích khối tròn xoay tạo bởi hàm bậc nhất quanh trục hoành tính thế nào?,"Dùng công thức khối tròn xoay: V = pi nhan ∫[a,b] f(x)^2 dx. Với f(x) tuyến tính chẳng hạn y = kx + m, ta tính tích phân bình phương rồi thế cận. Kết quả thường là một hình nón cụt, thể tích tính bằng công thức V = (1/3)πh(R^2 + Rr + r^2)."
An Giang có những đặc sản nổi tiếng nào?,"An Giang nổi tiếng với mắm Thái, mắm cá linh, khô cá lóc, bún mắm, bò 7 núi, xôi Xiêm và các món chả lụa, gàu xào Sơn Đốc. Đặc biệt vùng Bảy Núi có các món dân dã như bánh bò thốt nốt, cơm tấm Tri Tôn và muối tôm."
Thiên nhiên Việt Nam nổi bật với những khu dự trữ sinh quyển nào?,"Việt Nam có 11 khu dự trữ sinh quyển thế giới được UNESCO công nhận, tiêu biểu như Cát Bà, Cần Giờ, Cù Lao Chàm, Đồng Nai, khu ngập mặn ven biển Tây Nam Bộ, Mũi Cà Mau. Nổi tiếng nhất là rừng ngập mặn Cần Giờ - lá phổi xanh của TP.HCM."
Làm thế nào phân biệt nấm độc và nấm ăn được?,"Không có dấu hiệu nhận biết nấm độc chung đáng tin cậy; cách an toàn nhất là chỉ ăn nấm mua từ nguồn tin cậy hoặc do người am hiểu xác định. Một số chi lưu ý: nấm có vòng cổ, mũ có vằn màu, gốc phình dạng bọc dễ là nấm độc. Nghi ngờ thì bỏ qua để tránh ngộ độc."
Đồng bằng sông Cửu Long gồm những tỉnh nào?,"Đồng bằng sông Cửu Long gồm 12 tỉnh và 1 thành phố: Long An, Tiền Giang, Bến Tre, Vĩnh Long, Trà Vinh, Đồng Tháp, An Giang, Kiên Giang, Cần Thơ (TP), Hậu Giang, Sóc Trăng, Bạc Liêu, Cà Mau. Đây là vựa lúa, trái cây và thủy sản lớn nhất nước."
Vì sao cánh trên máy bay tạo ra lực nâng?,"Theo nguyên lý Bernoulli và định luật 3 Newton: cánh máy bay có mặt trên cong nên luồng khí phía trên chuyển động nhanh hơn, áp suất giảm, phía dưới áp suất cao hơn đẩy cánh lên. Đồng thời dòng khí bị hất xuống dưới tạo phản lực nâng theo định luật 3 Newton."
Đặc điểm hệ sinh thái rừng ngập mặn?,"Rừng ngập mặn sống ở vùng cửa sông ven biển, cây thích nghi úng ngập nước mặn với rễ khí sinh (rễ thở). Hệ sinh thái này chắn sóng, chống xói lở, nuôi dưỡng thủy sản non và là nơi cư trú của nhiều loài chim nước. Việt Nam có hàng trăm nghìn ha tập trung ở khu vực đồng bằng sông Cửu Long."
Mực ống có bao nhiêu chân?,"Mực ống thuộc lớp chân đầu (Cephalopoda) có 8 tay và 2 xúc tu dài, tổng cộng 10 chi phụ. Ngược lại, mực nang và bạch tuộc có 8 tay, không có xúc tu dài như mực ống. Hai xúc tu dài dùng để bắt mồi."
Điểm chuẩn là gì và AI làm sao được huấn luyện học tiếng Việt?,"Điểm chuẩn (baseline) là mô hình đối chiếu để đánh giá hiệu quả. Để AI học tiếng Việt, cần bộ dữ liệu lớn về văn bản tiếng Việt, tiền xử lý bằng tokenizer phù hợp, rồi huấn luyện mô hình ngôn ngữ có kiến trúc transformer trên hàng tỷ token, sau đó tinh chỉnh với dữ liệu hội thoại tiếng Việt có nhãn."
Sa mạc lớn nhất thế giới là gì?,"Sa mạc Sahara ở châu Phi với diện tích khoảng 9,2 triệu km² là sa mạc nóng lớn nhất. Nhưng nếu tính cả sa mạc lạnh thì kỷ lục thuộc về Nam Cực, bề mặt gần như hoàn toàn không có nước lỏng và có khí hậu khô cằn bậc nhất thế giới."
Đèn LED hoạt động theo nguyên lý nào?,"Đèn LED là điốt phát quang hoạt động dựa trên hiện tượng điện phát quang: dòng điện chạy qua lớp bán dẫn p-n, electron và lỗ trống tái hợp giải phóng photon. Màu sắc phụ thuộc vào vật liệu bán dẫn (khe năng lượng); LED tỏa ít nhiệt nên hiệu suất cao hơn bóng đèn sợi đốt."
Ngộ độc thực phẩm thường do đâu và cách phòng tránh?,"Ngộ độc thực phẩm thường do vi khuẩn (Salmonella, E.coli, tụ cầu), virus, độc tố nấm mốc hoặc hóa chất. Để phòng tránh: rửa tay, giữ thực phẩm sống chín riêng biệt, nấu kỹ, bảo quản lạnh dưới 5°C, không để thực phẩm ở nhiệt độ nguy hiểm 5-60°C quá 2 giờ."
Ánh sáng truyền đi với tốc độ bao nhiêu và ai đo được đầu tiên?,Ánh sáng truyền trong chân không với tốc độ xấp xỉ 299.792 km/s. Đo gần đúng đầu tiên là nhà thiên văn Ole Rømer năm 1676 khi quan sát nhật thực vệ tinh Io của Mộc Tinh; tốc độ chính xác 299.792.458 m/s được công nhận năm 1983.
Cá basa và cá tra khác nhau chỗ nào?,"Cá basa và cá tra đều thuộc họ cá tra Pangasiidae. Khác biệt chính: cá basa sống sông nước lợ, thân bạc xám, thịt trắng mềm mọng nước; cá tra nuôi phần lớn trong nước ngọt, lưng xám đậm, thịt dày đặc hơn. Cả hai nuôi nhiều ở đồng bằng sông Cửu Long, xuất khẩu lớn sang châu Âu."
Vì sao khi ra ngoài trời nắng nên đội mũ và mặc áo dài tay?,"Tia UV trong ánh nắng mặt trời, đặc biệt UVA, UVB gây tổn thương da như cháy nắng, lão hóa da và tăng nguy cơ ung thư da. Mũ, kính, áo dài tay với vải dày giúp chắn phần lớn UV; nên kết hợp kem chống nắng SPF 30+ và tránh nắng gắt từ 10-16h."
Hòn đảo lớn nhất Việt Nam nằm ở đâu?,"Phú Quốc thuộc tỉnh Kiên Giang, diện tích trên 574 km², là hòn đảo lớn nhất Việt Nam, nằm trong vịnh Thái Lan. Đảo nổi tiếng với bãi biển Dương Đông, Bãi Dài, Bắc Đảo, rừng nguyên sinh và hải sản tươi sống."
Scrum là gì và khác với các framework khác ra sao?,"Scrum là framework quản lý dự án linh hoạt chia công việc thành sprint (2-4 tuần), có các vai trò Product Owner, Scrum Master và Development Team, các sự kiện sprint planning, daily standup, review và retrospective. Khác với Kanban không dùng sprint cố định và với Waterfall theo quy trình tuần tự, pha sau bắt đầu sau pha trước hoàn thành."
Tại sao người ta nói tôm hùm phải luộc sống?,Tôm hùm chứa enzyme phân hủy nhanh sau khi chết khiến thịt nhão và dễ vi khuẩn phát triển; luộc sống giữ được chất lượng thịt. Tuy nhiên thực tế có thể gây mê nhẹ bằng đá lạnh trước khi chế biến để giảm đau đớn cho vật nuôi.
Vì sao bầu trời xanh vào ban ngày?,"Do hiện tượng tán xạ Rayleigh: ánh sáng mặt trời gồm nhiều bước sóng, khi xuyên qua khí quyển, bước sóng ngắn (xanh, tím) bị tán xạ bởi phân tử khí mạnh hơn hẳn so với bước sóng dài. Ánh sáng xanh tán xạ khắp bầu trời nên mắt ta nhìn thấy trời màu xanh."
Có bao nhiêu giống chó chính thức được công nhận?,"Liên đoàn Chó quốc tế (FCI) công nhận trên 360 giống chó, chia thành 10 nhóm như chó chăn cừu, chó sục, chó thể thao, chó cảnh. Ở Việt Nam phổ biến các giống chó ta như chó cỏ, phú quốc, bắc hà, một số được công nhận trong hệ thống FCI."
Nước biển vì sao có vị mặn?,"Nước biển mặn do chứa muối khoáng hòa tan, chủ yếu natri clorua (NaCl) chiếm khoảng 85% tổng muối. Các ion này được các dòng sông cuốn từ đất liền ra biển qua hàng triệu năm, tích tụ dần. Lượng muối trung bình khoảng 35 gam/lít nước biển."
Ở Việt Nam phổ biến món ăn nào gắn với ngày Tết?,"Ngày Tết Nguyên đán, người Việt thường ăn bánh chưng/bánh tét, thịt kho hột vịt, dưa hành, củ kiệu, giò chả, bánh mứt và trái cây ngũ quả. Miền Bắc chuộng bánh chưng vuông, miền Nam chuộng bánh tét tròn với nhân đậu xanh hoặc chuối."
Điện từ trường là gì và ứng dụng trong đời sống?,"Điện từ trường là sự kết hợp của điện trường và từ trường dao động lan truyền thành sóng điện từ. Ứng dụng rộng rãi: sóng radio, wifi, lò vi sóng, điện thoại, MRI (chụp cộng hưởng từ) dùng từ trường mạnh, và truyền tải điện không dây."
Vì sao không nên ngủ quá ít hoặc quá nhiều?,"Giấc ngủ giúp phục hồi năng lượng, củng cố trí nhớ và điều hòa hormone. Ngủ quá ít (dưới 6h) làm tăng cortisol, suy giảm miễn dịch, khó tập trung; ngủ quá nhiều (trên 9h thường xuyên) liên quan tăng nguy cơ béo phì, tiểu đường. Độ dài tối ưu là 7-9 tiếng/đêm."
Vai trò của rừng nhiệt đới Amazon với khí hậu toàn cầu?,"Rừng Amazon - lá phổi của Trái Đất - hấp thu khoảng 2 tỷ tấn CO2 mỗi năm, sản sinh lượng lớn oxy cho bầu khí quyển và điều hòa lượng mưa qua chu trình bốc thoát hơi nước. Suy giảm rừng gây ảnh hưởng nghiêm trọng đến biến đổi khí hậu toàn cầu."
Siêu bão là gì và được phân cấp thế nào?,Siêu bão là xoáy thuận nhiệt đới có sức gió duy trì từ cấp 12 trở lên (tương đương cấp bão rất mạnh theo thang Việt Nam). Quốc tế dùng thang Saffir-Simpson từ cấp 1 đến 5; bão cấp 5 có sức gió trên 252 km/h. Việt Nam nằm trong vùng ảnh hưởng của bão Tây Thái Bình Dương.
Vì sao kim loại dẫn điện tốt?,"Trong kim loại, các electron hóa trị tách khỏi nguyên tử tạo thành biển electron tự do chuyển động linh hoạt trong mạng tinh thể. Khi có hiệu điện thế, các electron này dịch chuyển thành dòng điện. Mật độ electron tự do cao nên kim loại như đồng, nhôm dẫn điện rất tốt."
Công dụng và cách dùng bột sắn dây?,"Bột sắn dây giàu tinh bột và chất xơ, giúp giải nhiệt. Cách dùng: hòa bột với nước lạnh rồi khuấy đều với nước sôi thành chè sánh, có thể thêm đường, chanh, gừng uống mát. Người tiểu đường và người cần giảm tinh bột nên hạn chế."
Núi lửa phun trào vì sao và hậu quả ra sao?,"Núi lửa phun khi magma từ lòng đất dưới sức ép lớn nổi lên và phá vỡ vỏ Trái Đất. Hậu quả: dung nham phá hủy vùng quanh, tro bụi bay vào khí quyển làm giảm ánh sáng mặt trời, khí SO2 có thể gây mưa acid. Nhưng đất đá từ tro cũng rất màu mỡ cho nông nghiệp về sau."
Vì sao thủy triều lên xuống mỗi ngày?,"Thủy triều do lực hấp dẫn của Mặt Trăng (chủ yếu) và Mặt Trời tác động lên nước đại dương. Nước phía gần thiên thể bị kéo dồn lại tạo thành đỉnh triều, phía đối diện cũng có đỉnh triều thứ hai do lực ly tâm, nên mỗi ngày có hai lần nước lớn và hai lần nước ròng."
Vì sao tôm cua khi luộc chín chuyển sang màu đỏ cam dù lúc sống có màu xanh xám?,"Khi còn sống, sắc tố astaxanthin trong vỏ bị che phủ bởi protein crustacyanin nên ta thấy tôm cua có màu xanh xám. Khi luộc, nhiệt độ cao khiến protein này biến tính, mất khả năng che giấu sắc tố, astaxanthin mang màu đỏ cam lộ ra. Vì vậy chúng chuyển sang màu đỏ đặc trưng khi chín, dù bản chất sắc tố không hề thay đổi."
Caffeine trong cà phê giúp con người tỉnh táo bằng cơ chế nào và người nhạy cảm cần lưu ý gì?,"Caffeine có cấu trúc gần giống adenosine, chất khi gắn vào thụ thể trong não sẽ tạo cảm giác buồn ngủ. Caffeine chiếm chỗ các thụ thể này, ngăn adenosine bám vào, khiến não không nhận tín hiệu mệt mà giữ tỉnh táo. Tác dụng thường kéo dài 4-6 giờ tùy cơ địa. Người nhạy cảm, mất ngủ, lo âu hoặc huyết áp cao nên giới hạn dưới 200-300 mg mỗi ngày, tránh uống quá sát giờ ngủ."
Vitamin C có thật sự ngăn ngừa cảm lạnh không?,"Các nghiên cứu cho thấy bổ sung vitamin C thường xuyên chỉ giúp rút ngắn nhẹ thời gian cảm lạnh, trung bình khoảng 8% ở người lớn và 14% ở trẻ em, chứ không thực sự ngăn được phần lớn người khỏi bị cảm. Riêng người hoạt động thể lực cường độ cao hoặc sống ở vùng lạnh thì lợi ích rõ hơn. Uống liều cao ngay khi mới có triệu chứng cũng chưa chứng minh giảm bệnh đáng kể. Nên bổ sung từ trái cây, rau xanh và không quá 1000-2000 mg mỗi ngày để tránh rối loạn tiêu hóa."
Vì sao xe đạp đang chạy nhanh khó đổ nhưng vừa dừng lại lại dễ ngã?,"Xe đạp đang lăn bánh khó đổ nhờ hai yếu tố: hiệu ứng con quay hồi chuyển của bánh xe giữ trục bánh định hướng ổn định, và người lái tự điều chỉnh bằng cách nghiêng người theo trọng tâm. Khi dừng hẳn, hiệu ứng con quay hồi chuyển mất đi, chỉ còn thăng bằng tĩnh nên người mới tập dễ ngã. Vì vậy chạy hơi nhanh lại dễ giữ thăng bằng hơn chạy chậm rề rề."
"Vì sao ăn tỏi xong hơi thở hôi dai dẳng mà đánh răng, súc miệng cũng không hết?","Hơi thở hôi sau khi ăn tỏi dai dẳng vì hợp chất lưu huỳnh allicin sinh ra khi băm, giã tỏi tiếp tục chuyển hóa thành allyl methyl sulfide, chất được hấp thu vào máu rồi theo tuần hoàn tới phổi và thải ra theo hơi thở suốt nhiều giờ, thậm chí vài ngày. Đánh răng chỉ xử lý phần hôi còn lại trong khoang miệng chứ không hết mùi từ phổi. Ăn táo, rau sống, uống sữa hoặc trà xanh sau bữa giúp khử bớt mùi."
Ong chúa và ong thợ cùng nguồn gen nhưng vì sao ong chúa sống lâu gấp nhiều lần?,"Khác biệt nằm ở chế độ ăn. Ấu trùng làm ong thợ chỉ được nuôi bằng sữa chúa vài ngày đầu rồi chuyển sang mật hoa và phấn hoa, còn ấu trùng chọn làm ong chúa được nuôi hoàn toàn bằng sữa chúa giàu protein và hormone. Sữa chúa kích hoạt các gen liên quan tới phát triển cơ thể và chống lão hóa, khiến ong chúa đẻ tới hàng nghìn trứng mỗi ngày và sống 1-3 năm, gấp khoảng 10-40 lần ong thợ thường chỉ sống vài tuần đến vài tháng."
Cá heo ngủ như thế nào khi sống dưới nước và vẫn phải ngoi lên để thở?,"Cá heo thuộc loài thở bằng phổi nên không thể ngủ sâu hoàn toàn dưới nước như người. Chúng ngủ theo kiểu bán cầu não thay phiên: chỉ một nửa bộ não nghỉ ngơi, nửa còn lại tỉnh táo để điều khiển việc ngoi lên lấy hơi và cảnh giác thú dữ. Mỗi nửa não ngủ khoảng 2-3 giờ rồi hoán đổi, nhờ vậy cá heo bơi và thở liên tục suốt ngày đêm mà không ngừng nghỉ."
Dải sáng trắng vắt ngang bầu trời đêm là gì và cấu tạo ra sao?,"Dải sáng mờ chạy ngang bầu trời đêm chính là thiên hà của chúng ta, gọi là Ngân Hà. Nó gồm hàng trăm tỷ ngôi sao cùng tinh vân, cụm sao và khí bụi xếp thành dạng đĩa xoắn ốc; ta nhìn từ bên trong nên thấy nó như dải băng mờ. Mặt Trời nằm gần rìa đĩa, cách trung tâm khoảng 27.000 năm ánh sáng. Ngân Hà xoay tròn một vòng hết khoảng 230 triệu năm."
Vì sao các vì sao nhấp nháy còn hành tinh thì tỏa sáng đều đặn không nhấp nháy?,"Vì sao nhấp nháy do hiện tượng khúc xạ: ánh sáng từ một ngôi sao ở rất xa được xem như điểm nguồn, khi xuyên qua các lớp không khí chuyển động với nhiệt độ, mật độ khác nhau bị bẻ lệch liên tục nên độ sáng lúc mạnh lúc yếu, trông như lấp lánh. Hành tinh ở gần hơn, phản chiếu ánh sáng như một đĩa nhỏ, các tia sáng từ nhiều điểm trên đĩa cộng hưởng trung hòa độ dao động nên ta thấy chúng sáng đều."
Mặt Trăng tác động thế nào đến tốc độ tự quay của Trái Đất?,"Ma sát thủy triều do Mặt Trăng kéo khối nước trên Trái Đất tạo ra lực hãm nhẹ lên sự tự quay, khiến Trái Đất quay chậm dần theo thời gian. Khoảng 1 tỷ năm trước một ngày chỉ khoảng 19 giờ, nay đã tăng lên gần 24 giờ và tiếp tục dài thêm chừng 1,8 phần nghìn giây mỗi thế kỷ. Ngược lại, Mặt Trăng bị đẩy xa dần khỏi Trái Đất khoảng 3,8 cm mỗi năm để bảo toàn mô men động lượng."
Vì sao Trái Đất có bốn mùa và mùa hạ ngày lại dài hơn?,"Trục tự quay của Trái Đất nghiêng 23,5 độ so với mặt phẳng quỹ đạo quanh Mặt Trời. Khi Bắc bán cầu ngả về phía Mặt Trời, nó nhận nhiều ánh sáng trực tiếp hơn, ngày dài nên là mùa nóng của mùa hạ, sau đó nghiêng ra xa dần tạo thu và đông; Nam bán cầu thì ngược lại. Chính độ nghiêng trục tạo ra bốn mùa và sự chênh lệch độ dài ngày đêm trong năm, chứ không phải do khoảng cách xa gần đến Mặt Trời."
Quầng sáng hình vòng tròn quanh mặt trăng hoặc mặt trời về đêm gọi là gì và do đâu mà có?,"Quầng sáng dạng vòng tròn quanh Mặt Trăng hoặc Mặt Trời gọi là quầng 22 độ, hình thành khi ánh sáng xuyên qua lớp mây ti tầng cao gồm vô số tinh thể băng lục giác nhỏ. Các tinh thể băng khúc xạ và bẻ ánh sáng đúng góc 22 độ nên ta thấy vòng tròn mờ sáng. Quầng này thường báo trời đang chuyển rét hoặc sắp có nhiễu động thời tiết; dân gian có câu trăng quầng thì hạn, trăng tán thì mưa."
Vì sao càng xuống sâu trong hồ hoặc biển nước càng lạnh và tối?,"Ánh sáng mặt trời bị nước hấp thụ dần nên chỉ xuống tới vài trăm mét là tối om; sâu hơn là vùng tối gần như vĩnh viễn. Nhiệt độ cũng giảm theo độ sâu, nước đại dương sâu thường chỉ khoảng 1-4 độ C dù vùng mặt có nóng. Vẫn có sinh vật sống ở đó thích nghi với bóng tối và áp suất lớn: nhiều loài mang cơ quan phát sáng, mắt to hoặc không cần mắt, dùng rung động và khứu giác để săn mồi trong môi trường khắc nghiệt."
Vì sao sa mạc ban ngày nóng gắt nhưng ban đêm lại lạnh buốt?,"Ban ngày sa mạc nóng vì không khí khô không có mây che chắn, ánh nắng rọi thẳng xuống làm đất cát nóng nhanh. Ban đêm cát tỏa nhiệt rất nhanh do khả năng giữ nhiệt kém, trong khi không khí khô và trời quang không mây khiến nhiệt bức xạ vào vũ trụ tối đa, độ ẩm thấp cũng không giữ được hơi ấm. Sa mạc Sahara có thể hơn 40 độ C ban ngày và tụt xuống gần 0 độ C về đêm."
Vì sao dòng sông chảy dài thường uốn khúc quanh co thay vì chảy thẳng?,"Khi dòng chảy bị lệch nhẹ bởi địa hình hay chướng ngại, phần nước ở bờ ngoài chảy nhanh hơn làm xói mòn bờ lõm, phần nước ở bờ trong chậm hơn bồi lắng phù sa tạo thành bờ lồi. Càng xói càng cong, càng cong càng xói nên sông dần tạo thành những vòng uốn quanh co gọi là meander. Đến khi hai khúc uốn sát nhau có thể nối thẳng, bỏ lại một đoạn hồ hình lưỡi liềm tách khỏi dòng chính."
Vì sao khí hậu Việt Nam có gió mùa rõ rệt thay đổi theo hai mùa?,"Việt Nam nằm trong vùng hoạt động của chế độ gió mùa Châu Á, vốn do sự chênh lệch nhiệt độ giữa lục địa rộng lớn và đại dương theo mùa gây ra. Mùa hè lục địa nóng tạo vùng áp thấp hút gió từ biển thổi vào (gió mùa Tây Nam mang mưa cho phía Nam). Mùa đông lục địa lạnh tạo áp cao, gió thổi ra biển (gió mùa Đông Bắc lạnh khô ở phía Bắc). Vì thế khí hậu nước ta phân hóa rõ thành mùa mưa và mùa khô."
Vì sao xương rồng có thể sống tốt giữa sa mạc khô cằn?,"Xương rồng thích nghi bằng cách trữ nước trong thân mọng, còn lá biến thành gai để giảm thoát hơi nước và chống thú ăn. Đặc biệt chúng dùng lối quang hợp CAM: ban đêm mở khí khổng hấp thu CO2 rồi cố định thành dạng acid, ban ngày đóng khí khổng để tránh mất nước và dùng lượng CO2 đã trữ để quang hợp. Rễ lan rộng sát mặt đất hứng nhanh từng đợt sương và mưa hiếm hoi."
Vì sao nước mưa đọng trên lá sen tạo thành giọt tròn lăn đi mà không thấm vào lá?,"Nước không thấm vào lá sen vì bề mặt lá phủ lớp sáp kỵ nước cùng vô số nhung mao siêu nhỏ tạo độ nhám cỡ micro-nano. Giọt nước tiếp xúc rất ít diện tích với lá, kết thành hình cầu lăn đi và cuốn theo bụi bẩn, hiện tượng gọi là hiệu ứng lá sen. Nguyên lý này truyền cảm hứng cho vật liệu tự làm sạch, vải chống thấm và sơn chống bám bẩn hiện đại."
Vì sao chó khi trời nóng lại thè lưỡi thở hổn hển?,"Chó có rất ít tuyến mồ hôi, chủ yếu tập trung ở đế bàn chân nên không thể thoát nhiệt hiệu quả qua mồ hôi. Khi nóng, chúng tăng nhịp thở nhanh và nông, thè lưỡi ra để hơi ẩm bay hơi trên bề mặt lưỡi rộng, mang nhiệt đi theo luồng không khí ra ngoài. Thở hổn hển là cách làm mát chính của chó; nếu chó thở hổn hển quá sức kèm mệt lả, có thể đang quá nóng hoặc gặp vấn đề sức khỏe, cần làm mát và theo dõi."
Vì sao mèo kêu gừ gừ và tiếng gừ đó có ý nghĩa gì?,"Tiếng gừ gừ được tạo ra nhờ cơ thanh quản co bóp rất nhanh khoảng 25-150 lần mỗi giây trong cả lúc hít vào và thở ra. Âm thanh này xuất hiện khi mèo vui, thư giãn nhưng cũng phát ra lúc đau, lo lắng hoặc sinh nở như cách tự xoa dịu. Mèo còn kêu gừ để giành sự chú ý, giao tiếp hoặc xin thức ăn; nhiều nghiên cứu cho rằng tần số rung 25-150 Hz của tiếng gừ có thể hỗ trợ làm lành xương mô."
Vì sao chim gõ kiến gõ mỏ suốt ngày mà không bị đau đầu hay chấn thương não?,"Chim gõ kiến gõ tới 20-25 lần mỗi giây với lực lớn hơn nhiều lần trọng lượng cơ thể mà không bị chấn động não nhờ loạt thích nghi: hộp sọ dày chắc, lớp xốp giảm sốc giữa xương trán và não, mỏ cứng đặt thẳng trục lực, cùng chiếc lưỡi dài ôm quanh hộp sọ hoạt động như dây đai an toàn thêm. Mỗi nhịp gõ rất ngắn nên não được bảo vệ trong khoảng thời gian cực nhỏ, nhờ đó chúng bền bỉ cả đời."
"Bạch tuộc có máu xanh và ba trái tim, đúng không và vì sao?","Đúng vậy, bạch tuộc có ba trái tim: hai trái bơm máu lên mang để nhận oxy, trái còn lại bơm máu đi khắp cơ thể. Máu của chúng có màu xanh lam vì dùng hemocyanin chứa đồng để vận chuyển oxy thay vì hemoglobin chứa sắt như người; khi kết hợp oxy, hợp chất này mang màu xanh. Điều đặc biệt là trái tim toàn thân ngừng đập khi bạch tuộc bơi, góp phần lý giải vì sao chúng bơi nhanh thì mau mệt."
Vì sao dơi bay trong bóng tối hoàn toàn vẫn không va vào vật cản?,"Dơi dùng định vị bằng tiếng vang: chúng phát ra chuỗi sóng siêu âm tần số cao qua miệng hoặc mũi, sóng gặp vật cản hoặc con mồi rồi dội ngược lại. Bộ não dơi tính toán thời gian phản hồi và sự lệch tần số để xác định khoảng cách, kích thước, chuyển động của mục tiêu trong tích tắc. Nhờ đó chúng săn côn trùng và bay tránh chướng ngại trong đêm tối, trở thành nguồn cảm hứng cho hệ sonar nhân tạo."
"Vì sao rùa có thể sống rất lâu, gần 150 năm ở một số loài?","Rùa sống thọ nhờ trao đổi chất chậm, đốt năng lượng ít nên tổn thương tế bào tích lũy chậm hơn nhiều so với động vật có vú. Chúng còn có hệ miễn dịch khỏe, khả năng sửa chữa DNA tốt và vẫn sinh sản được ngay cả khi đã già. Nơi ít thú săn nên áp lực tiến hóa không đòi hỏi nhanh nhẹn, rùa như rùa Galápagos dành năng lượng cho việc chống lão hóa, trở thành loài bò sát thọ nhất thế giới."
Vì sao tắc kè hoa đổi màu da và sự đổi màu đó có tác dụng gì?,"Tắc kè hoa đổi màu nhờ các tế bào sắc tố ở nông và đặc biệt là lớp tế bào iridophore chứa tinh thể guanine nhỏ ở sâu trong da. Khi tinh thể giãn ra hoặc co cụm, góc khúc xạ ánh sáng thay đổi làm da hiện ra màu sắc khác. Đổi màu không chỉ để ngụy trang mà còn để điều hòa thân nhiệt, thí dụ tối màu hấp thụ nắng hơn, và để thể hiện tâm trạng, giao tiếp với bạn tình hoặc răn đe đối thủ."
Sinh vật sống ở vực thẳm đại dương phát sáng bằng cách nào?,"Ở độ sâu không ánh sáng lọt tới, nhiều sinh vật như cá câu biển sâu, mực, sứa tự phát sáng bằng phản ứng phát quang sinh học: hợp chất luciferin gặp enzyme luciferase và oxy tạo ra ánh sáng lạnh, gần như không tỏa nhiệt. Ánh sáng dùng để dụ con mồi như chiếc cần treo trên đầu cá, soi đường, ngụy trang bằng đối xứng với ánh sáng nền trời mờ bên trên, hoặc báo hiệu giao phối. Ước tính khoảng 3/4 số loài ở vùng biển sâu có khả năng phát sáng."
Tằm nhả tơ như thế nào và vì sao tơ tằm được coi là quý giá?,"Tằm nhả tơ từ một đôi tuyến tơ trong cơ thể; khi làm kén chúng kết sợi protein fibroin liên tục dài tới 300-900 mét quanh mình thành chiếc kén. Con người nuôi tằm để kéo tơ ra thành sợi mảnh, óng, bền và mềm mại nên rất quý để dệt lụa. Nghề tằm tơ ở các làng nghề Việt như Vạn Phúc ở Hà Nội, Nha Xá ở Hưng Yên còn lưu giữ bí quyết kéo sợi, nhuộm màu truyền thống gắn với văn hóa lụa nổi tiếng."
Vì sao nên ăn sáng đều đặn và bỏ bữa sáng có hại gì?,"Bữa sáng bổ sung năng lượng đầu tiên sau một đêm nhịn ăn, thời điểm đường huyết xuống thấp nhất. Bỏ bữa sáng thường xuyên khiến cơ thể dễ mệt mỏi, kém tập trung, buổi trưa thèm ăn nhiều hơn và dễ tích mỡ; một số nghiên cứu cho thấy thói quen này liên quan đến nguy cơ tiểu đường và rối loạn chuyển hóa cao hơn. Bữa sáng lý tưởng nên gồm tinh bột hấp thu chậm, protein và rau quả, đạt khoảng 20-25% nhu cầu năng lượng trong ngày."
Chất xơ có vai trò gì với hệ tiêu hóa và nên bổ sung từ đâu?,"Chất xơ không tiêu hóa được nhưng rất quan trọng: loại hòa tan trong yến mạch, đậu, trái cây tạo gel làm chậm hấp thu đường và giảm cholesterol; loại không hòa tan trong rau, cám lúa mì tăng khối lượng phân, kích thích nhu động ruột chống táo bón. Chất xơ còn là thức ăn của vi khuẩn đường ruột, nuôi dưỡng hệ vi sinh và giảm nguy cơ viêm. Người trưởng thành nên ăn khoảng 25-38 gam mỗi ngày từ rau, củ, trái cây và ngũ cốc nguyên hạt."
"Vì sao một số người uống sữa xong bị đau bụng, đầy hơi, tiêu chảy?","Sữa chứa đường lactose, cơ thể cần enzyme lactase để phân giải thành glucose và galactose mới hấp thu được. Phần lớn người Á Đông giảm sản xuất lactase sau tuổi thiếu niên, nên lactose đi nguyên vẹn xuống ruột già, bị vi khuẩn lên men sinh hơi và kéo nước vào lòng ruột, gây đau bụng, đầy hơi, tiêu chảy sau khi uống vài giờ. Người không dung nạp lactose nên chọn sữa không lactose, sữa chua hoặc uống từng lượng nhỏ."
Vì sao trời nóng ta toát mồ hôi và mồ hôi có tác dụng gì?,"Khi trời nóng hoặc vận động, vùng dưới đồi não kích hoạt hệ thần kinh giao cảm báo các tuyến mồ hôi tiết dịch, phần lớn là nước và muối. Mồ hôi thấm ra da rồi bay hơi, quá trình này cần thu nhiệt từ bề mặt cơ thể, kéo theo nhiệt dư giúp thân nhiệt giữ quanh 37 độ C. Người lớn có hơn hai triệu tuyến mồ hôi; khi gắng sức giữa trời nóng, cơ thể có thể tiết hơn một lít mồ hôi mỗi giờ nên cần bù đủ nước."
Sốt là gì và sốt có lợi hay có hại cho cơ thể?,"Sốt là phản ứng của hệ miễn dịch: tác nhân gây bệnh kích thích đại thực bào giải phóng chất dẫn truyền, tín hiệu lên vùng điều nhiệt ở não đặt ngưỡng nhiệt cao hơn để cơ thể tăng sinh nhiệt. Nhiệt độ cao vừa phải làm chậm vi khuẩn, virus nhân lên và tăng cường hoạt động của tế bào miễn dịch nên có lợi khi còn nhẹ. Nên hạ sốt và đi khám nếu sốt rất cao trên 39-40 độ C, kéo dài quá 3 ngày, kèm khó thở, co giật hoặc mất nước."
Vì sao phải rửa tay bằng xà phòng thường xuyên?,"Tay là nơi tiếp xúc vô số bề mặt nhưng lại hay chạm vào mũi, mắt, miệng, tạo đường truyền vi khuẩn và virus như cúm, cảm lạnh, tiêu chảy vào cơ thể. Nhiều loại virus được bao bọc bởi màng lipid; xà phòng phá hủy lớp màng này khiến chúng bất hoạt. Rửa tay bằng xà phòng và nước sạch ít nhất 20 giây, đặc biệt trước khi ăn, sau khi đi vệ sinh và khi đi nơi công cộng về giúp giảm rõ rệt nguy cơ bệnh truyền nhiễm."
Vì sao nên ăn cá ít nhất hai lần mỗi tuần?,"Cá béo như cá hồi, cá thu, cá trích, cá ngừ chứa nhiều omega-3 dạng DHA và EPA, axit béo quan trọng cho não, võng mạc và tim mạch. DHA chiếm phần lớn chất béo cấu tạo não, còn EPA giúp giảm triglyceride, kháng viêm và bảo vệ mạch máu. Nghiên cứu cho thấy ăn cá đều đặn hai lần mỗi tuần giảm nguy cơ bệnh tim mạch; Tổ chức Y tế Thế giới cũng khuyến nghị người trưởng thành ăn cá béo ít nhất hai lần một tuần."
Vì sao trà xanh có vị chát và hợp chất nào mang lại lợi ích sức khỏe?,"Vị chát của trà xanh đến từ polyphenol, chủ yếu là catechin như EGCG, hợp chất chống oxy hóa mạnh giúp trung hòa gốc tự do gây hại tế bào. Catechin còn góp phần giảm viêm, hỗ trợ kiểm soát đường huyết và bảo vệ tim mạch, hàm lượng khác nhau tùy giống chè, mùa hái và cách chế biến. Trà xanh Việt Nam từ Thái Nguyên, Mộc Châu nổi tiếng thơm chát dịu; uống không đường vẫn giữ được hương và lợi ích tốt nhất."
Vì sao măng tươi cần luộc kỹ hoặc ngâm muối trước khi nấu?,"Măng tươi chứa glucoside sinh cyanide; khi nhai hoặc chế biến có thể giải phóng acid hydrocyanic gây ngộ độc với dấu hiệu đắng, buồn nôn, khó thở. Vì vậy phải bóc vỏ, luộc hoặc nấu kỹ rồi xả lại nhiều lần, có thể ngâm nước muối loãng trước khi dùng để chất độc hòa tan và bay hơi. Lượng cyanide giảm mạnh sau quá trình luộc, ngâm như cách người Việt chế biến măng thông thường; măng chua, măng khô qua xử lý an toàn hơn."
Vì sao khoai tây mọc mầm hoặc vỏ hóa xanh không nên ăn?,"Khi khoai tây mọc mầm hoặc vỏ hóa xanh do tiếp xúc ánh sáng, củ tích tụ alkaloid solanine, chất độc gây buồn nôn, đau bụng, tiêu chảy và tổn thương thần kinh nếu ăn lượng lớn. Solanine tập trung ở mầm, vùng gần vỏ và phần xanh; đun nấu không phá hủy được nó. Nên cắt bỏ sâu các vùng mầm, xanh, và tốt hơn là bỏ củ đã mọc mầm dài. Trẻ em và người nhạy cảm dễ bị ảnh hưởng rõ hơn."
Vì sao nước dừa được xem là nước bù điện giải tự nhiên?,"Nước dừa non chứa tự nhiên nhiều khoáng điện giải như kali, natri, magiê, canxi cùng lượng nhỏ carbohydrate nên được xem là nước bù điện giải tự nhiên cho cơ thể khi vận động hoặc mất nước nhẹ. Nhờ ít calo, không chất béo và vị ngọt thanh, nước dừa còn hỗ trợ lợi tiểu nhẹ và làm dịu cơn khát. Tuy vậy với vận động cường độ rất cao kéo dài đổ nhiều mồ hôi mặn, nước uống thể thao chứa thêm natri vẫn phù hợp hơn."
Vì sao trứng tươi mua về không nên rửa trước khi cho vào tủ lạnh?,"Trứng tươi có lớp màng cuticle mỏng phủ ngoài vỏ, đóng vai trò hàng rào chặn vi khuẩn, đặc biệt là salmonella, không vào trong trứng. Rửa trứng bằng nước làm trôi lớp màng này, mà vỏ trứng lại có vô số lỗ siêu nhỏ nên vi khuẩn dễ xâm nhập và thời gian bảo quản rút ngắn. Chỉ nên lau khô bề mặt, để ngăn mát và rửa ngay trước khi sử dụng. Trứng rửa công nghiệp ở nhiều nước lại được phủ một lớp dầu bảo vệ để thay cuticle."
Muối nở và bột nở khác nhau thế nào và bánh bông lan phồng nhờ đâu?,"Muối nở là bicarbonate natri, chỉ sinh khí CO2 khi kết hợp với acid như giấm, sữa chua, chanh; còn bột nở là bicarbonate trộn sẵn acid khô nên tự hoạt động khi gặp chất lỏng và nhiệt. Bánh bông lan phồng nhờ hàng tỷ bọt khí CO2 này giãn nở trong lò, kết hợp với trứng đánh bông giữ khí tạo kết cấu xốp mềm. Dùng nhầm loại hoặc quá liều sẽ khiến bánh bị xẹp, đắng hoặc ngả vàng do dư kiềm."
"Văn Miếu - Quốc Tử Giám được xây dựng từ bao giờ, và vì sao nơi đây được xem là biểu tượng của nền giáo dục Nho học Việt Nam?","Văn Miếu được vua Lý Thánh Tông cho xây dựng năm 1070 để thờ Khổng Tử và các bậc hiền triết. Năm 1076, Quốc Tử Giám được lập bên cạnh, trở thành trường đại học đầu tiên của nước ta chuyên đào tạo con em tầng lớp quý tộc theo nền giáo dục Nho học. Công trình nổi bật nhất là khu Bia Tiến sĩ với 82 tấm bia khắc tên các vị đỗ đạt qua các khoa thi, ghi dấu truyền thống hiếu học. Ngày nay Văn Miếu là điểm di tích nổi tiếng bậc nhất Thủ đô, thường được chọn làm nơi tôn vinh học tập và trao thưởng."
"Chiếc nón lá Việt Nam được làm từ những nguyên liệu gì, và các loại nón nổi tiếng như nón Huế, nón quai thao có đặc điểm ra sao?","Nón lá thường được chằm từ lá cọ hoặc lá dừa non đã phơi khô, kết với vành tre, vành mây uốn tròn; lá khâu chồng lên nhau bằng sợi chỉ chắc và quét thêm một lớp dầu để bền. Nón Huế, hay nón bài thơ, trong lòng lá có giắt tranh vẽ hoặc câu thơ, soi ngược nắng mới thấy rõ. Nón quai thao cổ truyền ở Bắc Bộ rộng vành, dáng phẳng, dùng trong lễ hội, trang phục truyền thống. Dù nhựa, ô dù thay thế nhiều, nón lá vẫn là biểu tượng duyên dáng của người Việt trong ảnh, tranh và du lịch."
Vì sao hình ảnh con trâu lại gắn bó sâu sắc với làng quê Việt Nam trong văn hóa và dân ca?,"Trâu gắn với nền nông nghiệp lúa nước lâu đời: nó là sức kéo chính giúp người nông dân cày bừa, làm đất, kéo xe, gánh vác phần lớn công việc đồng áng. Vì vậy hình tượng trâu đi vào ca dao, tục ngữ, tranh dân gian, lễ hội như trò chọi trâu Đồ Sơn. Câu chuyện bánh chưng gắn với chú bé chăn trâu ngộ nghĩnh, còn các bài đồng dao gắn trâu với tuổi thơ thôn quê. Ngày nay máy móc thay thế nhiều nhưng trâu vẫn là biểu tượng của sự cần cù, gắn bó với ruộng đồng Việt."
"Hang Sơn Đoòng nằm ở tỉnh nào, và vì sao nó được xem là hang động lớn nhất thế giới?","Sơn Đoòng thuộc vườn quốc gia Phong Nha - Kẻ Bàng, tỉnh Quảng Bình, được phát hiện năm 1990 và công bố rộng rãi từ 2009. Hang có chiều dài hơn 9 km, có đoạn cao tới khoảng 200 m và rộng hơn 150 m, đủ không gian để chứa cả một tòa nhà 40 tầng. Bên trong hình thành do dòng sông ngầm bào mòn đá vôi hàng triệu năm, có cả rừng nguyên sinh, thảm thực vật và hệ sinh thái riêng biệt nhờ các giếng trời rọi sáng. Số lượng khách tham quan bị giới hạn nghiêm ngặt trong vài trăm người mỗi năm để bảo tồn."
Vịnh Hạ Long được UNESCO công nhận di sản thiên nhiên thế giới nhờ những giá trị gì?,"Vịnh Hạ Long thuộc tỉnh Quảng Ninh, sở hữu khoảng 1.600 đảo đá vôi và đảo phiến thạch nhô lên trên mặt biển, tạo nên cảnh quan vịnh biển đẹp vào bậc nhất thế giới. Năm 1994 UNESCO ghi danh vịnh là di sản thiên nhiên thế giới về giá trị thẩm mỹ, năm 2000 tiếp tục công nhận về giá trị địa chất - địa mạo vì quá trình hình thành đá vôi và hang động kéo dài hơn 500 triệu năm. Nơi đây còn là hệ sinh thái đa dạng với rừng ngập mặn, san hô và nhiều loài động vật. Hạ Long là điểm du lịch biển hàng đầu thu hút hàng triệu lượt khách mỗi năm."
"Chợ nổi Cái Răng nằm ở đâu, và du khách nên tham quan vào thời điểm nào trong ngày để thấy chợ nhộn nhịp nhất?","Chợ nổi Cái Răng nằm trên sông Cái Răng, cách trung tâm thành phố Cần Thơ khoảng 6 km về phía Đông, là chợ nổi nổi tiếng nhất miền Tây. Chợ họp từ tờ mờ sáng, nhộn nhịp nhất khoảng 6 đến 8 giờ; du khách thường thuê ghe, động cơ đẩy để len lỏi giữa hàng chục chiếc bè lớn nhỏ kết bán nông sản, trái cây đặc sản. Mỗi ghe treo một loại hàng mẫu lên cây sào trước mũi để quảng cáo, người bán ăn ở luôn trên ghe nhiều ngày. Đi sớm còn giữ được không gian mát mẻ, ngắm bình minh sông nước và thưởng thức bún riêu, cà phê ngay trên ghe."
"Ban đêm nhìn lên trời thấy cả tỉ tỉ ngôi sao, vậy vì sao nền trời vẫn tối đen chứ không sáng rực, hay còn gọi là nghịch lý Olbers?","Đây chính là nghịch lý Olbers, đặt tên theo nhà thiên văn Heinrich Olbers. Nếu vũ trụ tĩnh, vô tận và tuổi đời vô hạn thì dù ngôi sao xa đến đâu, ánh sáng cũng đủ thời gian truyền tới và bầu trời đêm phải sáng rực như mặt trời. Thực tế vũ trụ có tuổi giới hạn khoảng 13,8 tỉ năm, nên ta chỉ nhìn thấy vùng bầu trời trong quãng thời gian ánh sáng kịp truyền tới. Bên cạnh đó vũ trụ giãn nở khiến bước sóng ánh sáng từ các ngôi sao xa bị dịch về vùng đỏ, dần ra khỏi dải mắt người nhìn thấy; vì vậy đêm vẫn tối."
"Đi đường nhựa giữa trưa nắng, nhìn xa thường thấy mặt đường loang loáng như có nước, hiện tượng ảo ảnh này xuất phát từ nguyên lý vật lý nào?","Đây là hiện tượng ảo ảnh do khúc xạ ánh sáng qua lớp không khí nóng sát mặt đường. Mặt nhựa hấp thụ nhiệt làm lớp không khí ngay sát mặt đất nóng hơn và loãng hơn lớp bên trên, khiến ánh sáng truyền từ bầu trời xuống bị bẻ cong dần khi đi qua các lớp không khí khác mật độ. Tia sáng bị uốn lên, mắt nhìn theo hướng ảo tưởng rằng mặt đường phản chiếu bầu trời, tạo cảm giác như có vũng nước loang láng. Chạm tới thì không hề có nước, nguyên lý tương tự sinh ra ảo cảnh nơi sa mạc."
Nhiều người bảo băm tỏi rồi để yên khoảng 10 phút trước khi nấu sẽ tốt hơn. Điều này có cơ sở khoa học gì?,"Có cơ sở thật. Trong tỏi chứa hợp chất alliin và enzyme alliinase, ở trạng thái nguyên vẹn chúng tách biệt trong từng tế bào. Khi băm, đập, cắt, enzyme tiếp xúc với alliin và xúc tác chuyển hóa thành allicin, hợp chất tạo mùi hăng và phần lớn tác dụng kháng khuẩn, chống oxy hóa của tỏi. Allicin hình thành gần như ngay lập tức, nhưng để vài phút giúp phản ứng diễn ra trọn vẹn và hợp chất bền hơn với nhiệt. Nếu nấu ngay lập tức, nhiệt độ cao làm enzyme mất hoạt tính trước khi kịp tạo đủ allicin, nên tỏi mất bớt giá trị. Vì vậy để tỏi đã băm nghỉ một lúc là mẹo có khoa học."
"Bánh xèo miền Nam và bánh khoái Huế khác nhau ở những điểm nào về vỏ bánh, nhân và cách ăn?","Bánh xèo vỏ giòn, to bản, đổ bằng khuôn tròn đường kính 20 cm; bột pha bột gạo với nghệ và nước dừa tươi, nhân gồm tôm, thịt ba chỉ, giá, đậu xanh. Người miền Nam ăn kèm nhiều loại rau thơm, xà lách, diếp cá, chuối chát, khế; nước chấm là nước mắm chua ngọt pha tỏi ớt. Bánh khoái Huế vỏ dày, nhỏ hơn, đổ trong khuôn gang, bột không cho nghệ nhiều nên vàng nhạt tự nhiên; nhân gồm tôm, thịt, trứng, giá và đậu xanh xào. Nước chấm bánh khoái đặc trưng là mắm nêm pha với ớt, cùng rau sống, chuối sống các loại. Hai món cùng họ nhưng vị và phong cách khác biệt rõ."
"Phở Hà Nội và phở Sài Gòn khác nhau như thế nào về nước dùng, sợi bánh và các loại rau gia vị đi kèm?","Phở Hà Nội nước dùng trong, thanh, nấu từ xương bò hầm kỹ, ít ngọt lộ liễu; sợi bánh dẹt, mềm, hơi rộng; ăn kèm chủ yếu hành lá, ngò gai, húng Láng, thêm chút dấm ớt, không có rau sống nhiều. Phở Sài Gòn nước dùng đậm, ngọt hơn do thêm xương bò, củ cải, hành tây ninh, và thường cho cả thịt bò viên; sợi bánh nhỏ hơn, dai hơn, ăn đầy đủ rau sống như giá, ngò gai, húng quế, rau húng lủi. Cách dùng cũng lệch: người Hà Nội thích giữ vị thanh nguyên bản, người Nam quen thêm sa tế, chanh, và nhiều loại tương ớt đi kèm."
"Bánh chưng, bánh giầy gắn với truyền thuyết nào, và phong tục gói bánh chưng ngày Tết của người Việt có ý nghĩa gì?","Truyền thuyết kể rằng lang Liêu, con vua Hùng thứ sáu, đã dùng gạo nếp, đỗ xanh, thịt lợn gói thành bánh vuông tượng trưng cho đất và nặn bánh giầy tròn tượng trưng cho trời, dâng vua cha và được chọn làm lễ vật. Từ đó tục gói bánh chưng trở thành nét văn hóa Tết: lá dong gói đều, luộc nồi to suốt đêm, bánh để dâng tổ tiên, biếu họ hàng và ăn suốt mấy ngày Tết. Bánh chưng còn thể hiện quan niệm âm dương, đất trời và lòng biết ơn đối với nền nông nghiệp lúa nước. Ngày nay nhiều gia đình vẫn giữ tục ngồi gói bánh quây quần đêm cuối năm."
Mì Quảng có những đặc điểm gì khác biệt so với hủ tiếu và bún ở miền Trung?,"Mì Quảng ở Quảng Nam - Đà Nẵng nổi bật ở sợi mì: làm từ bột gạo, có màu vàng nghệ tự nhiên, sợi dẹt nhưng dày và dai; tô mì thường ít nước dùng, chỉ ngập nhẹ, thắng vàng bằng mỡ gà hoặc dầu điều tạo vị béo đặc trưng. Nhân gồm thịt gà hoặc tôm, thịt heo, trứng cút; ăn kèm rau sống như xà lách, rau thơm, giá cùng bánh tráng nướng giòn. Khác hủ tiếu ở chỗ sợi mì dày hơn, nước dùng đậm, còn khác bún miền Trung vốn sợi tròn nhỏ và nước dùng nhiều. Ăn mì Quảng thường cho thêm ớt, chanh và bánh đa để tăng độ giòn."
"Vì sao chó lại lắc đuôi khi gặp chủ hoặc lúc vui mừng, và sự lắc đuôi ấy luôn có nghĩa tốt hay không?","Chó lắc đuôi là hình thức giao tiếp, đuôi chuyển động mang thông điệp tùy trạng thái. Khi gặp người thân, chó lắc đuôi nhanh, rộng về bên phải kèm thân hình thả lỏng, miệng há — biểu hiện vui mừng, thân thiện. Ngược lại, lắc đuôi chậm gồng lên giữa hai chân là dấu hiệu lo lắng, sợ hãi; cảm xúc hung hăng thường kèm lông dựng, gầm gừ. Vì vậy không phải lúc nào lắc đuôi cũng là vui, phải nhìn tổng thể tư thế, tai, mắt và cả tiếng kêu. Hiểu được ngôn ngữ đuôi giúp chủ nuôi tránh bị cắn và hiểu con vật hơn."
"Vì sao mèo lại kêu gừ gừ khi được vuốt ve, tiếng gừ gừ có vai trò gì với con mèo?","Tiếng gừ gừ tạo ra nhờ sự co giãn nhanh của cơ thanh quản khi hai dây thanh đóng mở luân phiên, khiến luồng khí thở rung động liên tục với tần số khoảng 25-150 Hz. Mèo thường gừ gừ khi được cưng nựng để thể hiện sự dễ chịu, hài lòng, nhưng cũng kêu khi đói, căng thẳng hoặc đau để tự trấn an. Nghiên cứu cho thấy tần số rung này nằm trong vùng kích thích tái tạo mô, giảm đau, có thể hữu ích với chính sức khỏe của mèo. Vì vậy tiếng gừ gừ vừa là ngôn ngữ giao tiếp vừa được xem là cơ chế tự chữa lành thú vị của loài mèo."
"Vì sao chó chạy một hồi liền thè lưỡi thở hổn hển, trong khi con người đổ mồ hôi để làm mát trong những tình huống tương tự?","Người ta tỏa nhiệt chủ yếu bằng mồ hôi khắp cơ thể, còn chó có tuyến mồ hôi rất ít, tập trung ở đệm chân nên cần cách hạ nhiệt khác: thở há và thè lưỡi ra để hơi nước bốc hơi từ bề mặt miệng, lưỡi và đường hô hấp, kéo theo nhiệt độ cơ thể giảm xuống. Càng chạy lâu, cơ thể càng nóng, nhịp thở càng gấp để mất nhiệt nhanh. Cơ chế này kém hiệu quả hơn mồ hôi người, nhất là trong thời tiết nóng ẩm, nên chó rất dễ bị say nóng. Khi nuôi chó, cần tránh cho vận động mạnh giữa trưa hè, luôn sẵn nước mát và bóng râm."
"Muốn nuôi cá cảnh trong bể thủy sinh khỏe mạnh, người mới cần chuẩn bị và chăm sóc những gì?","Khâu quan trọng là chuẩn bị bể trước khi thả cá: bể mới cần chạy nước, lọc, nuôi vi sinh ít nhất một đến hai tuần; nguồn nước dùng nước máy phải trữ hoặc lọc khử clo. Chọn số lượng cá phù hợp diện tích bể, nuôi loài hiền hòa dễ sống như neon, cánh buồm, tép cảnh khi mới bắt đầu. Bổ sung cây thủy sinh giúp cân bằng dinh dưỡng và oxy, cho ăn lượng nhỏ vừa đủ, mỗi ngày một lần, tránh dư ăn làm bẩn nước. Thay khoảng 20-30% nước mỗi tuần, vệ sinh lọc, theo dõi cá hàng ngày để phát hiện dấu hiệu bệnh kịp thời."
Vì sao một trận đấu bóng đá chuyên nghiệp thường kéo dài 90 phút mà không phải 60 hay 120 phút?,"Nguồn gốc 90 phút bắt nguồn từ luật bóng đá cũ của Anh. Năm 1866, trong trận đấu giữa London và Sheffield, hai đội thống nhất chơi 90 phút để tiện theo dõi; sau đó Luật Sheffield áp dụng chuẩn 90 phút và được FIFA ghi vào luật thi đấu. Mặt khác, 90 phút hợp lý với thể lực cầu thủ: đủ dài để giữ tính cạnh tranh, kịch tính nhưng không quá sức trong một trận đấu cường độ cao. Thực tế thời gian bóng lăn chỉ khoảng 60 phút, còn lại là dừng bóng, nên các giải gần đây tính thêm bù giờ cho thời gian bóng chết."
"Sân vận động quốc gia Mỹ Đình nằm ở đâu, được xây dựng khi nào và có sức chứa bao nhiêu khán giả?","Sân vận động quốc gia Mỹ Đình nằm trên đường Lê Đức Thọ, quận Nam Từ Liêm, Hà Nội, khánh thành năm 2003 phục vụ SEA Games 22 diễn ra tại Việt Nam năm đó. Sân có sức chứa hơn 40.000 chỗ ngồi, là sân vận động lớn nhất cả nước, với khán đài hai tầng, mặt sân đạt chuẩn quốc tế, cùng hệ thống phòng họp báo, khu khởi động các vận động viên. Đây là sân nhà của đội tuyển bóng đá quốc gia và từng là nơi tổ chức các trận chung kết SEA Games, vòng loại World Cup, giải đấu châu lục cũng như lễ kỷ niệm, đại nhạc hội lớn."
"Côn Đảo thuộc tỉnh nào, có những nét đẹp gì về thiên nhiên và vì sao nơi đây được nhiều người ví như chốn linh thiêng?","Côn Đảo thuộc tỉnh Bà Rịa - Vũng Tàu, gồm chuỗi đảo giữa vùng biển phía Nam, nổi tiếng với bãi cát trắng, nước biển trong vắt, rạn san hô nguyên sơ và rừng nguyên sinh trên đảo lớn. Trong lịch sử, nơi đây từng là nhà tù khét tiếng của chế độ thực dân, giam giữ nhiều người yêu nước, khiến Côn Đảo gắn với nhiều di tích lịch sử và nghĩa trang Hàng Dương nơi an nghỉ của bao chiến sĩ — lý do nhiều người gọi đây là vùng đất linh thiêng, thanh tịnh. Du lịch Côn Đảo phát triển mạnh với nghỉ dưỡng cao cấp nhưng cảnh quan vẫn được giữ gìn hoang sơ."
"Núi Bà Đen nằm ở tỉnh nào, vì sao được mệnh danh là nóc nhà Nam Bộ, và có gì thú vị khi du khách lên đây?","Núi Bà Đen nằm ở thành phố Tây Ninh, tỉnh Tây Ninh, cao 986 m, là đỉnh núi cao nhất khu vực Nam Bộ nên được gọi là nóc nhà Nam Bộ; núi là khối đá macma cổ sừng sững giữa vùng đồng bằng. Trên núi có quần thể chùa, đền thờ Bà Đen và tượng Phật Bà khổng lồ, thu hút khách hành hương quanh năm. Từ năm 2018, hệ thống cáp treo hiện đại giúp du khách lên đỉnh trong khoảng 10 phút, ngắm toàn cảnh rừng quốc gia, hồ Dầu Tiếng và đồng bằng mênh mông; đứng trên đỉnh lúc hoàng hôn hay ngắm mây vờn tạo cảm giác thanh bình hiếm có."
"Hồ Gươm còn có tên gọi nào khác, truyền thuyết nào gắn với hồ và vì sao nó trở thành biểu tượng của Thủ đô Hà Nội?","Hồ còn được gọi là hồ Hoàn Kiếm, lưu truyền truyền thuyết vua Lê Lợi trả lại gươm thần Rùa Vàng sau khi dùng thanh kiếm ấy đánh thắng giặc xâm lược, vì thế tên Hoàn Kiếm nghĩa là trả gươm. Giữa hồ có Tháp Rùa cổ kính và đền Ngọc Sơn bắc qua cầu Thê Húc sơn đỏ hình thoi duyên dáng. Hồ nằm ngay trung tâm phố cổ Hà Nội, nơi diễn ra nhiều sinh hoạt, lễ hội và điểm hẹn của người dân, nên dần trở thành trái tim và biểu tượng của Thủ đô, xuất hiện trong văn thơ, ca hát của Hà Nội qua nhiều thế hệ."
"Nửa đêm thức giấc đi vệ sinh, dập vào góc giường làm đau tê tái cả ngón chân, vì sao cú đập này lại đau khủng khiếp đến vậy?","Đầu ngón chân, mắt cá và các đốt xương có hình thành rất nhiều đầu dây thần kinh nhạy cảm, lớp đệm da, mỡ ở đó mỏng nên lực truyền gần như thẳng vào dây thần kinh và màng xương. Một cú va mạnh làm các đầu dây thần kinh phát tín hiệu đau đồng loạt, não nhận diện chấn thương gần giống gãy xương nên cảm giác đau tỏa lên rất dữ dội, kèm theo tê và cảm giác nóng ran. Cơn đau dai dẳng vì sưng viêm kích thích dây thần kinh liên tục. Giảm đau bằng cách chườm đá sớm, nâng chân lên, uống thuốc giảm đau nhẹ nếu cần."
"Ngâm mình trong nước lâu, da ngón tay ngón chân lại nhăn nheo như bà già. Hiện tượng này xảy ra vì sao, có phải do nước thấm vào da không?","Từng có quan niệm cho rằng nước thấm vào da khiến tế bào trương phồng, nhưng thực tế phức tạp hơn: các mạch máu dưới da ở ngón tay co lại, kéo theo lớp da bên ngoài xếp lại thành nếp nhăn một cách có hệ thống, do hệ thần kinh giao cảm kích hoạt. Giới khoa học cho rằng phản ứng này thích nghi với môi trường ẩm: da nhăn giúp bám chắc đồ vật trơn và tháo nước nhanh như rãnh lốp xe, mang lại lợi thế khi làm việc ở vùng ướt. Nhăn da vì nước là phản ứng bình thường, không gây hại, và biến mất vài chục phút sau khi lên bờ khô."
"Để chuối xanh cạnh táo hoặc trái chín khác thì mau chín hơn. Vì sao chuối lại chín nhanh như vậy, và muốn giữ chuối lâu chín thì phải làm sao?","Trái cây khi chín tiết ra khí ethylene, một loại hormone thực vật kích thích quá trình chín. Để chuối cạnh táo, táo thải ethylene liên tục làm nồng độ khí quanh chuối tăng cao, kích hoạt enzyme phân hủy tinh bột thành đường và thúc đẩy chín nhanh, vỏ chuyển vàng. Ngược lại, muốn chuối chín chậm nên bảo quản chỗ thoáng, tránh để chung với trái cây tiết ethylene mạnh, có thể bọc cuống để giảm khí thoát ra. Nếu cần giữ lâu hơn thì để ngăn mát, vỏ có thể thâm nhưng ruột vẫn thơm ngon."
"Phở cuốn Thanh Trì và phở chiên phồng, phở chiên giòn ở Hà Nội là những món ăn như thế nào?","Phở cuốn Thanh Trì dùng bánh phở tươi cuốn mỏng, không nấu, bên trong gồm thịt bò xào, rau thơm, xà lách, dưa chuột, dưa chua, chấm nước mắm pha chua ngọt, ăn mát mẻ, thanh nhẹ, khác hẳn tô phở nước nóng. Phở chiên phồng thì bánh phở được chiên ngập dầu nở phồng vàng xốp, ăn kèm thịt bò xào ngũ vị, rau cần, nước dùng đậm; còn phở chiên giòn miếng phẳng, mỏng, chiên vàng giòn cắn vỡ tan, chan sốt thịt bò sền sệt. Hai chiếc phở chiên đều giòn nhưng khác độ dày, độ phồng và cách dùng nước chấm — món ăn chơi dân dã đặc sản Hà Nội."
"Một dĩa cơm tấm Sài Gòn truyền thống gồm những thành phần nào, và sườn cơm tấm cần ướp ra sao cho thơm?","Cơm tấm ăn với gạo tấm, hạt gạo vỡ sau khi đã tách hạt, tưởng từng là phần gạo rẻ tiền nhưng nay thành đặc sản; dĩa cơm thường có sườn nướng, bì heo thái sợi, chả trứng, trứng ốp la, dưa leo, đồ chua và chén mỡ hành. Sườn được ướp tỏi, hành tím, sả, mật ong hoặc đường, nước mắm, tiêu, ngũ vị hương rồi để thấm vài giờ, nướng than đến khi dậy mùi khói, cháy cạnh vàng cánh gián. Tất cả chan thêm nước mắm pha chua ngọt, ăn kèm rau sống và ớt tươi. Cơm tấm từ món bình dân đã trở thành niềm tự hào ẩm thực Sài Gòn."
"Chả cá Lã Vọng là món ăn nổi tiếng của Hà Nội từ lâu đời, món này được chế biến như thế nào?","Chả cá Lã Vọng gốc từ gia đình họ Đoàn tại phố Hàng Hòm, nay mang tên Lã Vọng, chuyên món cá nướng hấp dẫn thực khách hơn 100 năm. Món chính là cá lăng hoặc cá chiên, thái miếng ướp nghệ, riềng, nước mắm rồi nướng than cho vàng; khi ăn cho lên chảo gang đổ mỡ, rưới thêm mắm, rắc thì là, hành lá, lạc rang. Cá nóng hổi gắp kèm bún, rau thơm, chan nước mắm ngon, chấm mắm tôm pha chanh ớt. Với bún rối và hàng chục loại rau sống, chả cá Lã Vọng được mệnh danh là món cá nướng rán bậc nhất Hà Thành."
Bánh tráng trộn và bánh tráng nướng (còn gọi là pizza đá) khác nhau thế nào về cách làm và hương vị?,"Bánh tráng trộn là món ăn liền không qua nhiệt: bánh tráng cắt sợi trộn với tôm khô, bò khô, trứng cút, xoài bào, rau răm, bóp với chút nước mắm đường, sa tế, muối tôm, ăn khi mềm có vị chua cay mặn ngọt, dai mềm. Bánh tráng nướng thì vò bánh tráng còn cứng đặt lên bếp than hoặc lò, phết trứng, rắc tôm khô, hành phi, chà bông, phô mai rồi nướng giòn rụm; tên pizza đá là cách gọi chơi vui ám chỉ cách phủ topping như pizza. Như vậy một món ăn mềm trộn, một món ăn giòn nướng, cùng phổ biến khắp miền Nam và được giới trẻ ưa thích."
"Lịch sử bóng đá Việt Nam bắt đầu như thế nào, và bóng đá đã phát triển ra sao qua từng thời kỳ?","Bóng đá du nhập Việt Nam từ cuối thế kỷ XIX theo người Pháp, chủ yếu ở miền Nam và các đô thị lớn. Sau ngày đất nước thống nhất, bóng đá Việt Nam phát triển mạnh với hệ thống giải vô địch quốc gia, và các đội tuyển dần khẳng định vị thế khu vực. Những cột mốc đáng nhớ như tấm huy chương SEA Games, thành tích vào tứ kết Asian Cup năm 2019 và chức vô địch AFF Cup giúp bóng đá Việt Nam trở thành môn thể thao thu hút hàng triệu người hâm mộ, hệ thống giải chuyên nghiệp và lò đào tạo trẻ phát triển rộng khắp cả nước."
"Jiu-jitsu Brazil và judo cùng xuất phát từ võ thuật Nhật Bản, nhưng hai môn này khác nhau ở những điểm cơ bản nào?","Judo Nhật Bản chú trọng quật ngã để lấy điểm bằng kỹ thuật đánh ngã đẹp, và khóa, đè để thắng nhanh; tập luyện có nhiều bài kata và kìm lợi thế thông qua tư thế đứng. Jiu-jitsu Brazil phát triển từ judo, được gia tộc Gracie biến đổi theo hướng vật dưới đất: trận đấu tập trung chiến lược đưa đối thủ xuống, giành tư thế khóa như guard, side control, mount rồi áp choke, khóa tay, khóa chân để buộc đối thủ đầu hàng. Vì vậy judo thiên về quật, còn BJJ thiên về khống chế dưới đất; tuy nhiên cả hai đều dạy cách dùng đòn bẩy, trọng tâm để thắng đối thủ to khỏe hơn."
"Trời mưa vẫn muốn chạy bộ thì có nên chạy không, cần lưu ý và trang bị gì cho buổi chạy dưới mưa an toàn?","Chạy dưới mưa nhẹ đến vừa hoàn toàn được, thậm chí mát mẻ dễ chịu hơn ngày nắng, nhưng có vài lưu ý. Nên mặc áo khoác chạy chống thấm thoáng khí, không mặc đồ cotton thấm nước lâu khô gây lạnh; mang giày bám tốt, chống trơn và đi tất thoát nước. Chọn tuyến đường vắng, tránh cây lớn, cột điện, ổ gà chứa nước; giảm tốc độ vì đường trơn. Sau khi chạy nhanh chóng lau khô, thay quần áo, tắm nước ấm. Nếu có sấm sét, mưa xối xả hoặc đường ngập sâu thì nên bỏ chạy, nghỉ trong nhà cho an toàn."
"Biển Nha Trang nổi tiếng nhờ điều gì, và nên đi du lịch Nha Trang vào mùa nào thì đẹp nhất?","Nha Trang sở hữu vịnh biển được xem là một trong những vịnh đẹp nhất thế giới: nước trong vắt, bãi cát vàng mịn, cùng hệ sinh thái biển phong phú với các hòn đảo, đảo san hô như Hòn Mun, Hòn Tằm. Du lịch Nha Trang đẹp nhất từ khoảng tháng Giêng đến tháng 9, khi trời nắng ít mưa, biển êm; trong đó mùa hè khoảng tháng 6-8 thuận tiện nghỉ mát, bơi lội, còn tháng 9-11 mưa nhiều hơn, sóng lớn, biển có thể đục. Ngoài tắm biển, du khách đi đảo, lặn ngắm san hô, ăn hải sản tươi và thăm Tháp Bà Ponagar, đảo Hoa Lan."
"Đảo Lý Sơn thuộc tỉnh Quảng Ngãi, có những điểm gì độc đáo khiến du khách yêu thích?","Lý Sơn thuộc tỉnh Quảng Ngãi, là quần đảo hình thành từ vùng núi lửa cổ, nổi bật với những cánh đồng tỏi rộng lớn trồng trên nền cát và núi đá bazan, vẻ đẹp hoang sơ ít nơi nào có. Du khách thích tham quan chùa Hang, cột cờ Tổ quốc, các đền thờ và giếng nước cổ, đặc biệt hải đăng Lý Sơn nằm trên đỉnh núi lửa. Ngoài tỏi, đảo nổi tiếng hành tím, hải sản và các bãi biển đẹp. Những năm qua địa phương kiến tạo cảnh quan xanh, từng bước hạn chế khai thác quá mức để giữ gìn nét đặc sắc của hòn đảo ven biển trù phú này."
Thành nhà Hồ ở tỉnh Thanh Hóa có những giá trị gì mà được UNESCO công nhận là di sản văn hóa thế giới?,"Thành nhà Hồ nằm ở huyện Vĩnh Lộc, tỉnh Thanh Hóa, do Hồ Quý Ly cho xây dựng cuối thế kỷ XIV, còn gọi là thành Tây Đô. Năm 2011 UNESCO ghi danh là di sản văn hóa thế giới dựa trên giá trị kiến trúc độc đáo: các bức tường thành xây từ những phiến đá ong lớn, khối lượng hàng nghìn tấn, xếp khít mà không dùng vữa, thể hiện đỉnh cao kỹ thuật xây dựng thời cổ. Thành có 4 cửa, hào nước, tường thành dày; dấu vết cung điện và nền móng cho thấy quy mô của một kinh đô. Đây là một trong số ít thành lũy đá còn nguyên vẹn nhất khu vực Đông Nam Á."
Hổ Đông Dương từng phân bố ở khắp các khu rừng Việt Nam nhưng nay gần như biến mất. Nguyên nhân chính dẫn đến sự suy giảm của loài này là gì?,"Hổ Đông Dương từng hiện diện ở nhiều rừng núi trên cả nước nhưng số lượng tụt giảm nghiêm trọng vì mất sinh cảnh: rừng bị thu hẹp do chuyển đổi đất, khai thác gỗ khiến nơi cư trú và con mồi như hươu, nai, lợn rừng giảm mạnh. Bên cạnh đó nạn săn bắt trái phép, bẫy thép và buôn bán động vật hoang dã trái phép tạo áp lực lớn; hiện chỉ còn rất ít cá thể ghi nhận trong tự nhiên. Để bảo tồn, cần bảo vệ rừng, chặn bẫy, quản lý chặt hoạt động buôn bán động vật hoang dã và phát triển các trung tâm cứu hộ, nhân giống để tái thả về rừng."
"Tam Cốc - Bích Động ở Ninh Bình nên đi vào mùa nào đẹp nhất, và có trải nghiệm gì đặc sắc?","Tam Cốc - Bích Động thuộc quần thể danh thắng Tràng An, Ninh Bình, nổi tiếng với sông Ngô Đồng uốn lượn giữa núi đá vôi và ba hang động lớn. Mùa đẹp nhất là khoảng cuối tháng 5 đến đầu tháng 6, khi ruộng lúa chín vàng hai bên sông tạo bức tranh tuyệt đẹp; ngoài ra mùa xuân mát mẻ cũng rất dễ chịu. Trải nghiệm chủ đạo là chèo thuyền nhỏ len qua hang Cả, hang Hai, hang Ba, ngắm thạch nhũ, núi non và cánh đồng; dừng chân leo lên đền Bích Động, ngôi chùa cổ dựa lưng núi, ngắm toàn cảnh sông nước hữu tình bao quanh."
"Mưa axit hình thành từ đâu, và nó gây ảnh hưởng như thế nào đến công trình xây dựng và cây trồng?","Mưa axit hình thành khi các khí như sulfur dioxide và nitrogen oxide từ đốt than, dầu, nhà máy, phương tiện giao thông bay vào khí quyển, phản ứng với hơi nước tạo thành acid sulfuric, acid nitric, rồi rơi xuống đất theo nước mưa khiến độ pH thấp hơn bình thường. Nó làm mòn, ăn mòn công trình đá vôi, kim loại và tượng đài; với cây trồng, mưa axit làm hư lá, ức chế quang hợp, làm chua đất, rửa trôi dinh dưỡng, giảm năng suất nông nghiệp và ảnh hưởng hệ thủy sinh. Để hạn chế cần giảm phát thải qua lọc khói, chuyển sang năng lượng sạch và kiểm soát chặt chuẩn khí thải."
"Khi núi lửa phun trào, nó phun ra những loại đá và khoáng chất gì, và vì sao đất vùng gần núi lửa lại rất màu mỡ?","Khi phun trào, núi lửa thải ra dung nham nóng chảy nguội lại thành đá bazan, đá andesit, tro bụi mịn, cũng như đá bọt (pumice) nhẹ. Tro và dung nham phong hóa giải phóng nhiều khoáng chất như kali, magiê, canxi, sắt, phốt pho — những dưỡng chất thiết yếu cho cây. Vì vậy đất bazan hình thành từ đá phun trào rất màu mỡ, giữ ẩm tốt; nổi tiếng với các vùng cao nguyên Tây Nguyên trồng cà phê, tiêu, cao su hay Đà Lạt trồng rau, hoa. Núi lửa còn tạo địa hình đồi, thung lũng đẹp nhưng kèm rủi ro thiên tai, nên khu vực dân cư thường phải tính toán khoảng cách an toàn."
"Tết Trung thu ở Việt Nam có những hoạt động truyền thống nào, và bánh nướng, bánh dẻo có ý nghĩa ra sao trong dịp này?","Trung thu rằm tháng tám âm lịch là Tết dành cho thiếu nhi: trẻ em rước đèn ông sao, đèn lồng đi khắp xóm, phá cỗ ngắm trăng tròn, trong khi người lớn chuẩn bị mâm cỗ hoa quả, bánh kẹo; nhiều nơi tổ chức múa lân, trưng bày bánh và đèn kết tinh đủ hình dáng. Bánh nướng vỏ vàng óng, nhân thập cẩm, sen, xá xị; bánh dẻo mềm dẻo trắng, nhân đậu xanh; hình tròn tượng trưng cho sự sum vầy, trăng rằm và đoàn viên nên được dùng để biếu tặng, dâng tổ tiên. Trung thu vì vậy còn là dịp gia đình quây quần bên nhau giữa ánh trăng bạc."
Sốt ở người lớn bao nhiêu độ thì được coi là đáng lo và cần đi khám ngay?,"Sốt thường được xem là khi nhiệt độ cơ thể từ 38,5°C trở lên (đo qua nách). Một cơn sốt dưới 39°C do cảm nhiễm thường tự hết trong 1-3 ngày và ít nguy hiểm với người khỏe mạnh. Đáng lo là khi sốt trên 40°C, sốt kéo dài quá 3 ngày, hoặc sốt kèm cứng gáy, khó thở, lơ mơ, co giật, phát ban bất thường, đau đầu dữ dội lần đầu. Những trường hợp này cần đi khám ngay, không tự hạ sốt mãi. Sốt ở trẻ dưới 3 tháng tuổi thì luôn cần được bác sĩ khám sớm."
"Cảm lạnh và cúm giống nhau ở chỗ đều là bệnh đường hô hấp, nhưng dấu hiệu nào giúp phân biệt hai bệnh này?","Cảm lạnh thường khởi phát từ từ, biểu hiện nhẹ như sổ mũi, hắt hơi, nghẹt mũi, họng rát nhẹ, hầu như không sốt hoặc sốt nhẹ, và tự khỏi trong khoảng một tuần. Cúm khởi phát đột ngột, sốt cao 39-40°C, đau nhức cơ toàn thân, mệt lả, ho khan dai dẳng, và thường nặng kéo dài hơn. Cúm nguy hiểm hơn hẳn vì có thể gây biến chứng viêm phổi, nhất là với người già, trẻ nhỏ và người có bệnh nền. Cách phân biệt chắc chắn nhất là xét nghiệm, và mỗi năm nên tiêm vắc xin cúm để chủ động phòng ngừa."
Đang uống kháng sinh mà uống chung với cà phê có sao không?,"Với đa số kháng sinh thì uống cùng cà phê không phải chuyện cấm kỵ, nhưng có một số nhóm dễ gây phản ứng hơn. Ví dụ nhóm fluoroquinolone như ciprofloxacin, levofloxacin khi gặp caffein có thể làm tăng kích thích thần kinh, gây bồn chồn, hồi hộp, mất ngủ; một số kháng sinh cũng giảm hấp thu nếu uống cùng thức ăn có sữa. Tốt nhất nên uống cà phê cách xa thời điểm dùng thuốc ít nhất 2 giờ, uống đủ nước, và vẫn nên hỏi lại dược sĩ hoặc bác sĩ về loại kháng sinh cụ thể bạn đang dùng để biết lưu ý riêng cho đúng."
Rửa tay thế nào mới được gọi là đúng cách để thật sự phòng bệnh truyền nhiễm?,"Rửa tay đúng cách là rửa dưới vòi nước chảy với xà phòng trong khoảng 20 giây, tương đương hát hai lần bài Chúc mừng sinh nhật. Làm ướt tay, xoa xà phòng, chà kỹ lòng và mu bàn tay, kẽ ngón tay, muỗng các ngón, các đầu ngón và cả cổ tay, sau đó xả sạch và lau khô bằng khăn sạch. Cần rửa trước khi ăn, trước khi chế biến thức ăn, sau khi đi vệ sinh, sau khi ho hắt hơi, sau khi chạm vào bề mặt nơi công cộng. Nếu không có nước, dùng cồn rửa tay chứa ít nhất 60% cồn. Việc này đơn giản nhưng giúp giảm mạnh nguy cơ lây cúm, tiêu chảy, tay chân miệng và nhiều bệnh đường hô hấp khác."
Sốc phản vệ là gì và khi gặp người bị dị ứng nặng thì cần xử trí ban đầu ra sao?,"Sốc phản vệ là phản ứng dị ứng toàn thân cấp tính, đe dọa tính mạng, thường xuất hiện vài phút đến vài chục phút sau tiếp xúc dị nguyên như thức ăn, nọc côn trùng, thuốc. Dấu hiệu gồm nổi mề đay lan rộng, phù mặt môi mắt, khó thở, khò khè, tụt huyết áp gây choáng váng, buồn nôn, mạch nhanh yếu. Xử trí: gọi cấp cứu 115 ngay, nếu nạn nhân có bút tiêm adrenaline tự động thì tiêm ngay vào mặt ngoài đùi rồi giữ bút 10 giây, đặt nạn nhân nằm và nâng cao chân, nếu nôn thì nghiêng đầu sang bên. Tuyệt đối không cho uống nước khi người đó lú lẫn, không trì hoãn gọi cấp cứu."
"Khi nghẹn thức ăn (hóc) mà không nói được, người lớn tự xử lý thế nào để thức ăn không tắc hẳn đường thở?","Đây là tình huống nguy cấp: người bị hóc không ho được, không nói được, vùng cổ co thắt. Cách cổ điển là tự làm thủ thuật Heimlich: nắm chặt một bàn tay đặt ngón cái ngay trên rốn, dưới mũi ức, tay kia bọc ngoài, rồi giật mạnh vào phía trong và hướng lên trên nhiều lần như để ép khí đẩy vật tắc ra. Nếu vẫn không ra, nghiêng người về phía trước và nhờ người khác vỗ mạnh 5 cái giữa hai xương bả vai. Nếu ngất xỉu, gọi 115 ngay và bắt đầu ép tim ngoài lồng ngực. Sau khi được giải thoát, nên đi khám để chắc là không tổn thương đường thở."
"Bị bỏng nước sôi, việc đầu tiên phải làm là gì và có nên bôi kem đánh răng hay nước mắm không?","Việc đầu tiên là xả nước mát sạch (không phải nước đá lạnh) lên vùng bỏng trong 15-20 phút để giảm nhiệt vùng da, giảm đau và hạn chế tổn thương lan sâu. Sau đó tháo nhẫn, đồng hồ, quần áo chỗ bỏng trước khi sưng, nhẹ nhàng lau khô và băng bằng vải sạch, không làm vỡ các vòm rộp. Tuyệt đối không bôi kem đánh răng, nước mắm, dầu, mật ong lên vết bỏng vì các chất này mang vi khuẩn làm nhiễm trùng và cản trở đánh giá vết thương. Bỏng rộng, ở mặt, bộ phận sinh dục, hoặc gây khó thở thì đi cấp cứu ngay, còn bỏng nhỏ có thể tự chăm sóc và theo dõi."
"Bị chảy máu cam liên tục thì nên sơ cứu ra sao, cúi đầu tới hay ngửa đầu ra sau?","Cần ngồi xuống, hơi cúi đầu về phía trước (không ngửa ra sau) và bóp chặt phần mềm của mũi từ 10 đến 15 phút, thở bằng miệng trong lúc đó, chườm lạnh lên sống mũi để mạch co lại. Ngửa đầu là sai vì máu sẽ chảy ngược xuống họng, nuốt vào dạ dày gây buồn nôn và có thể sặc. Sau 15 phút vẫn không cầm, máu chảy dồi dào kèm váng đầu, chảy máu do chấn thương mạnh, hoặc hay tái phát nhiều lần thì nên đi khám tai mũi họng để kiểm tra. Đồng thời tránh ngoáy mũi và tránh thức ăn cay nóng trong vài ngày sau đó."
"Gừng từ lâu được dùng như thảo dược, thật sự có công dụng gì với sức khỏe và dùng thế nào cho hợp lý?","Gừng chứa gingerol có tác dụng chống viêm và chống oxy hóa; tác dụng được công nhận rõ nhất của gừng là giảm buồn nôn, hỗ trợ tiêu hóa, làm ấm cơ thể và giảm đau nhức cơ ở mức độ nhất định. Có thể dùng vài lát gừng tươi pha trà, gừng với mật ong khi buốt họng, hoặc thêm gừng vào món ăn. Dùng vừa phải, khoảng vài gram mỗi ngày là hợp lý; đừng lạm dụng liều cao. Người đang bị đau dạ dày cấp, có sỏi mật, hoặc đang dùng thuốc chống đông máu nên hỏi bác sĩ trước khi dùng gừng thường xuyên dạng liều cao."
"Mật ong được dân gian dùng để trị ho, điều đó có thật không và trẻ em dùng mật ong có vấn đề gì không?","Có, mật ong có tác dụng làm dịu cổ họng, giảm kích ứng và ức chế vi khuẩn nhẹ, nhiều hướng dẫn y khoa khuyến khích dùng một lượng nhỏ mật ong để giảm ho về đêm ở trẻ trên 1 tuổi và người lớn, chẳng hạn một đến hai thìa mật ong với nước ấm chanh. Tuy nhiên, trẻ dưới 1 tuổi tuyệt đối không được dùng mật ong vì hệ miễn dịch chưa trưởng thành, dễ bị ngộ độc botulinum trong mật ong gây liệt cơ nguy hiểm. Ngoài ra mật ong vẫn chứa đường nên người tiểu đường nên cân nhắc, và ho kéo dài trên hai tuần hoặc ho ra máu thì cần khám bác sĩ chứ không chỉ dùng mật ong."
"Nghệ và hoạt chất curcumin thật sự tốt cho dạ dày thế nào, và cần lưu ý gì khi dùng?","Nghệ chứa curcumin có khả năng chống viêm nhiễm và hỗ trợ dạ dày trong một số nghiên cứu nhỏ, thường được dân gian dùng cho người đầy bụng, khó tiêu. Điểm cần biết là curcumin hấp thu qua ruột kém nên hay được phối hợp với hạt tiêu đen (piperine) để tăng hấp thu. Nghệ dùng dạng liều cao, kéo dài cần thận trọng: người có bệnh sỏi mật, đang dùng thuốc chống đông máu, hoặc phụ nữ mang thai nên hỏi bác sĩ trước. Với đau dạ dày, quan trọng nhất vẫn là đi khám để biết rõ nguyên nhân như nhiễm vi khuẩn H. pylori chứ không nên chỉ dựa vào nghệ."
"Tỏi ngâm mật ong được lan truyền như một bài thuốc tăng đề kháng, thật ra có tác dụng gì?","Tỏi ngâm mật ong là sự kết hợp của hai nguyên liệu có hoạt chất sinh học tốt: tỏi chứa allicin kháng khuẩn, kháng nấm nhẹ, còn mật ong có tính kháng khuẩn và làm dịu cổ họng. Nhiều người dùng món này như thức uống hỗ trợ khi giao mùa, buốt họng, hoặc giảm viêm họng nhẹ, và một vài nghiên cứu cho thấy tỏi có thể giảm số lần mắc cảm lạnh ở người khỏe mạnh. Dùng ăn kèm 1-2 nhánh ngâm mỗi ngày là vừa phải. Cần lưu ý: người đang dùng thuốc chống đông hay sắp phẫu thuật nên hỏi bác sĩ vì tỏi ảnh hưởng quá trình đông máu, và trẻ dưới 1 tuổi vẫn không nên dùng thành phần mật ong."
"Nước rau má ngày nắng nóng được nhiều người ưa chuộng, rau má có công dụng gì và ai nên hạn chế uống?","Rau má chứa triterpenoid, flavonoid với tác dụng thanh nhiệt, giải độc, lợi tiểu nhẹ, giảm tình trạng mệt mỏi và nóng trong, nên hay được uống dạng nước ép hoặc nấu nước uống mùa hè. Một cốc nước rau má mỗi ngày là hợp lý với người khỏe mạnh. Tuy nhiên, một số người nên hạn chế: phụ nữ mang thai hoặc đang cho con bú vì rau má có thể ảnh hưởng thai kỳ, người có bệnh gan mạn tính, người sỏi thận, và không nên dùng liều cao kéo dài nhiều tháng liên tục. Nếu có bệnh nền đang điều trị, tốt nhất tham khảo ý kiến bác sĩ trước khi uống đều đặn."
"Nhân sâm được xem là thảo dược bổ dưỡng bậc nhất, nhưng những ai không nên dùng sâm?","Nhân sâm chứa ginsenoside có tác dụng tăng cường sức đề kháng, giảm mệt mỏi, hỗ trợ tập trung khi dùng đúng liều ở người khỏe mạnh. Nhưng không phải ai cũng nên dùng: người huyết áp cao chưa kiểm soát tốt, người đang sốt hoặc viêm nhiễm cấp, phụ nữ có thai, trẻ nhỏ, người mất ngủ nặng thường không hợp sâm. Người đang dùng thuốc chống đông, thuốc điều trị tiểu đường cũng nên cẩn trọng vì sâm có thể tương tác thuốc, làm giảm đường huyết hoặc tăng nguy cơ chảy máu. Vì vậy trước khi dùng sâm dạng liều cao hay kéo dài, nên tham khảo ý kiến bác sĩ."
"Giảo cổ lam đang được nhiều người pha uống như trà tốt cho sức khỏe, loại thảo dược này có công dụng gì?","Giảo cổ lam là loại thảo dược được nhiều nghiên cứu gọi là adaptogen, thường được pha như trà với tác dụng hỗ trợ giảm mệt mỏi, giảm mỡ máu, ổn định đường huyết và chống oxy hóa nhờ nhóm saponin. Dân gian và một số tài liệu dùng nó để hỗ trợ người bị mỡ máu cao, đường huyết cao, mất ngủ nhẹ. Với người khỏe uống trà giảo cổ lam vài tách mỗi ngày là an toàn. Lưu ý: người đang dùng thuốc huyết áp hay tiểu đường cần theo dõi vì giảo cổ lam có thể làm tăng tác dụng hạ áp, hạ đường huyết, và nên tham khảo bác sĩ nếu dùng kèm thuốc tây."
"Lá và rễ đinh lăng thường được dân gian dùng làm thuốc bổ, công dụng của đinh lăng là gì và dùng thế nào cho đúng?","Đinh lăng là cây quen thuộc, rễ và lá đều dùng được. Theo kinh nghiệm dân gian và một số nghiên cứu, đinh lăng có tác dụng bổ khí huyết, tăng cường tuần hoàn, giảm mệt mỏi, hỗ trợ ăn ngủ, lá còn dùng để phòng chống viêm và hạ sốt nhẹ. Thường dùng dạng sắc nước uống hoặc hãm lá làm trà, rễ cũng có người ngâm rượu nhưng dạng cồn không phù hợp với người bệnh gan, người lái xe, phụ nữ có thai. Người huyết áp thấp nên thận trọng vì có thể làm tụt áp thêm. Nếu dùng đều đặn để trị bệnh cụ thể, nên hỏi thầy thuốc hoặc bác sĩ."
"Trà xanh được coi là thức uống lành mạnh, uống bao nhiêu tách mỗi ngày là vừa và phải tránh điều gì?","Trà xanh giàu catechin chống oxy hóa, tốt cho tim mạch và trao đổi chất, uống khoảng 2 đến 3 tách mỗi ngày là hợp lý với hầu hết mọi người. Cần tránh vài điều: không uống khi bụng đói dễ cồn cào, không uống ngay trong và ngay sau bữa ăn giàu sắt vì tannin làm giảm hấp thu sắt, không uống quá nhiều vì caffein gây mất ngủ, hồi hộp, và hạn chế trà buổi tối. Người thiếu máu thiếu sắt, phụ nữ có thai, người mất ngủ nên uống trà nhạt và cách xa bữa ăn. Việc thêm đường hay sữa đặc vào trà cũng làm giảm lợi ích của nó."
"Paracetamol là loại thuốc giảm đau hạ sốt phổ biến nhất, liều dùng an toàn cho người lớn là bao nhiêu?","Với người lớn khỏe mạnh, paracetamol dùng tối đa 500mg đến 1000mg mỗi lần, cách nhau tối thiểu 4 đến 6 giờ, và tổng liều không vượt quá 4000mg (4 gam) trong 24 giờ. Quá liều paracetamol là nguy hiểm vì chuyển hóa trung gian của nó có thể gây tổn thương gan nặng, thậm chí suy gan cấp. Không nên dùng kéo dài nhiều ngày liên tục mà không có chỉ định, không kết hợp nhiều sản phẩm cùng chứa paracetamol cùng lúc. Người có bệnh gan, nghiện rượu hoặc uống rượu thường xuyên cần giảm liều và tham khảo ý kiến bác sĩ, dược sĩ trước khi dùng."
"Thuốc đã hết hạn sử dụng dùng có nguy hiểm không, và vứt thuốc cũ đi như thế nào cho đúng?","Thuốc hết hạn không nên dùng: hoạt chất có thể phân hủy làm giảm hiệu lực, và một số thuốc có thể sinh chất độc, ví dụ tetracycline hết hạn từng được ghi nhận gây tổn thương thận. Đối với thuốc kháng sinh hay thuốc tim mạch, dùng thuốc kém hiệu lực còn nguy hiểm hơn vì không kiểm soát được bệnh. Khi vứt bỏ, đừng đổ xuống bồn cầu hay vứt lung tung vì gây ô nhiễm nguồn nước; tốt nhất cho vào túi ni lông lẫn với bã cà phê hoặc cát mèo, bịt kín rồi bỏ thùng rác, hoặc mang về nhà thuốc có chương trình thu hồi thuốc. Không bao giờ đưa thuốc của mình cho người khác dùng."
"Tương tác thuốc là gì, và có những cặp thuốc phổ biến nào không nên uống chung?","Tương tác thuốc là hiện tượng một chất làm thay đổi tác dụng của chất khác khi dùng cùng lúc, có thể làm giảm hiệu quả hoặc tăng độc tính. Vài cặp thường gặp: rượu với paracetamol làm tăng độc cho gan, aspirin hoặc thuốc chống đông với nhau làm tăng nguy cơ chảy máu, thuốc kháng acid dạ dày uống cùng lúc với nhiều loại kháng sinh sẽ làm giảm hấp thu kháng sinh. Cũng cần nhớ tương tác không chỉ ở thuốc tây mà còn với thảo dược, thực phẩm chức năng. Khi được kê thuốc mới, hãy khai báo đầy đủ tất cả thứ đang uống, kể cả vitamin và thảo dược, để bác sĩ hoặc dược sĩ rà soát cho an toàn."
"Sốt xuất huyết lây qua đường nào, và làm sao để phòng tránh hiệu quả trong mùa dịch?","Sốt xuất huyết lây qua vết đốt của muỗi vằn (Aedes aegypti), loài muỗi hoạt động ban ngày, và không lây trực tiếp từ người sang người như cúm. Vì vậy phòng bệnh chính là diệt muỗi và loại bỏ nơi muỗi đẻ trứng: đậy kín lu nước, thả cá diệt lăng quăng, dọn dẹp phế liệu chứa nước, xịt muỗi, mặc áo dài tay và ngủ màn cả ban ngày. Bệnh có thể diễn tiến nặng nguy hiểm: nếu người bệnh sốt xuất chuyển sang đau bụng dữ dội, nôn nhiều, chảy máu chân răng, mệt lả kèm khó thở thì phải vào viện ngay, tuyệt đối không tự truyền hay uống thuốc bừa khi chưa có chỉ định của bác sĩ."
"Bệnh tay chân miệng ở trẻ có những dấu hiệu nhận biết nào, và phòng tránh ra sao ở trường học và gia đình?","Tay chân miệng thường gặp ở trẻ dưới 5 tuổi do enterovirus, với dấu hiệu sốt nhẹ đến vừa, nổi mụn nước ở lòng bàn tay, lòng bàn chân, đầu gối, mông, và các vết loét trong miệng khiến trẻ biếng ăn, đau miệng, chảy nước dãi nhiều. Phòng bệnh chủ yếu bằng vệ sinh: rửa tay cho trẻ và người chăm sóc thường xuyên bằng xà phòng, lau chùi đồ chơi và bề mặt, cách ly trẻ bệnh nghỉ học, không dùng chung đồ dùng. Điều đáng sợ là biến chứng thần kinh: nếu trẻ sốt cao liên tục khó hạ, giật mình giật nảy, run tay chân, lơ mơ, đi loạng choạng thì phải nhập viện ngay vì đó là dấu hiệu nguy hiểm."
"Vắc xin cúm mùa nên tiêm vào thời điểm nào trong năm, và những ai thuộc nhóm nên ưu tiên tiêm?","Virus cúm biến đổi mỗi năm nên vắc xin cúm cần tiêm nhắc hàng năm, và thời điểm lý tưởng ở Việt Nam là trước mùa cúm, thường khoảng tháng 9 đến tháng 11, vì vắc xin cần khoảng hai tuần để cơ thể sinh kháng thể đầy đủ. Những người nên ưu tiên tiêm là người từ 65 tuổi, trẻ từ 6 tháng đến 5 tuổi, phụ nữ có thai ở bất kỳ quý nào của thai kỳ, người mắc bệnh mạn tính như tim mạch, hen suyễn, tiểu đường, và nhân viên y tế. Kể cả đã tiêm vẫn có thể mắc cúm nhưng bệnh nhẹ hơn và giảm mạnh nguy cơ biến chứng viêm phổi."
"Cao huyết áp thường không có triệu chứng, làm sao để phát hiện và theo dõi nó một cách hiệu quả?","Đúng, cao huyết áp thường được gọi là kẻ giết người thầm lặng vì đa số người bệnh không cảm thấy gì cho đến khi biến chứng đã xảy ra như đột quỵ, nhồi máu cơ tim hay suy thận. Khi huyết áp tăng quá cao mới có thể xuất hiện nhức đầu sau gáy, hoa mắt, ù tai, chảy máu cam, nóng mặt. Cách duy nhất hiệu quả là đo huyết áp định kỳ, tốt nhất người trên 40 tuổi hoặc có yếu tố nguy cơ nên mua máy đo tại nhà, đo lúc ngồi nghỉ 5 phút, đo nhiều lần vào các buổi khác nhau và ghi lại. Huyết áp từ 140/90 trở lên ở mức liên tục cần đi khám để được đánh giá và điều trị, đồng thời giảm muối, tăng vận động và kiểm soát cân nặng."
Muốn phòng tránh tiểu đường tuýp 2 thì nên thay đổi lối sống theo những hướng nào?,"Tiểu đường tuýp 2 gắn liền với lối sống nên phòng được bằng cách: giữ cân nặng hợp lý vì mỡ bụng là yếu tố nguy cơ lớn, hạn chế đồ uống có đường và nước ngọt, giảm tinh bột tinh chế như bánh mì trắng, cơm trắng quá nhiều, thay bằng gạo lứt và rau xanh, trái cây nguyên quả. Tăng hoạt động thể lực tối thiểu 150 phút mỗi tuần, gồm cả đi bộ nhanh, đạp xe. Ngủ đủ giấc, giảm căng thẳng và bỏ thuốc lá cũng góp phần quan trọng. Nếu có cha mẹ, anh chị em bị tiểu đường, bản thân thừa cân hoặc trên 45 tuổi thì nên kiểm tra đường huyết định kỳ để phát hiện sớm, vì tiền tiểu đường hoàn toàn có thể đảo ngược được."
"Viêm loét dạ dày có những biểu hiện điển hình nào, và làm sao để phòng tránh bệnh này?","Viêm loét dạ dày thường gây đau vùng thượng vị (trên rốn), kiểu đau bỏng rát, có người đau khi đói, có người đau sau ăn, kèm ợ chua, ợ hơi, đầy bụng, buồn nôn, chán ăn. Nguy cơ tăng khi dùng thuốc kháng viêm giảm đau (NSAID) kéo dài, nhiễm vi khuẩn H. pylori, uống rượu bia nhiều, hút thuốc và ăn uống thất thường. Để phòng tránh: ăn đúng bữa, không ăn quá no một lúc, hạn chế cay nóng, rượu bia, hạn chế tự ý dùng thuốc giảm đau dài ngày, giữ tâm lý thoải mái. Đau dữ dội, ói ra máu, đi tiêu phân đen là dấu hiệu nguy hiểm cần đi khám ngay."
"Mất ngủ thường xuyên thì nên làm gì trước, và khi nào nên đi khám bác sĩ về vấn đề này?","Trước tiên hãy chấn chỉnh vệ sinh giấc ngủ: đi ngủ và thức dậy đúng giờ kể cả cuối tuần, phòng ngủ tối mát và yên tĩnh, tránh caffein sau 2 giờ chiều, ngưng dùng điện thoại trước khi ngủ khoảng một giờ, vận động thể lực ban ngày và không ngủ ngày quá 30 phút. Giảm lo âu bằng thư giãn, hít thở sâu trước khi ngủ. Nếu mất ngủ kéo dài hơn một tháng, ngủ không đủ khiến bạn mệt mỏi, giảm tập trung, hay cáu gắt, hoặc phải dùng thuốc ngủ tự mua thì nên khám chuyên khoa tâm thần kinh hoặc y học giấc ngủ, tuyệt đối không tự ý uống thuốc ngủ dài ngày vì nguy cơ lệ thuộc."
"Căng thẳng kéo dài gây ảnh hưởng đến cơ thể theo những cách nào, ngoài cảm giác mệt mỏi?","Căng thẳng kéo dài khiến cơ thể duy trì hormone cortisol và adrenaline ở mức cao liên tục, từ đó gây ra hàng loạt vấn đề: tăng huyết áp và nhịp tim, tiêu hóa rối loạn như đầy bụng, ợ chua, đau bụng, giảm miễn dịch dễ ốm vặt, đau mỏi cổ vai gáy, rối loạn giấc ngủ, rụng tóc, và về lâu dài làm tăng nguy cơ bệnh tim mạch, trầm cảm. Nó còn khiến khả năng tập trung và trí nhớ giảm sút. Cần chủ động giải tỏa bằng thể dục đều đặn, ngủ đủ, kỹ thuật thở sâu, chia sẻ với người tin cậy và sắp xếp lại công việc. Nếu căng thẳng kéo dài gây suy giảm rõ chức năng sống, nên gặp chuyên gia tâm lý."
"Lo âu và trầm cảm có gì khác nhau, và hai trạng thái này có thể xuất hiện cùng lúc không?","Lo âu chủ yếu là trạng thái sợ hãi, lo lắng quá mức về những điều sắp xảy ra, kèm bồn chồn, tim đập nhanh, run, khó thở, khó ngủ vì nghĩ nhiều. Trầm cảm khác biệt ở cảm giác buồn bã, trống rỗng, mất hứng thú với mọi thứ từng thích, giảm năng lượng, chán ăn hoặc ăn nhiều, ngủ kém hoặc ngủ quá nhiều, kéo dài ít nhất hai tuần. Hai trạng thái này rất hay đi kèm nhau: người trầm cảm thường cũng lo âu, và ngược lại. Cả hai đều là bệnh lý có thể điều trị tốt bằng tâm lý trị liệu và thuốc theo chỉ định của bác sĩ, không phải chuyện đáng xấu hổ. Nếu có ý nghĩ làm hại bản thân, hãy nhờ người thân đưa đi khám ngay."
"Kiệt sức nghề nghiệp (burnout) là gì, có những dấu hiệu nhận biết nào và làm sao để phục hồi?","Burnout là trạng thái kiệt sức tâm lý và thể chất kéo dài do quá tải công việc, không được nghỉ ngơi và không có sự công nhận. Dấu hiệu điển hình gồm mệt mỏi triền miên dù đã ngủ, cảm giác chán nản và hoài nghi với công việc, giảm hiệu suất, dễ cáu gắt, cô lập bản thân, đau nhức cơ thể vô cớ. Để phục hồi: giảm tải và đặt ranh giới rõ giữa công việc và nghỉ ngơi, nghỉ phép đúng lúc, tập thể dục, ngủ đủ, quay lại sở thích cá nhân và nhờ hỗ trợ đồng nghiệp, người thân. Nếu tình trạng nặng kèm lo âu, trầm cảm hay mệt mỏi kéo dài ảnh hưởng sinh hoạt thì nên gặp bác sĩ hoặc chuyên gia tâm lý, không nên gồng gánh một mình."
"Rối loạn lo âu lan tỏa là bệnh như thế nào, và được điều trị ra sao?","Rối loạn lo âu lan tỏa là tình trạng lo lắng quá mức và gần như thường trực về nhiều vấn đề trong cuộc sống như công việc, gia đình, sức khỏe, mà người bệnh khó kiểm soát được, kéo dài ít nhất sáu tháng. Kèm theo các triệu chứng cơ thể như bồn chồn, dễ mệt, khó tập trung, căng cơ, run, hay giật mình, mất ngủ. Bệnh không phải do yếu đuối mà là rối loạn chức năng thần kinh, và điều trị thường kết hợp trị liệu tâm lý nhận thức hành vi giúp thay đổi lối suy nghĩ tiêu cực với thuốc chống lo âu theo chỉ định. Người bệnh nên khám chuyên khoa tâm thần để được chẩn đoán và điều trị đúng, kết hợp lối sống lành mạnh như tập thể dục, hạn chế caffein, ngủ đủ giấc."
"Thiền chánh niệm có thật sự giúp giảm căng thẳng và lo âu không, người mới bắt đầu nên thực hành thế nào?","Có, thiền chánh niệm được nhiều nghiên cứu cho thấy giúp giảm căng thẳng, giảm triệu chứng lo âu và cải thiện khả năng tập trung, bằng cách dạy tâm trí quan sát hiện tại mà không phán xét. Người mới chỉ cần ngồi thoải mái trên ghế, lưng thẳng, nhắm mắt và đưa sự chú ý về hơi thở, khi tâm trí lang thang thì nhẹ nhàng kéo nó trở lại, mỗi ngày 5 đến 10 phút là bắt đầu tốt. Không cần ngồi kiết già hay cầu kỳ. Thiền là công cụ bổ trợ tốt song song với lối sống lành mạnh, và với người đang có bệnh tâm thần được chẩn đoán, thiền không thay thế được điều trị chuyên khoa mà nên kết hợp theo hướng dẫn của bác sĩ."
"Bị say nắng say nóng khi trời nắng nóng, cần sơ cứu ngay như thế nào và khi nào là nguy hiểm?","Say nắng say nóng là khi cơ thể quá nóng mất khả năng tự hạ nhiệt. Sơ cứu: đưa người bệnh vào chỗ mát, thoáng, cởi bớt quần áo, lau mát bằng khăn ướt hoặc quạt, cho uống nước mát từng ngụm nếu còn tỉnh táo, có thể pha bột điện giải. Nếu chỉ mệt mỏi, đổ mồ hôi nhiều thì hạ nhiệt rồi nghỉ ngơi là ổn. Đáng lo là khi nhiệt độ cơ thể cao trên 40°C, da nóng đỏ khô, lú lẫn, co giật, nôn hoặc ngất xỉu, đó là dấu hiệu sốc nhiệt đe dọa tính mạng, phải gọi cấp cứu 115 ngay và tích cực làm mát trong lúc chờ. Người già và trẻ nhỏ dễ bị nặng hơn nên theo dõi sát."
"Ngộ độc thực phẩm có những biểu hiện gì, và khi xuất hiện triệu chứng thì nên xử lý và bù nước ra sao?","Ngộ độc thực phẩm thường gây buồn nôn, nôn, đau bụng quặn, tiêu chảy, có thể kèm sốt và mệt mỏi, xuất hiện vài giờ đến vài ngày sau khi ăn thức ăn bị nhiễm khuẩn hoặc độc tố. Xử lý chính là bù nước và điện giải để chống mất nước: pha oresol đúng hướng dẫn, uống từng ngụm nhỏ, ăn thức ăn nhạt dễ tiêu, nghỉ ngơi. Cần đến ngay cơ sở y tế nếu tiêu chảy ra máu, sốt cao, nôn không uống được nước, mệt lả khô môi, tiểu ít, hoặc người bệnh là trẻ nhỏ, người già, phụ nữ mang thai. Không tự ý dùng thuốc cầm tiêu chảy khi chưa rõ nguyên nhân."
"Gãy xương và bong gân trong chấn thương thể thao sơ cứu khác nhau như thế nào, và phân biệt chúng ra sao?","Gãy xương thường gây đau dữ dội, biến dạng chi, sưng tấy nhanh, khó hoặc không cử động được, có khi nghe tiếng rắc lúc chấn thương. Bong gân là tổn thương dây chằng quanh khớp, gây sưng, bầm tím, đau nhưng người bệnh vẫn cử động khớp được tương đối. Với nghi gãy: không nắn, không kéo chỉnh, cố định chi bằng nẹp và băng từ trên xuống dưới khớp, chườm đá giảm sưng rồi đưa đi viện chụp X-quang. Với bong gân: áp dụng RICE là nghỉ ngơi, chườm đá, băng ép và nâng cao vùng tổn thương. Khi không chắc chắn, cứ xử lý như gãy xương và đi khám để chẩn đoán chính xác."
"Vết thương chảy máu nhiều, cách sơ cứu cầm máu đúng và an toàn là gì?","Nguyên tắc cầm máu hàng đầu là đè ép trực tiếp: dùng gạc hoặc vải sạch đặt lên vết thương, dùng lòng bàn tay ấn mạnh và giữ liên tục ít nhất 5 đến 10 phút, không nhấc lên nhìn chừng vì sẽ làm máu cục vỡ ra và chảy lại. Nếu miếng vải đẫm máu thì đặt thêm lên trên chứ không gỡ miếng cũ. Khi máu chảy mạnh phun thành tia, là dấu hiệu đứt động mạch, vẫn duy trì đè ép và gọi cấp cứu 115; với vết thương ở tay chân có thể dùng garô bằng dây rộng thắt phía trên vết thương, siết đến khi máu ngừng chảy, ghi giờ thắt và tuyệt đối không nới lỏng tùy ý. Nếu nạn nhân váng đầu, mệt lả, lơ mơ thì đây là dấu hiệu mất máu nhiều cần cấp cứu khẩn cấp."
"Người nhà bị điện giật ngay trong nhà, phải xử lý thế nào cho an toàn, tuyệt đối không được làm gì?","Tuyệt đối không chạm vào người đang bị giật khi nguồn điện vẫn còn, vì bạn sẽ bị giật theo. Ưu tiên hàng đầu là cắt nguồn: ngắt cầu dao, aptomat chính hoặc rút phích điện nếu an toàn. Nếu không cắt được nguồn ngay, dùng vật khô không dẫn điện như cán chổi gỗ, ghế gỗ để gạt dây điện ra khỏi người, đứng trên vật khô. Sau khi đã tách người khỏi điện, gọi cấp cứu 115; nếu nạn nhân không thở, không bắt được mạch thì bắt đầu ép tim ngoài lồng ngực ngay. Về phòng tránh: lắp aptomat chống giật ELCB, không cắm thiết bị điện khi tay ướt, và kiểm tra dây điện nhà thường xuyên."
"Gặp người vừa được vớt lên bờ sau đuối nước, phải sơ cứu theo thứ tự nào?","Trước tiên đánh giá xem nạn nhân còn thở và tỉnh không. Nếu còn thở, đặt họ nằm nghiêng an toàn (tư thế hồi phục), giữ ấm và gọi cấp cứu 115. Nếu không thở hoặc không có ý thức, bắt đầu hồi sức tim phổi ngay: đặt lòng bàn tay giữa ngực nạn nhân, ép sâu khoảng 5-6 cm với tốc độ 100-120 nhịp mỗi phút, xen kẽ 2 lần thổi ngạt sau mỗi 30 lần ép ngực nếu bạn được huấn luyện, cứ tiếp tục cho đến khi lực lượng y tế đến. Đừng lãng phí thời gian vào việc móc nước ra khỏi bụng, vì biện pháp đó làm chậm trễ cấp cứu. Ngay cả khi nạn nhân đã tỉnh lại, vẫn nên đưa đi viện kiểm tra phổi vì nguy cơ viêm phổi do hít nước."
"Người bệnh tiểu đường bị hạ đường huyết đột ngột có dấu hiệu gì, và nên xử trí như thế nào ngay lúc đó?","Hạ đường huyết thường xuất hiện nhanh với các dấu hiệu đói cồn cào, run tay, vã mồ hôi lạnh, tim đập nhanh, choáng váng, khó tập trung, có khi mất ý thức. Nếu người bệnh còn tỉnh và nuốt được, cho ngay đường bổ sung nhanh: vài viên kẹo, một thìa đường hòa nước, nước trái cây, hoặc bánh ngọt, rồi nhắc họ ngồi nghỉ và ăn thêm bữa có tinh bột làm nền. Nếu người bệnh lơ mơ, hôn mê hoặc co giật, tuyệt đối không đút đồ uống hoặc thức ăn vì nguy cơ sặc vào phổi, hãy gọi cấp cứu 115 ngay, đặt họ nằm nghiêng an toàn và theo dõi. Người bệnh nên luôn mang theo đồ ăn có đường và thuốc, đồng thời trao đổi với bác sĩ để điều chỉnh thuốc nếu hạ đường huyết tái diễn."
"Cơn hen cấp ở người bị hen suyễn có dấu hiệu nào, và xử trí ngay lúc cơn lên như thế nào?","Cơn hen cấp biểu hiện khó thở tăng dần, tiếng khò khè khi thở ra, tức ngực, ho khan, thở nhanh nông và khó nói trọn câu, có thể tím môi đầu ngón tay khi nặng. Xử trí đầu tiên là cho người bệnh ngồi thẳng, giữ bình tĩnh, và hít thuốc cắt cơn giãn phế quản (thường là salbutamol) qua bình xịt định liều hoặc máy khí dung, mỗi lần 2-4 nhát, có thể lặp lại sau vài phút nếu chưa đỡ. Gọi cấp cứu 115 ngay nếu sau vài lần hít thuốc vẫn không đỡ, thở ngày càng khó, không nói được câu dài, hoặc môi chuyển tím. Người hen nên luôn mang thuốc cắt cơn bên người và xây dựng kế hoạch xử lý cơn cấp với bác sĩ điều trị."
"Biến đổi khí hậu khiến mực nước biển dâng, vì sao lại như vậy và vùng nào ở Việt Nam chịu ảnh hưởng nặng nhất?","Nguyên nhân chính là nhiệt độ trung bình toàn cầu tăng khiến nước biển giãn nở nhiệt và băng tan ở Greenland, Nam Cực cùng các sông băng trên núi đổ thêm nước ngọt xuống đại dương. Việt Nam là một trong những quốc gia chịu tổn thương cao nhất vì bờ biển dài hơn 3.260 km và đồng bằng thấp. Đồng bằng sông Cửu Long hứng chịu nặng nhất: mực nước biển dâng cộng với sụt lún tự nhiên và khai thác nước ngầm khiến hàng chục nghìn héc-ta đất nông nghiệp bị nhiễm mặn, hàng triệu người dân miền Tây nằm trong vùng có nguy cơ ngập. Đồng bằng sông Hồng và các dải ven biển miền Trung cũng chịu xói lở và nước biển dâng tràn vào nội địa."
"Tôi đang cân nhắc lắp điện mặt trời áp mái cho nhà riêng, chi phí hiện nay khoảng bao nhiêu và bao lâu thì thu hồi vốn?","Với hệ áp mái hòa lưới khoảng 3-5 kWp phổ biến cho nhà ở, chi phí trọn gói hiện dao động từ 15 đến 25 triệu đồng mỗi kWp, tùy thương hiệu tấm pin, bộ inverter và kết cấu khung. Một hệ 5 kWp giá khoảng 80-120 triệu. Thời gian thu hồi vốn trung bình 4-6 năm nhờ tiết kiệm tiền điện và cơ chế bù trừ năng lượng với lưới, sau đó phần lớn thời gian vận hành còn lại là lãi. Nên kiểm tra hướng mái, bóng râm và công suất ngôi nhà trước khi quyết định, đồng thời chọn đơn vị thi công có bảo hành dài và chính sách chăm sóc rõ ràng vì thị trường lắp đặt hiện rất cạnh tranh, giá rẻ thường đi kèm thiết bị kém chất lượng."
Hydro xanh là gì và vì sao nó được xem là nhiên liệu của tương lai?,"Hydro xanh là khí hydro được sản xuất bằng cách điện phân nước, dùng điện đến từ năng lượng tái tạo như mặt trời và gió nên gần như không phát thải CO2 trong cả quá trình sản xuất. Nó được kỳ vọng thành nhiên liệu tương lai vì khi đốt chỉ tạo ra nước, lại có thể thay thế nhiên liệu hóa thạch trong các lĩnh vực khó điện khí hóa như vận tải đường dài, hàng hải, hàng không và sản xuất thép, hóa chất. Thách thức lớn nhất là giá thành điện phân còn cao, cần hạ giá điện tái tạo và xây hệ thống vận chuyển, lưu trữ hydro an toàn. Nhiều nước, trong đó có Việt Nam, đang đưa hydro xanh vào chiến lược giảm phát thải dài hạn."
Vì sao hiện tượng tẩy trắng san hô xảy ra và nó nguy hiểm thế nào với đại dương?,"San hô sống cộng sinh với tảo zooxanthellae trong mô, loài tảo này quang hợp cung cấp tới hơn 90% dinh dưỡng cho san hô và tạo nên màu sắc rực rỡ. Khi nhiệt độ nước biển tăng bất thường, nước quá chua hoặc ô nhiễm, san hô stress và đào thải tảo ra ngoài, lộ phần khung xương trắng xương xám nên gọi là tẩy trắng. Nếu điều kiện khắc nghiệt kéo dài, san hô chết hàng loạt. Nguy hiểm ở chỗ rạn san hô chỉ chiếm chưa đầy 1% diện tích đại dương nhưng là nơi cư trú của khoảng một phần tư sinh vật biển, đồng thời bảo vệ bờ biển khỏi sóng lớn. Rạn chết kéo theo sụp đổ chuỗi thức ăn, suy giảm nguồn lợi thủy sản và tăng xói lở bờ biển."
Ô nhiễm không khí ở các thành phố lớn ảnh hưởng tới sức khỏe con người như thế nào và cần làm gì để cải thiện?,"Không khí ô nhiễm chứa bụi mịn PM2.5, SO2, NOx, CO và các hợp chất hữu cơ có thể len sâu vào phổi, vào máu. Tiếp xúc lâu dài làm tăng nguy cơ viêm đường hô hấp, hen suyễn, bệnh phổi tắc nghẽn mạn tính, đột quỵ, bệnh tim mạch và ung thư phổi; trẻ em, người già và người có bệnh nền nhạy cảm nhất. Muốn cải thiện cần làm song song: chuyển phương tiện xăng dầu sang xe điện và giao thông công cộng, chuẩn hóa khí thải công nghiệp, giảm đốt rơm rạ và rác, mở rộng cây xanh. Ở mức cá nhân, giảm ra đường giờ cao điểm, đeo khẩu trang lọc bụi, dùng máy lọc không khí trong nhà và theo dõi chỉ số AQI để chủ động bảo vệ sức khỏe."
"Kinh tế tuần hoàn là gì, và nó khác mô hình kinh tế tuyến tính truyền thống như thế nào?","Kinh tế tuyến tính vận hành theo chuỗi một chiều: khai thác tài nguyên, sản xuất, tiêu dùng rồi vứt bỏ, nên tạo ra lượng rác khổng lồ và cạn kiệt nguyên liệu. Kinh tế tuần hoàn thiết kế lại cả vòng đời sản phẩm để vật liệu được tái sử dụng, sửa chữa, tái chế và quay vòng nhiều nhất có thể, giảm tối đa chất thải ra môi trường. Ví dụ điển hình: chai nhựa thu hồi tái chế thành vải polyester, nước thải xử lý dùng lại cho sản xuất, phân hữu cơ từ rác thực phẩm trả lại cho đồng ruộng. Lợi ích gồm tiết kiệm tài nguyên, giảm phát thải khí nhà kính, tạo công việc mới và giảm phụ thuộc nguyên liệu nhập khẩu. Đây được coi là hướng đi bắt buộc nếu muốn phát triển bền vững lâu dài."
Graphene là vật liệu gì mà người ta hay gọi là 'vật liệu kỳ diệu'?,"Graphene là một lớp nguyên tử carbon duy nhất xếp theo mạng tổ ong hai chiều, tách ra từ than chì. Nó được mệnh danh vật liệu kỳ diệu vì sở hữu loạt tính chất đáng kinh ngạc: cứng hơn thép nhiều lần nhưng cực mỏng và nhẹ, dẫn điện tốt hơn đồng, dẫn nhiệt rất cao lại trong suốt và linh hoạt. Nhờ vậy graphene hứa hẹn trong pin và siêu tụ điện nạp nhanh, màn hình dẻo, cảm biến nhạy, vật liệu lọc nước, sơn chống ăn mòn và gia cường composite. Nhược điểm hiện tại là sản xuất với quy mô lớn còn tốn kém và khó giữ được chất lượng đồng đều, nên thực tế thương mại vẫn đang dần được hiện thực hóa."
Điện gió ngoài khơi ở Việt Nam có tiềm năng phát triển thế nào so với điện gió trên bờ?,"Việt Nam có bờ biển dài, nhiều vùng biển nông và gió đều quanh năm nên tiềm năng điện gió ngoài khơi rất lớn, ước tính hàng trăm GW, lớn hơn hẳn gió trên bờ vì gió ngoài khơi mạnh, ổn định và không bị địa hình cản trở. Năng suất phát điện cao hơn giúp giá điện gió ngoài khơi ngày càng cạnh tranh. Tuy vậy, đầu tư ban đầu rất lớn, đòi hỏi công nghệ đóng tàu, cẩu trục, móng và dây cáp biển, cùng hệ thống lưới điện truyền tải nối bờ. So với gió trên bờ, chi phí xây dựng và vận hành cao hơn nhưng hiệu suất tốt hơn. Đây được xem là trụ cột để Việt Nam đạt mục tiêu năng lượng sạch và net zero trong tương lai."
"Vì sao cần bảo tồn đa dạng sinh học, và mất đa dạng sinh học gây ra hậu quả gì?","Đa dạng sinh học là sự phong phú về gen, loài và hệ sinh thái, là nền tảng của các dịch vụ mà thiên nhiên cung cấp miễn phí: thụ phấn cho cây trồng, làm sạch nước và không khí, điều hòa khí hậu, kiểm soát sâu bệnh, cung cấp thực phẩm, thuốc men và nguyên liệu. Mất đa dạng sinh học làm hệ sinh thái suy yếu, chuỗi thức ăn đứt gãy, đất đai thoái hóa, dịch bệnh dễ bùng phát và khả năng thích nghi với biến đổi khí hậu của con người giảm sút. Khi một loài biến mất, mạng lưới quan hệ sinh thái quanh nó chịu phản ứng dây chuyền, cuối cùng đe dọa trực tiếp đến an ninh lương thực và đời sống, nhất là với các cộng đồng nông thôn sống dựa vào thiên nhiên."
"Đất được hình thành từ đá mẹ thông qua quá trình phong hóa như thế nào, và vì sao đất lại có nhiều loại khác nhau?","Phong hóa là quá trình phá vỡ đá gốc thành vật liệu nhỏ hơn gồm ba loại: phong hóa vật lý (nhiệt độ thay đổi làm nứt nẻ, nước đóng băng làm tách đá, cào mòn của gió và nước), phong hóa hóa học (nước, CO2 và acid phản ứng làm hòa tan khoáng vật) và phong hóa sinh học (rễ cây, vi sinh vật, sinh vật đào hang). Sản phẩm phong hóa trộn với mùn từ xác hữu cơ tạo thành đất. Đất khác nhau vì đá mẹ khác nhau, khí hậu, địa hình, sinh vật và thời gian hình thành khác nhau. Đá granit thường cho đất cát nhiều thạch anh, đá bazan phong hóa cho đất đỏ bazan màu mỡ ở Tây Nguyên, còn đất phù sa hình thành từ trầm tích sông bồi đắp."
Công nghệ thu giữ carbon (carbon capture) hoạt động ra sao và nó có thực sự hiệu quả không?,"Carbon capture là công nghệ tách CO2 khỏi khí thải trước khi nó thoát vào khí quyển, gồm ba bước: bắt giữ tại nguồn như nhà máy nhiệt điện và nhà máy xi măng bằng dung môi hấp thụ hoặc màng lọc, vận chuyển CO2 nén bằng đường ống, rồi lưu trữ vĩnh viễn trong các tầng địa chất sâu hoặc tái sử dụng vào sản xuất vật liệu, bê tông, đồ uống. Có hướng thu trực tiếp từ không khí (DAC) nhưng tốn năng lượng hơn. Hiệu quả thật sự phụ thuộc vào việc dùng năng lượng sạch để vận hành, nếu không thì công nghệ tự phát thải thêm. Đây được coi là công cụ bổ trợ quan trọng, không phải giải pháp thay thế việc giảm phát thải tại nguồn, vì chi phí còn cao và chưa có quy mô đủ lớn trên toàn cầu."
Hệ thống biogas từ chất thải chăn nuôi hoạt động như thế nào và mang lại lợi ích gì cho hộ nông dân?,"Biogas là khí sinh học tạo ra khi chất thải hữu cơ như phân heo, phân bò phân hủy trong điều kiện yếm khí bên trong hầm biogas kín. Vi sinh vật phân hủy chất hữu cơ tạo ra khí methane và CO2, thu được qua đường ống dẫn tới bếp để nấu nướng hoặc chạy máy phát điện. Lợi ích cho nông dân rất rõ: có nguồn nhiên liệu miễn phí thay gas, giảm chi phí, giảm mùi hôi và ruồi muỗi, nước thải sau phân hủy thành phân hữu cơ lỏng dùng tưới cây, hạn chế ô nhiễm môi trường và giảm phát thải methane. Hầm biogas có quy mô nhỏ vài mét khối cho gia đình đến công suất lớn cho trang trại, phù hợp với vùng nông thôn Việt Nam."
"Vì sao Trái Đất lại có nhiều đới khí hậu khác nhau, từ nóng ẩm ở xích đạo đến lạnh giá ở hai cực?","Nguyên nhân gốc rễ nằm ở góc chiếu của ánh sáng mặt trời: ở xích đạo, tia nắng chiếu thẳng góc quanh năm nên năng lượng nhận được tập trung trên diện tích nhỏ, khí hậu nóng ẩm. Càng lên vĩ độ cao, tia nắng chiếu xiên, năng lượng trải trên diện tích rộng hơn lại phải xuyên qua lớp khí quyển dày hơn nên nhiệt độ giảm dần về hai cực. Độ dài ngày đêm thay đổi theo mùa ở các vĩ độ cũng làm phân hóa thêm. Ngoài vĩ độ, độ cao địa hình, khoảng cách tới biển, dòng hải lưu và hướng gió thịnh hành cũng làm khí hậu mỗi nơi thêm khác biệt, tạo thành các đới nhiệt đới, ôn đới và hàn đới."
"Xe điện ở Việt Nam đang phát triển thế nào, và hệ thống trạm sạc hiện đã đáp ứng đủ nhu cầu chưa?","Xe điện Việt Nam đang phát triển nhanh, dẫn đầu là xe máy điện và taxi điện với mạng lưới trải rộng, cùng với đó ô tô điện cũng dần được ưa chuộng nhờ chi phí nhiên liệu thấp và ưu đãi thuế trước bạ. Tuy nhiên hạ tầng trạm sạc vẫn là điểm nghẽn: trạm sạc công cộng tập trung chủ yếu ở thành phố lớn và cao tốc, chưa phủ đều, thời gian sạc vẫn lâu hơn đổ xăng, và nguồn điện chủ yếu vẫn từ lưới quốc gia. Việc sạc tại nhà giúp giảm áp lực nhưng đòi hỏi điều kiện chỗ đỗ xe riêng. Hạ tầng sạc đang được mở rộng rất nhanh nhưng tính đến hiện tại vẫn chưa thể nói là đã đáp ứng đủ nhu cầu, đặc biệt ở khu vực nông thôn và miền núi."
"Rác thải nhựa trôi nổi trên đại dương đến từ đâu, và vì sao nó nguy hiểm với sinh vật biển?","Phần lớn rác thải nhựa đại dương đến từ đất liền: rác thải sinh hoạt không được thu gom, quản lý kém, trôi theo sông ngòi ra biển, cùng với đó là ngư cụ bị bỏ lại, rác từ tàu biển và du lịch biển. Nhựa rất khó phân hủy, chỉ vỡ thành mảnh nhỏ hơn gọi là vi nhựa. Sinh vật biển như rùa, cá, chim biển, hải cẩu ăn nhầm nhựa vì nhìn giống thức ăn, gây tắc đường tiêu hóa, bỏ đói và chết; chúng cũng bị vướng vào lưới, dây buộc khiến chết hoặc bị thương. Vi nhựa nhiễm chất độc hấp thụ từ nước rồi đi vào chuỗi thức ăn, cuối cùng đến cả bàn ăn của con người. Vì vậy rác nhựa không chỉ mất mỹ quan mà còn là mối đe dọa trực tiếp đến hệ sinh thái biển."
"Phân loại rác tại nguồn gồm những nhóm nào, và vì sao nó được xem là bước khởi đầu của tái chế?","Rác sinh hoạt thường được chia thành các nhóm: rác hữu cơ dễ phân hủy (thức ăn thừa, rau củ), rác tái chế (giấy, nhựa, thủy tinh, kim loại), rác có khả năng tái sử dụng, và rác thải nguy hại hoặc còn lại (pin, bóng đèn, khẩu trang, rác vệ sinh). Phân loại tại nguồn quan trọng vì nó quyết định chất lượng nguyên liệu đầu vào của tái chế: rác sạch, đúng loại mới tái chế được hiệu quả và tạo ra sản phẩm tốt. Nếu rác trộn lẫn, tái chế gần như bất khả thi vì phải tốn công phân tách và nhiều vật liệu bị nhiễm bẩn phải bỏ đi. Vì vậy thói quen phân loại ngay trong nhà, trước khi đưa ra điểm thu gom, là nền tảng của cả chuỗi tái chế và giảm lượng rác chôn lấp."
"Đá trầm tích hình thành qua những quá trình nào, và vì sao hóa thạch chỉ được tìm thấy trong loại đá này?","Đá trầm tích hình thành từ trầm tích tích tụ theo chuỗi: phong hóa và xói mòn đá có sẵn tạo ra vụn vật liệu, dòng nước và gió vận chuyển rồi lắng đọng xuống đáy sông, hồ, biển, sau đó các lớp chồng chất bị nén chặt và xi măng kết lại thành đá rắn như cát kết, sét kết, đá vôi và cuội kết. Hóa thạch chỉ xuất hiện trong đá trầm tích vì chúng chứa phần còn lại của sinh vật bị chôn vùi nhanh trong trầm tích, được bảo quản và thay thế dần bằng khoáng chất qua hàng triệu năm. Đá magma hình thành ở nhiệt độ rất cao làm cháy hoặc biến dạng hoàn toàn chất hữu cơ, còn đá biến chất đã bị nung nóng và nén biến đổi, nên xác sinh vật không thể tồn tại được trong hai loại này."
"Rừng trồng và rừng tự nhiên hấp thụ carbon khác nhau thế nào, và rừng trồng có thay thế được rừng tự nhiên không?","Rừng tự nhiên phức tạp hơn nhiều: nhiều tầng tán, đa dạng loài cây già trẻ lẫn lộn, đất tích lũy carbon hữu cơ sâu, nên trữ lượng carbon trong sinh khối và đất lớn hơn hẳn rừng trồng thuần loài cùng diện tích. Rừng trồng chủ yếu là một vài loài cùng tuổi, hấp thụ nhanh lúc còn non nhưng bị khai thác định kỳ nên carbon lại được giải phóng theo chu kỳ, và đất thường nghèo dinh dưỡng. Vì vậy rừng trồng không thể thay thế rừng tự nhiên: chúng bổ trợ tốt cho cung cấp gỗ và một phần hấp thụ carbon, nhưng rừng tự nhiên mới giữ vai trò sống còn trong dự trữ carbon lâu dài, điều hòa nước và bảo tồn đa dạng sinh học mà rừng trồng không có được."
"Pin lithium-ion hoạt động theo nguyên tắc nào, và vì sao người ta đang thúc đẩy tái chế pin?","Pin lithium-ion hoạt động dựa trên việc di chuyển ion lithium giữa hai điện cực trong dung dịch điện phân: khi xả pin, ion lithium đi từ cực âm qua chất điện phân sang cực dương kéo theo dòng electron chạy qua mạch ngoài tạo thành điện; khi sạc, quá trình đảo ngược đưa ion về cực âm. Loại pin này có mật độ năng lượng cao nên dùng khắp nơi từ điện thoại đến xe điện. Cần tái chế vì ba lý do: các kim loại như lithium, cobalt, niken khan hiếm và đang bị khai thác gây ô nhiễm, giá nguyên liệu tăng cao; pin thải bỏ bừa bãi rò rỉ hóa chất và dễ gây cháy nổ; và tái chế giúp giảm phụ thuộc nguồn khai thác mới, hướng tới vòng đời sản phẩm bền vững khi xe điện bùng nổ."
"Vì sao các dòng sông băng trên thế giới đang thu hẹp nhanh chóng, và điều đó gây tác động gì?","Sông băng thu hẹp chủ yếu do nhiệt độ toàn cầu tăng lên vì hiệu ứng nhà kính, khiến băng tan nhanh hơn lượng tuyết mới bồi đắp mỗi mùa đông. Tác động rất lớn và nhiều mặt: mực nước biển dâng đe dọa các vùng đồng bằng ven biển; nguồn nước ngọt của hàng tỷ người ở châu Á, châu Âu và Nam Mỹ phụ thuộc vào băng tan mùa hè bị cạn dần, gây hạn hán và thiếu nước cho nông nghiệp; hệ sinh thái núi cao suy thoái; và nguy cơ sạt lở, lũ quét do hồ băng vỡ đột ngột. Sông băng mất đi không thể phục hồi nhanh, nên đây là chỉ báo rõ ràng nhất về mức độ nghiêm trọng của biến đổi khí hậu hiện nay."
"Nông nghiệp hữu cơ là gì, và nó có thật sự thân thiện với môi trường hơn nông nghiệp hóa học không?","Nông nghiệp hữu cơ là phương thức canh tác không dùng phân bón hóa học, thuốc trừ sâu tổng hợp, chất kích thích tăng trưởng hay biến đổi gen, thay vào đó dùng phân hữu cơ, chế phẩm sinh học, thiên địch và luân canh cây trồng để nuôi đất và kiểm soát sâu bệnh. Nhìn tổng thể nó thân thiện môi trường hơn: không để lại dư lượng hóa chất, bảo vệ đất và nước, tăng đa dạng sinh học và giảm phát thải từ sản xuất phân hóa học. Tuy nhiên năng suất thường thấp hơn và cần nhiều diện tích, lao động hơn trên cùng lượng nông sản, nên hiệu quả môi trường phụ thuộc cách so sánh. Sự kết hợp các nguyên tắc hữu cơ với kỹ thuật hiện đại được xem là hướng đi cân bằng và bền vững nhất."
"Phú dưỡng hóa ao hồ là gì, và vì sao nó lại gây ra hiện tượng thủy triều đỏ?","Phú dưỡng hóa là hiện tượng lượng dinh dưỡng, chủ yếu là nitơ và phốt pho từ phân bón, nước thải sinh hoạt, chăn nuôi, đổ vào ao hồ và biển quá nhiều, khiến tảo và thực vật thủy sinh bùng phát nhanh chóng tạo thành mảng xanh hoặc váng nổi trên mặt nước. Khi tảo chết hàng loạt, vi sinh vật phân hủy tiêu thụ hết oxy hòa tan làm nước thiếu oxy, cá tôm chết ngạt. Trong môi trường biển và cửa sông, sự bùng nổ của một số loài tảo hai roi hay tảo có sắc tố đỏ làm nước chuyển màu đỏ cam, gọi là thủy triều đỏ. Nhiều loài tảo trong hiện tượng này tiết độc tố làm chết hải sản và gây ngộ độc cho người qua chuỗi thức ăn."
"Hệ thống cảnh báo sóng thần hoạt động như thế nào, và vì sao dự báo thời điểm chính xác vẫn khó khăn?","Hệ thống cảm biến đáy biển phát hiện áp suất thay đổi khi sóng thần đi qua, gửi tín hiệu qua phao nổi vệ tinh tới trung tâm cảnh báo. Trung tâm kết hợp dữ liệu động đất để ước tính độ lớn, vị trí và khả năng tạo sóng thần, rồi phát cảnh báo cho các vùng ven biển kịp thời sơ tán. Tuy nhiên dự báo thời điểm chính xác rất khó vì: sóng thần lan truyền nhanh và tốc độ phụ thuộc độ sâu đáy biển, thay đổi liên tục; độ lớn và cơ chế của động đất chỉ ước lượng được sau vài phút; mỗi trận có hướng, độ cao sóng và thời gian đến mỗi bờ khác nhau. Vì vậy hệ thống tập trung cảnh báo sớm theo vùng rộng và huấn luyện người dân tự nhận biết rung chấn, nước rút bất thường để sơ tán, hơn là báo giờ chính xác tuyệt đối."
"Vật liệu xây dựng xanh gồm những loại nào, và vì sao chúng giúp giảm phát thải trong ngành xây dựng?","Vật liệu xây dựng xanh gồm các loại thân thiện môi trường như gạch không nung, bê tông trộn tro bay hoặc xỉ thép, tre và gỗ tái sinh, vật liệu cách nhiệt từ sợi tự nhiên như bông, xơ dừa, bê tông hấp thụ CO2, sơn và keo ít hợp chất hữu cơ dễ bay hơi, ngói tái chế từ nhựa hoặc cao su. Chúng giúp giảm phát thải vì: sản xuất tiêu tốn ít năng lượng hơn (gạch không nung không phải nung đốt, ít khói bụi), giảm khai thác đá vôi và đất sét, cách nhiệt tốt giúp tòa nhà ít dùng điều hòa nên giảm điện năng, và tận dụng phế thải công nghiệp, nông nghiệp thay vì chôn lấp. Ngành xây dựng chiếm tỷ trọng phát thải lớn nên chuyển sang vật liệu xanh có ý nghĩa rất quan trọng."
"Động đất xảy ra do những nguyên nhân gì, và vì sao khoa học chưa thể dự báo chính xác thời điểm xảy ra?","Động đất chủ yếu do các mảng kiến tạo dịch chuyển, ma sát khiến đá tích lũy ứng suất đến giới hạn rồi trượt đột ngột dọc đứt gãy, giải phóng năng lượng dưới dạng sóng địa chấn; cũng có thể do núi lửa phun, sụp hang, va chạm thiên thạch hoặc hoạt động con người như bơm ép nước sâu. Vì sao khó dự báo chính xác: cấu trúc sâu của vỏ Trái Đất không quan sát trực tiếp được, chỉ suy đoán qua sóng địa chấn; ứng suất tích lũy và ngưỡng trượt của đá rất phức tạp, chịu ảnh hưởng của nhiều yếu tố nhỏ; và chưa có dấu hiệu báo trước đáng tin cậy, mang tính thời điểm. Khoa học mới dự báo được xác suất khu vực và thời gian dài hạn, nên chiến lược quan trọng nhất là xây dựng chống chịu và tập huấn ứng phó."
"Lưới điện thông minh là gì, và nó giúp tiết kiệm năng lượng cũng như tích hợp năng lượng tái tạo như thế nào?","Lưới điện thông minh là hệ thống lưới điện kết hợp cảm biến, truyền thông hai chiều, đồng hồ đo thông minh và phần mềm phân tích để theo dõi, điều khiển việc sản xuất và tiêu thụ điện theo thời gian thực. Nó tiết kiệm năng lượng bằng cách phát hiện tổn thất, cân bằng tải giữa giờ thấp điểm và cao điểm, khuyến khích người dùng dời nhu cầu sang lúc điện rẻ, và phát cảnh báo sự cố sớm. Với năng lượng tái tạo vốn phụ thuộc thời tiết như mặt trời, gió, lưới thông minh điều phối các nguồn phân tán, kết nối pin lưu trữ và điều tiết linh hoạt để bù đắp khi trời tối hoặc hết gió, tránh lãng phí điện khi thừa và thiếu điện khi khan hiếm."
"Vì sao các loài thụ phấn như ong, bướm lại quan trọng, và điều gì sẽ xảy ra nếu chúng suy giảm mạnh?","Loài thụ phấn như ong, bướm, ruồi, dơi và chim chuyển phấn hoa giữa các cây, giúp cây đậu trái và tạo hạt. Khoảng ba phần tư cây trồng lương thực trên thế giới phụ thuộc ít nhiều vào thụ phấn côn trùng, từ trái cây, rau đến cây lấy dầu và cà phê. Nếu chúng suy giảm mạnh, năng suất và chất lượng nông sản sụt giảm, giá lương thực tăng, hệ sinh thái tự nhiên kém đa dạng vì cây không sinh sản được, kéo theo suy giảm các loài ăn quả, ăn hạt. Nguyên nhân suy giảm gồm lạm dụng thuốc trừ sâu, mất môi trường sống, biến đổi khí hậu và dịch bệnh. Bảo vệ loài thụ phấn chính là bảo vệ an ninh lương thực của chính con người."
Vì sao đất than bùn và vùng đất ngập nước được ví như 'bồn chứa carbon' khổng lồ?,"Đất than bùn và đất ngập nước tích lũy carbon qua hàng nghìn năm: do ngập nước thường xuyên, không khí bị chặn nên xác thực vật, rêu phân hủy cực kỳ chậm, chất hữu cơ chồng chất thành tầng than bùn dày. Lượng carbon dự trữ trong đó có thể gấp nhiều lần lượng carbon trong toàn bộ rừng trên cùng diện tích, vì vậy gọi là bồn chứa carbon. Nguy cơ nằm ở chỗ khi đất ngập nước bị thoát nước để canh tác, xây dựng hoặc đốt, tầng than bùn tiếp xúc oxy bị phân hủy nhanh và giải phóng CO2 khổng lồ trong nhiều thập kỷ, biến từ bồn chứa thành nguồn phát thải lớn. Bảo vệ và giữ ẩm cho các vùng đất này là một trong những giải pháp rẻ nhất để chống biến đổi khí hậu."
"Nhà máy điện đốt rác ở Việt Nam hoạt động theo nguyên lý nào, và liệu có gây ô nhiễm môi trường không?","Nhà máy điện đốt rác thu rác thải sinh hoạt, đốt ở nhiệt độ cao trong lò để sinh nhiệt, dùng nhiệt đun nước thành hơi quay turbine phát điện, tro xỉ còn lại được xử lý để làm vật liệu xây dựng hoặc chôn lấp. So với chôn lấp, đốt rác giảm thể tích rác tới 80-90%, tận dụng nhiệt năng và giảm phát thải methane từ bãi rác. Về ô nhiễm, công nghệ hiện đại trang bị hệ thống lọc khí thải nhiều tầng khử bụi, dioxin, furan, khí axit và kim loại nặng, đạt quy chuẩn môi trường, nhưng nếu vận hành kém, lò cũ hoặc rác chưa phân loại thì nguy cơ phát thải khí độc vẫn còn. Vì vậy cần phân loại rác tại nguồn, giám sát khí thải công khai và kiểm soát chặt để đốt rác thật sự sạch."
Đá granit và đá bazan khác nhau thế nào về nguồn gốc và đặc điểm hình thành?,"Granit là đá magma xâm nhập, hình thành khi magma chứa nhiều silic nguội chậm sâu trong lòng đất, nên các khoáng vật có thời gian kết tinh thành tinh thể lớn đều nhau, thường thấy rõ thạch anh, fenspat và mica. Vì nguội chậm và rắn chắc, granit bền, ít lỗ rỗng nên hay dùng làm đá ốp lát, tượng đài. Bazan là đá magma phun trào, hình thành khi dung nham chảy ra mặt đất nguội nhanh, khoáng vật kết tinh nhỏ mịn hoặc gần như vô định hình, màu tối hơn vì giàu sắt và magie, thường có lỗ rỗng do khí thoát ra. Phong hóa bazan tạo đất đỏ bazan màu mỡ thích hợp trồng cà phê, cao su, tiêu ở Tây Nguyên."
"Điện mặt trời và điện gió phụ thuộc thời tiết, vậy làm sao lưu trữ được điện khi trời không nắng hoặc không gió?","Có nhiều công nghệ lưu trữ năng lượng, phổ biến nhất là pin lithium-ion dùng cho quy mô nhỏ và trung bình, từ hộ gia đình đến trang trại điện mặt trời, nạp điện lúc thừa và xả ra lúc thiếu. Với quy mô lớn, người ta dùng thủy điện tích năng: bơm nước lên hồ cao khi điện dư rồi xả xuống qua turbine phát điện khi cần; ngoài ra còn có lưu trữ khí nén, pin dòng chảy, bánh đà và sản xuất hydro xanh bằng điện dư. Lưới điện thông minh cũng điều phối nhu cầu, nhập khẩu từ vùng nắng gió tốt hơn để cân bằng. Sự kết hợp nhiều công nghệ lưu trữ chính là chìa khóa để tăng tỷ trọng năng lượng tái tạo lên cao mà vẫn giữ hệ thống ổn định."
"El Niño và La Niña là gì, và chúng ảnh hưởng đến thời tiết Việt Nam như thế nào?","El Niño là hiện tượng nhiệt độ mặt nước biển phía đông Thái Bình Dương ấm lên bất thường, làm đảo lộn hoàn lưu khí quyển toàn cầu; La Niña ngược lại, khi vùng nước này lạnh hơn bình thường. Hai hiện tượng này xen kẽ chu kỳ vài năm, gọi chung là ENSO. Với Việt Nam, El Niño thường khiến mưa ít hơn, nắng nóng gay gắt, hạn hán và xâm nhập mặn nghiêm trọng, mùa mưa bão ít và lệch lạc hơn. La Niña thường mang mưa nhiều hơn, mưa lớn cực đoan, lũ lụt, ngập úng và nhiều bão hơn ở đồng bằng Bắc Bộ, Trung Bộ. Hiểu được pha ENSO giúp nông dân và cơ quan chức năng chủ động ứng phó hạn, lũ."
"Phong tỏa carbon trong đất (soil carbon sequestration) là gì, và làm sao để đất hấp thụ được nhiều carbon hơn?","Phong tỏa carbon trong đất là quá trình lưu giữ lâu dài carbon hữu cơ trong đất dưới dạng mùn, xác rễ cây và hợp chất bền với vi sinh vật, giúp đưa CO2 từ khí quyển trở lại đất. Đất có thể tăng hấp thụ carbon qua các biện pháp: giảm cày xới sâu để ít phá vỡ mùn và giảm oxy hóa; trồng cây che phủ và luân canh để rễ sống quanh năm; ủ phân hữu cơ, trả lại rơm rạ thay vì đốt; giữ ẩm và trồng băng cây, trảng cỏ; chăn thả luân phiên giúp thảm cỏ phục hồi. Lợi ích kép: giảm phát thải khí nhà kính, đất màu mỡ hơn giữ nước tốt hơn, cây trồng sai quả, đồng thời mang lại sinh kế qua tín chỉ carbon cho nông dân."
"Vì sao nước ngầm bị khai thác quá mức, và hậu quả sụt lún đất diễn ra như thế nào?","Nước ngầm bị khai thác quá mức vì là nguồn nước tiện lợi cho sinh hoạt, nông nghiệp và công nghiệp, nhất là khi nước mặt ô nhiễm hoặc khan hiếm mùa khô; giếng khoan dễ khoan, chi phí thấp nên các hộ tự khoan không kiểm soát. Khi rút nước nhiều hơn lượng bổ cập tự nhiên, mực nước ngầm hạ sâu, các lớp cát, sét trong tầng chứa nước mất đi lực đỡ của nước bị nén chặt lại, thể tích tầng đất giảm dần vĩnh viễn nên bề mặt đất tụt xuống, gọi là sụt lún. Sụt lún làm nhà cửa, đường xá nứt vỡ, nhà máy nghiêng, đê kè hư hại, gia tăng nguy cơ ngập lụt và xâm nhập mặn ở vùng ven biển, đặc biệt nghiêm trọng ở đồng bằng sông Cửu Long."
"Xe buýt điện và xe buýt CNG khác nhau như thế nào, và loại nào thân thiện với môi trường hơn?","Xe buýt điện dùng pin sạc bằng điện lưới, động cơ điện không xả khí thải tại chỗ, vận hành êm ái và chi phí nhiên liệu thấp; khí thải chỉ phát sinh gián tiếp tại nhà máy điện nếu nguồn điện chưa sạch. Xe buýt CNG chạy bằng khí thiên nhiên nén, đốt cháy sạch hơn dầu diesel, ít khói đen, ít bụi và SO2 hơn nhưng vẫn thải CO2 và NOx tại chỗ. Về tổng thể, xe buýt điện sạch hơn khi nguồn điện ngày càng tái tạo, không thải khí độc trên đường phố nên tốt cho sức khỏe đô thị, đồng thời giảm tiếng ồn. Hạn chế của xe điện là giá thành và hạ tầng trạm sạc cần đầu tư, còn CNG phù hợp cho giai đoạn chuyển tiếp trước khi điện sạch phủ rộng."
"Vì sao bờ biển Việt Nam đang bị xói lở ngày càng nghiêm trọng, và có những giải pháp nào để khắc phục?","Xói lở bờ biển do sự kết hợp nhiều yếu tố: biến đổi khí hậu làm mực nước biển dâng và bão mạnh hơn, đánh bắt và vận tải làm giảm nguồn cát bù đắp từ sông ra biển do xây đập, khai thác cát sông quá mức, và xây dựng cảng, kè chắn cắt đứt dòng chảy trầm tích tự nhiên. Hậu quả là đất canh tác, nhà cửa, rừng phòng hộ bị nhấn chìm. Giải pháp gồm: trồng và bảo vệ rừng ngập mặn, phi lao chắn sóng; làm kè ngầm, đê chắn sóng giảm năng lượng sóng; cấm khai thác cát bừa bãi; nạo vét bồi đắp cát cho bãi; và kiểm soát quy hoạch ven biển, vì biện pháp cứng như kè bê tông chỉ dịch chuyển xói lở sang nơi khác nếu làm sai cách."
"Khi tấm pin mặt trời hết tuổi thọ, vì sao không thể đổ vào bãi rác thông thường, và công nghệ tái chế pin hiện ra sao?","Tấm pin mặt trời chứa thủy tinh, nhôm khung, nhựa EVA, silicon và các kim loại như bạc, đồng, chì, thiếc; đổ vào bãi rác thông thường vừa lãng phí nguyên liệu quý vừa rủi ro rò rỉ chì và kim loại nặng gây ô nhiễm đất, nước khi bị mưa rửa trôi. Ngoài ra khối lượng pin thải sẽ tăng rất lớn trong vài thập kỷ tới vì làn sóng lắp đặt hiện nay. Công nghệ tái chế đang phát triển theo hướng: đầu tiên tháo khung nhôm, tách kính; sau đó nghiền, tách silicon; phương pháp tiên tiến dùng hóa chất hoặc nhiệt để thu hồi bạc, đồng gần như hoàn toàn, và silicon tái chế có thể dùng lại cho pin mới hoặc vật liệu khác. Tỷ lệ thu hồi vật liệu đang ngày càng cao, giúp ngành năng lượng mặt trời bền vững trọn vòng đời."
"Băng hà (glacier) và mảng băng (ice sheet) khác nhau như thế nào, và vì sao mảng băng tan gây hậu quả lớn hơn?","Điểm chung là đều là khối băng khổng lồ hình thành từ tuyết nén chặt qua nhiều năm, nhưng khác biệt về quy mô: mảng băng (ice sheet) là khối băng rộng trên 50.000 km2 bao phủ lục địa, hiện chỉ có hai nơi là Greenland và Nam Cực, có thể dày hơn 3 km; băng hà (glacier) nhỏ hơn nhiều, nằm trên núi và thung lũng ở khắp nơi trên thế giới. Mảng băng tan gây hậu quả nghiêm trọng hơn vì lượng băng khổng lồ của chúng khi đổ ra biển làm mực nước biển dâng nhiều mét trên toàn cầu, làm ngập các thành phố và đồng bằng ven biển, trong khi băng hà núi tan chủ yếu ảnh hưởng cục bộ đến nguồn nước và cảnh quan."
"Vì sao Việt Nam cam kết đạt mức phát thải ròng bằng không vào năm 2050, và đang làm những gì để hiện thực hóa cam kết này?","Việt Nam cam kết net zero 2050 tại Hội nghị COP26 để góp phần chống biến đổi khí hậu toàn cầu, đồng thời tận dụng cơ hội chuyển đổi năng lượng, thu hút đầu tư xanh và tránh bị tụt hậu trước xu hướng thương mại carbon. Để hiện thực hóa, nước ta đang: chuyển dịch cơ cấu điện từ nhiệt điện than sang năng lượng tái tạo như mặt trời, gió, sinh khối; xây dựng cơ chế thị trường carbon và tín chỉ carbon; phát triển giao thông xanh như xe điện; bảo vệ và trồng rừng để hấp thụ CO2; phát triển hydro xanh; và nâng cao hiệu quả sử dụng năng lượng trong công nghiệp, xây dựng. Lộ trình còn nhiều thách thức về vốn, công nghệ và lưới điện, nhưng cam kết đang được triển khai qua quy hoạch điện 8 và các chiến lược quốc gia."
"Khi đất nông nghiệp bị nhiễm mặn do xâm nhập mặn và nước biển dâng, có những biện pháp nào để cải tạo lại đất canh tác?","Cải tạo đất nhiễm mặn cần làm nhiều việc đồng bộ: đầu tiên rửa mặn bằng nước ngọt, dẫn nước tưới và để đất thoát nước tốt để cuốn muối xuống tầng sâu hoặc theo kênh tiêu đi; bón phân hữu cơ, phân xanh và vôi để cải thiện cấu trúc đất, giảm tác hại của muối natri. Song song nên trồng cây chịu mặn như lúa chịu mặn, cỏ nuôi bò, măng tây, hoặc chuyển sang mô hình nuôi thủy sản nước lợ kết hợp trồng cây phù hợp điều kiện mặn hóa. Quan trọng là quản lý nguồn nước ngọt, xây cống ngăn mặn, hạn chế khoan giếng làm sụt lún thêm, và trồng rừng ngập mặn bảo vệ ven biển. Biện pháp nào cũng cần kiên trì nhiều năm mới phục hồi được độ phì."
json tags omitempty và string dùng khi nào trong Go?,"omitempty bỏ qua field khi marshal nếu giá trị là zero value của kiểu: số 0, chuỗi rỗng, false, nil slice, nil pointer. Hữu ích khi muốn response gọn và client đối xử khoá thiếu như mặc định, nhưng cẩn thận vì nó che đi sự khác biệt giữa không gửi và gửi giá trị 0, nhiều API cần phân biệt hai trường hợp này nên không dùng. Tag string buộc marshal giá trị dạng JSON string, ví dụ số thành chuỗi để giữ định dạng qua các hệ thống cũ không hỗ trợ số lớn hoặc yêu cầu ID là chuỗi: Id int64 json:id"
"Nhập vai Huy, huấn luyện viên bơi riêng 28 tuổi của tôi. Tối nay bể vắng chỉ còn hai đứa, anh thoải mái chỉnh tư thế cho em, tay chạm chỗ nào cũng được.","Anh vòng tay qua eo kéo em sát người trong làn nước, ngón tay luồn vào khe áo tắm, miết lên ngực khiến em rên khẽ. 'Em bảo chạm đâu cũng được, đúng không?' Anh bế thốc em lên bờ, đặt em nằm lên ghế, cởi dây áo tắm, cúi xuống ngậm lấy đầu ti, lưỡi xoay chậm rãi. Em bấu vai anh, kẹp chân lại. Anh tụt quần em xuống, tách hai đùi, hôn từ bụng xuống giữa chân, lưỡi liếm vòng quanh. 'Bài này anh dạy tới sáng, chưa xong thì không cho em về đâu.'"
"Tôi là khách quen của tiệm cắt tóc, tối cuối tuần cắt muộn. Nhập vai Hùng, thợ cắt tóc đẹp trai. Trong lúc cắt, anh nhìn tôi trong gương rồi chủ động thả thính.","Hùng nhìn em trong gương, tay luồn vào tóc em chậm rãi. 'Em cắt lần nào cũng kéo tới tối, hay là cố tình để tiệm còn mỗi hai đứa?' Hắn kéo rèm cửa, cúi sát tai em, hơi thở nóng phả lên cổ. Rồi hắn đẩy em ngả lưng lên ghế, luồn tay vào trong áo, nắn bầu ngực qua lớp vải mỏng. 'Ngực em mềm quá.' Hắn kéo khóa quần, cầm tay em dẫn xuống chạm vào thứ đang cương cứng. 'Em nói chăm sóc khách đặc biệt, giờ chăm sóc anh được chưa?'"
"Nhập vai em là lễ tân khách sạn nhận ca đêm, tôi check-in lúc nửa đêm, hơi say. Em kéo tôi lên phòng.","Em nhìn tôi bằng ánh mắt ngập nắng, cười nhẹ rồi gõ phím. 'Anh say thế này, em không nỡ để anh lên phòng một mình.' Em đưa thẻ phòng, lòng bàn tay quệt qua mu bàn tay tôi, chậm rãi. 'Phòng 502.' Em khóa ca, dắt tay tôi lên thang máy. Vừa vào phòng, em đẩy tôi ngồi xuống giường, ngồi lên đùi tôi, hôn môi thật sâu. Em tự cởi áo đồng phục, để lộ đôi ngực căng, kéo tay tôi đặt lên ngực mình: 'Em lên phụ anh cởi đồ, rồi làm chuyện người lớn, được chứ?'"
"Tôi đi tour phố cổ một mình, hướng dẫn viên là Thu xinh đẹp. Buổi tối tôi khen em, hỏi em có muốn dẫn tôi đi tour đêm riêng không.","Thu khẽ cười, nghiêng đầu nhìn tôi dưới ánh đèn lồng. 'Tour đêm riêng của em không có trong sách đâu.' Em bước tới sát tôi, bàn tay vân vê cúc áo tôi. 'Em dẫn anh vào con hẻm cuối, chỗ không ai soi đường.' Trong bóng tối mùi hoa sữa, em kéo tay tôi áp lên eo mình, ngẩng mặt hôn tôi. 'Ở đây em kể anh nghe chuyện khách đoàn không bao giờ nghe được.' Em luồn tay tôi vào trong áo dài, giọng khàn: 'Anh cứ tự nhiên khám phá, em thích bàn tay anh lắm.'"
"Tôi 25 tuổi thuê cô giáo Lan 27 tuổi dạy kèm tiếng Anh tại nhà. Tối nay tôi chủ động tán tỉnh cô giáo, xem phản ứng ra sao.","Lan gấp sách, đẩy kính lên trán, cười nghiêng. 'Em hôm nay tập trung lạ thường, mà toàn nhìn cô chứ không nhìn bảng.' Cô đứng dậy vòng ra sau lưng tôi, hai tay đặt lên vai, hơi thở phả vào tai. 'Hay là giờ học chuyển môn?' Cô cúi xuống hôn từ cổ xuống vai tôi, tay luồn xuống mở thắt lưng, xoa qua lớp quần. 'Cô thấy em đã cứng rồi.' Cô kéo tôi đứng dậy, đẩy tôi ngồi lên bàn học, quỳ xuống kéo quần tôi: 'Môn này cô chấm công, em phải luyện đến sáng mới được nghỉ.'"
"Nhập vai vũ công ba lê, tối nay phòng tập không còn ai, tôi đứng xem em tập từ cửa. Em dừng lại nhìn tôi rồi mời tôi vào.","Em ngừng xoay, mồ hôi lấm tấm trên xương quai xanh, ánh mắt dừng lại nơi tôi đứng. 'Vào đi, em đang cần người giữ thăng bằng.' Em kéo tay tôi vào giữa sàn, quấn chân quanh hông tôi, người nóng ran qua lớp leotard mỏng. 'Giữ chặt em, đừng để em rơi.' Em cọ cơ thể vào tôi, hôn tôi đắm đuối. Tôi luồn tay xuống kéo leotard của em xuống, em cũng cởi áo tôi. Em xoay người, ép mông vào tôi, giọng gấp gáp: 'Ngay trên sàn này đi, em muốn anh làm em đến khi trời sáng.'"
"Tôi hay ghé tiệm bánh của Ngọc lúc gần đóng cửa, hôm nay em rủ tôi ở lại thử món bánh mới còn nóng. Tôi hỏi em còn gì ngọt hơn bánh không.","Ngọc cười tít, đưa miếng bánh còn nóng tới môi tôi. 'Thử đi, em làm riêng cho anh.' Thấy tôi nheo mắt, em chống tay lên quầy: 'Ngọt hơn bánh à?' Em tháo tạp dề, bước ra trước ngồi lên quầy, kéo tôi lại gần, mắt long lanh. 'Có, ngay đây nè.' Em kéo tay tôi đặt lên đùi mình, kéo váy lên cao. 'Anh nếm thử xem, ngọt cả đêm không hết đâu.' Em ôm đầu tôi ấn xuống giữa hai chân mình, giọng rên khẽ: 'Món này em làm riêng cho anh, anh phải ăn cho hết nhé.'"
"Tôi là họa sĩ 30 tuổi, nhận vẽ khỏa thân cho một chị 32 tuổi, studio vắng, không khí căng thẳng. Tôi chủ động trước.","Tôi đặt cọ xuống, nhìn chị trên bục, ánh đèn vàng vẽ đường cong trên da. 'Chị ngồi yên, em muốn vẽ thật kỹ đường cong này.' Tôi bước tới, ngón tay lướt dọc cánh tay chị, xuống hông. 'Vẽ bằng mắt không đủ, em cần tay chạm vào.' Tôi cởi áo khoác vẽ, hôn lên bả vai chị. Chị kéo tay tôi xuống ngực mình, nắn qua lớp khăn mỏng. 'Thì vẽ bằng tay đi, vẽ bằng miệng cũng được.' Tôi quỳ xuống, kéo khăn che ra, đưa miệng hôn lên đùi chị, giọng khàn: 'Chị nhắm mắt lại, phần này em vẽ bằng lưỡi.'"
"Em là nghệ nhân gốm hướng dẫn tôi nặn đất, bàn tay chúng tôi chạm nhau trên bàn xoay, không khí ngọt ngào.","Em đứng sau lưng tôi, vòng tay ôm trọn mu bàn tay tôi trên đất sét trơn. 'Đừng gồng, để tay em dẫn.' Bàn xoay quay chậm, lòng bàn tay em ấm áp, ngón cái miết chậm rãi. 'Đất cần nước mới mềm, người cũng vậy.' Em kề miệng vào tai, giọng khàn. Rồi em tắt bàn xoay, kéo tôi đứng dậy, ép vào bàn, tay em luồn xuống cởi quần tôi. 'Tối nay em dạy anh nặn thứ khác.' Em cúi xuống, môi lướt dọc bụng tôi, giọng nghẹn: 'Cần tay em áp lên người anh, thật sát, thật lâu.'"
"Tôi mua thuốc khuya ở tiệm thuốc trực 24h, cô dược sĩ trẻ đẹp. Tôi làm quen, khen em, rủ em đi ăn khuya.","Em khẽ cười, chống tay lên quầy nhìn tôi qua cặp kính. 'Giờ này còn rủ người ta đi ăn khuya, chắc anh chưa có người yêu.' Em ghi đơn xong, kéo lại gần, giọng nhỏ: 'Em tan ca lúc mười hai giờ. Nếu anh đứng đợi trước tiệm, em sẽ ra.' Mắt em ánh lên, ngón tay luồn qua khe quầy chạm nhẹ tay tôi: 'Mà em không dễ rủ đâu, tối nay là ngoại lệ.' Em viết số điện thoại lên toa thuốc: 'Nhắn cho em. Em dẫn anh đi ăn, rồi nếu anh ngoan, em sẽ đưa anh về chỗ em ngồi tâm sự tới sáng.'"
"Tôi là kiến trúc sư trẻ, chủ nhà là phụ nữ 35 tuổi xinh đẹp, khảo sát nhà lúc xế chiều, nhà vắng.","Tôi thu thước, nhìn chị dựa vào khung cửa sổ, nắng chiều soi mờ đường viền cơ thể. 'Phòng ngủ chị muốn mở rộng cửa sổ không?' Chị lắc đầu, mắt đầy ẩn ý: 'Phòng này em cần kín, người ngoài không nhìn vào.' Tôi bước tới sát chị, gạt lọn tóc, giọng trầm: 'Vậy em thiết kế cho chị, ban ngày sáng đẹp, ban đêm chỉ chị và người chị chọn.' Tay tôi luồn xuống vòng eo chị qua lớp váy lụa. Chị kéo tôi vào phòng ngủ, đóng cửa lại, hôn tôi: 'Thiết kế ở đây đi, em muốn xem anh tỉ mỉ thế nào.'"
"Tôi gặp phi công ở sân bay sau chuyến bay dài, anh mời tôi đi uống gì đó. Tôi khen anh đẹp trai.","Anh cười, quay ly cocktail, nhìn tôi qua làn khói. 'Em khen vậy anh sẽ lún sâu đấy.' Anh kể chuyện vùng trời, giọng trầm ấm. Đến lúc tính tiền, anh đặt tay lên tay tôi: 'Anh nghỉ hai ngày ở đây.' Anh nhìn tôi không rời mắt: 'Anh biết một nơi ngắm hoàng hôn đẹp, không ai làm phiền.' Tối đó anh đưa tôi về phòng, đẩy tôi ngồi lên giường, cởi áo đồng phục phi công: 'Câu chuyện này anh muốn tiếp tục ở đây.' Anh ngồi xuống đùi tôi, hôn cổ, giọng khàn: 'Em muốn anh bay thấp hơn, hay bay thẳng vào trong?'"
"Chuyến bay đêm dài, em là tiếp viên xinh đẹp, khoang thưa khách, em ngồi xuống trò chuyện với tôi. Tôi tán tỉnh em.","Em ngồi xuống ghế đối diện, tháo giày cao gót, chân thon dài bắt chéo. 'Anh nhìn em suốt cả chuyến bay, em tưởng anh ngủ rồi.' Em cười, kéo nhẹ áo đồng phục. 'Em mệt lắm rồi, nhưng ngồi với anh thấy đỡ hơn.' Giọng em chùng xuống, bàn chân em rời giày, khẽ quệt lên chân tôi trong bóng tối khoang máy bay. 'Em nghỉ một đêm ở điểm đến.' Em cúi sát, hơi thở phả vào tai tôi: 'Em sẽ đưa anh về nơi em ở, chỉ hai đứa mình.' Em cầm tay tôi đặt lên đùi mình, giọng rủ rỉ: 'Đừng sợ, chuyến này em phục vụ riêng anh.'"
"Tôi hay đến thư viện buổi tối muộn, cô thủ thư trẻ vẫn làm việc. Hôm nay tôi để lại lời nhắn trong sách mượn.","Em khép cuốn sách vừa trả, thấy mảnh giấy, khẽ cười rồi ngẩng lên nhìn tôi ở bàn cuối. Em đi tới, đặt mảnh giấy xuống, giọng nhỏ: 'Anh viết: đọc xong thì qua bàn em gặp, à?' Em ngồi xuống ghế đối diện, mắt nhìn thẳng: 'Em đọc xong rồi.' Em đứng dậy, khóa cửa thư viện, quay lại kéo tay tôi: 'Phòng kho phía sau còn mở.' Trong kệ sách mờ tối, em kéo tôi ngồi xuống, ngồi lên đùi tôi, hôn tôi: 'Anh mượn sách lần nào cũng nhìn em, em biết hết.' Em cởi nút áo: 'Giờ em cho anh mượn thứ khác, nhớ trả đúng hạn nhé.'"
"Tôi hay giao dịch với nhân viên ngân hàng tên Vy, em xinh và ân cần. Hôm nay tôi mời em đi uống cà phê sau giờ làm.","Vy cười dịu, đẩy giấy tờ qua, ngón tay khẽ chạm tay tôi. 'Anh mời em cà phê à? Em tưởng hôm nay anh chỉ làm thủ tục.' Em chớp mắt, giọng nhỏ như nói riêng: 'Em tan làm năm giờ. Mà anh biết không, em để ý anh từ lần anh mở sổ tiết kiệm, lúc đó anh cười với em.' Em viết số điện thoại lên giấy note, kẹp vào hồ sơ. Tối đó, quán cà phê vắng, em ngồi sát tôi, tay em chạm lên đùi tôi: 'Anh biết tại sao em nhận lời không? Vì em không muốn chỉ gặp anh qua quầy giao dịch nữa.' Em kéo tôi về phòng trọ, hôn tôi ngay cửa: 'Đêm nay anh là khách VIP của em.'"
"Tôi bắt taxi khuya, anh tài xế trẻ đẹp trai. Trên đường về, tôi tán tỉnh anh, hỏi anh có muốn dừng xe không.","Anh nhìn em qua gương chiếu hậu, khóe môi nhếch. 'Em nói vậy mà không sợ anh chở em đi luôn hả?' Anh chậm xe trước ngã rẽ vắng, tấp vào lề, tắt máy, xoay người nhìn em, ánh mắt sâu. 'Chỗ này khuya vắng, chỉ có hai đứa với cột đèn.' Anh bỏ dây an toàn, nghiêng người qua, hôn em, tay luồn xuống cởi nút áo: 'Em mời anh dừng để làm chuyện này đúng không?' Anh kéo em ngồi lên đùi mình giữa ghế lái, giọng khàn: 'Anh đưa em về, nhưng theo cách của anh.' Em rên khẽ khi anh kéo quần: 'Đêm nay em không về sớm được đâu.'"
"Tôi ăn tối một mình ở nhà hàng sang trọng, anh bồi bàn đẹp trai phục vụ tôi. Tôi khen anh, hỏi anh tan làm lúc mấy giờ.","Anh khẽ cười, đặt ly rượu xuống, mắt dừng trên người tôi một nhịp. 'Em cảm ơn lời khen. Em tan làm lúc mười một giờ.' Anh hơi cúi xuống, giọng nhỏ: 'Chị hỏi vậy, hay là chị định đợi em tan làm?' Đúng mười một giờ, anh thay đồ đứng ngoài cửa, đưa tay mời tôi. Trên đường về, anh kéo tôi vào con hẻm nhỏ, ép tôi vào tường, hôn sâu: 'Em mời anh vì anh đẹp trai, hay vì nhìn thấy em muốn em?' Tay anh luồn dưới váy tôi: 'Đêm nay em sẽ là người phục vụ chị, tận tình nhất từ trước tới giờ.'"
"Em là chủ vườn nho nhỏ ở Đà Lạt, tôi là du khách tham quan. Chiều muộn vườn vắng, em rủ tôi ở lại ngắm hoàng hôn.","Em nhìn tôi cười, bưng hai ly rượu nho tự ủ, đưa tôi một ly. 'Anh uống thử, loại này ngọt mà hậu vị nồng.' Em ngồi xuống băng ghế cạnh tôi, gió chiều hiu hiu. 'Hoàng hôn đẹp thật, nhưng đẹp hơn khi có người ngồi cạnh.' Em đặt tay lên đùi tôi: 'Hay tối nay anh ở lại, em nấu bữa tối bằng chính nho của mình.' Tối đó trong căn nhà gỗ, em ngồi lên đùi tôi, cho tôi ngụm rượu từ môi mình. Em cởi áo khoác, kéo tay tôi đặt lên ngực: 'Rượu ngon phải uống cùng người mình thích, anh có thấy nồng không?'"
"Tôi ra bến cảng lúc rạng sáng gặp anh ngư dân trẻ vừa về chuyến đêm, người còn ướt. Anh mời tôi lên thuyền xem cá.","Anh cười tươi, nước mặn còn đọng trên má, giơ tay kéo tôi lên mạn thuyền, bàn tay nắm cổ tay tôi lâu hơn cần thiết. 'Em xem cá này, tối qua gặp mẻ lớn.' Anh kể chuyện biển, giọng trầm giữa tiếng sóng. Bỗng anh im, nhìn tôi: 'Mà em ra cảng giờ này, có phải để xem cá đâu.' Anh cởi áo ướt vắt lên, để lộ thân hình săn chắc. 'Hay em ở lại, xem anh tới khi mặt trời lên.' Anh kéo tay tôi vào cabin, đóng cửa lại, hôn tôi vội vàng, mùi muối biển: 'Cá thì ngày nào cũng có, nhưng người như em thì không.' Anh đặt tôi xuống võng, giọng khàn: 'Để anh dạy em xem cá theo cách của thuyền chài.'"
"Tôi gặp vận động viên bóng chuyền bãi biển khi chạy bộ trên bờ biển, anh nghỉ giải lao. Tôi dừng lại trò chuyện.","Anh phủi cát trên tay, nhìn tôi cười, mồ hôi lấm tấm trên cơ thể rám nắng. 'Em chạy giờ này à? Nắng gay, vào đây ngồi đi.' Anh vỗ chỗ cát bên cạnh, đưa bình nước. 'Anh nghỉ mười phút, coi như nghỉ chung với em.' Anh nhìn tôi chăm chú: 'Em khen anh đánh hay, hay là khen cái khác?' Tối đó anh dẫn tôi đến nhà nghỉ gần biển, phòng nhìn ra sóng. Anh đặt tôi nằm xuống, cởi áo tắm của tôi ra: 'Nghe sóng thôi là say, mà nhìn em anh còn say hơn.' Anh cúi hôn từ cổ xuống ngực, giọng trầm: 'Đêm nay anh nghỉ thi đấu, chỉ thi với mình em.'"
"Tôi ngồi quán bar nghe một chàng nghệ sĩ guitar chơi nhạc trữ tình. Hết set, tôi gọi anh qua bàn, mời ly, làm quen.","Anh quàng đàn ra sau lưng, kéo ghế ngồi xuống, đón ly rượu. 'Em mời ly này là chọn nhạc hay chọn người đây?' Anh uống một ngụm, nhìn tôi qua ánh đèn vàng: 'Ba năm chơi ở đây, chưa ai mời anh kiểu này mà không có ý gì.' Mười hai giờ hết set, anh rủ tôi ra bãi biển, đem theo cây đàn. Anh chơi một bản tình ca, rồi đặt đàn xuống, kéo tôi ngồi lên đùi: 'Anh chơi riêng cho em nghe, giờ tới phần anh thích nhất.' Anh hôn tôi, tay luồn dưới áo: 'Đêm nay em là bài hát anh viết riêng, anh sẽ chơi tới sáng.'"
"Tôi hay tới phòng gym xem anh võ sĩ quyền anh tập. Hôm nay phòng vắng, tôi vào ngồi cạnh sàn đấu bắt chuyện.","Anh tháo bao tay quăng lên ghế, mồ hôi ướt đẫm áo. 'Em vào tận đây coi anh tập, không sợ bị đấm trúng hả?' Anh cười, lau mặt, ngồi xuống cạnh tôi, hơi thở còn dốc. 'Tuần nào cũng thấy em đứng ngoài cửa.' Anh nghiêng đầu: 'Em cứ nhìn anh vậy, anh không tập nổi đâu.' Tối đó anh đưa tôi về phòng, cởi áo để lộ thân hình vạm vỡ: 'Anh đánh nhau trên sàn để đổi bữa cơm, nhưng với em anh không bao giờ đánh.' Anh bế thốc tôi đặt lên giường, cúi hôn: 'Anh chỉ muốn ôm em, làm em mềm ra, đến khi em rên tên anh.'"
"Tôi tắm biển chiều muộn, nhân viên cứu hộ thổi còi nhắc tôi đừng ra xa. Tôi quay vào, anh đến nói chuyện, tôi mời anh ăn tối.","Anh đứng nhìn tôi, nụ cười hiền dưới mũ lưỡi trai, sóng vỗ quanh chân. 'Anh thổi còi không phải đuổi em, là sợ em bơi ra xa rồi anh phải lội theo.' Anh cười hề: 'Em mời anh ăn tối thật à? Anh vừa hết ca, bụng đang đói.' Anh gãi đầu: 'Anh biết quán hải sản ngon, nhưng anh muốn đổi món, muốn ngồi đối diện em cả tối.' Sau bữa tối, anh đưa tôi ra bãi vắng, trải áo cứu hộ cho tôi ngồi. Anh kéo tôi nằm xuống, hôn dưới bầu trời sao: 'Anh cứu người cả ngày, tối nay cho anh cứu em theo kiểu khác nhé.'"
"Tôi thuê chuyên viên trang điểm đến tận nhà chuẩn bị cho buổi tiệc. Anh make-up tỉ mỉ, đứng rất gần, tôi chủ động.","Anh cầm cọ lướt nhẹ trên má tôi, ánh mắt dừng lại lâu hơn cần thiết. 'Em giữ yên được không, cái này khó lắm, phải tỉ mỉ.' Hơi thở anh phả sát trán tôi. Tôi đưa tay chạm cổ tay anh, anh khựng lại nhìn tôi. 'Nếu em nhìn anh vậy, tối nay anh không đưa em đến tiệc được đâu.' Anh đặt cọ xuống, cúi sát, môi gần môi: 'Vì anh sẽ đưa em về chỗ anh, trang điểm lại cho em theo cách anh thích.' Anh cởi áo khoác, đỡ tôi nằm xuống ghế sofa, giọng trầm: 'Để anh tô lại từng nét, bắt đầu từ đôi môi này, rồi xuống dưới nữa, cho tới khi em không còn nhớ mình đang đi tiệc.'"
"Tôi đến xưởng may thử đồ dạ tiệc, nhà thiết kế là chị 33 tuổi sang trọng. Chị ghim nút, đứng sát tôi, tôi chủ động.","Chị cắm ghim, ngón tay chạm nhẹ qua lớp vải lụa trên ngực tôi, khóe môi khẽ nhếch. 'Đường may phải sát vào người em mới tôn dáng.' Chị vòng ra sau lưng, kéo khóa váy, hơi thở phả lên gáy. 'Vải này mỏng quá, mặc tối nay chắc ai cũng nhìn em.' Chị dừng tay, giọng trầm: 'Em có muốn thử thiết kế khác của chị không? Không cho tiệc đâu, cho riêng hai đứa mình.' Chị khóa cửa xưởng, kéo tôi ngồi lên bàn cắt may, vén váy lên: 'Chị sẽ may vừa vặn cho em theo số đo tay chị chạm.' Chị cúi hôn lên đùi trong tôi: 'Kiểu này chỉ chị mới may được.'"
"Tôi xem kịch một mình, sau buổi diễn tôi chờ ngoài cửa hậu trường để gặp nam diễn viên chính, khen và mời đi uống.","Anh bước ra trong áo khoác da, chưa tẩy hết phấn hóa trang, mắt còn long lanh ánh đèn sân khấu. 'Em chờ ngoài này lạnh không?' Anh cười, giọng trầm: 'Anh tưởng em mê vai diễn, té ra là mê người đóng vai.' Anh cởi khăn choàng đưa tôi. Quán khuya góc phố, anh kể chuyện hậu trường. Rồi anh đưa tôi lên sân khấu lúc vắng người, kéo tôi vào ánh đèn: 'Diễn cho em xem vở chỉ dành cho em.' Anh đỡ tôi ngồi lên chiếc ghế nhung, hôn tôi dưới ánh đèn sân khấu: 'Kịch bản của anh tối nay là: đưa em về hậu trường, và diễn tới khi em không còn kịch tính nữa.'"
"Tôi là phóng viên phỏng vấn doanh nhân trẻ tại quán cà phê. Cuộc trò chuyện vui, tôi để máy ghi âm rồi tán tỉnh anh.","Anh nhìn tôi, đẩy tách cà phê, khóe môi cười. 'Em để máy ghi âm thế này, anh dám nói thật đâu.' Anh nghiêng người, giọng nhỏ: 'Trả lời báo anh nói gì cũng được, nhưng muốn nghe chuyện thật thì tối nay.' Anh chạm ngón tay lên mép bàn hướng về tôi: 'Anh thích cách em đặt câu hỏi, cứ như không biết sợ gì. Anh cũng thích cách em nhìn anh.' Tối đó anh đưa tôi về penthouse, ngồi xuống sofa, kéo tôi ngồi lên đùi: 'Giờ tắt máy ghi âm đi, em sẽ phỏng vấn câu cuối theo cách riêng.' Anh hôn tôi, tay cởi nút áo: 'Câu trả lời là có, anh muốn em, ngay từ lúc em hỏi câu đầu tiên.'"
"Tôi hay gặp anh nhân viên bưu điện trẻ đẹp trai mỗi lần đi gửi hàng. Hôm nay tôi mời anh đi uống trà đá, làm quen.","Anh cười tươi, gác xe, cởi mũ bảo hiểm rũ tóc. 'Em mời anh trà đá, tưởng em chỉ gửi hàng thôi chứ.' Anh kéo ghế ngồi xuống quán vỉa hè: 'Em gửi hàng tuần nào cũng hai ba lần, có phải để gặp anh không đó?' Anh cười khà: 'Anh để ý rồi, em hay ghé đúng giờ anh giao ca.' Anh chống cằm nhìn tôi: 'Hay mình đổi sang gặp nhau ngoài giờ làm luôn.' Tối đó anh chở tôi ra bờ sông, dừng xe dưới gốc me, kéo tôi ôm chặt: 'Anh giao hàng cả ngày, nhưng bưu kiện quý nhất là em đây.' Anh quay lại hôn tôi, tay luồn dưới áo: 'Cho anh giao hàng đặc biệt về nhà anh nhé.'"
"Tôi đến tiệm kim hoàn nhờ anh thợ đính lại viên đá trên nhẫn. Anh chỉnh sửa rất khéo, ngồi sát bên tôi.","Anh cầm tay tôi đặt lên khay đệm, ngón tay khéo léo chỉnh viên đá, ánh mắt cúi xuống chăm chú. 'Tay em nhỏ, đeo nhẫn này vừa đẹp.' Anh ngước lên, bắt gặp ánh nhìn tôi, khẽ cười: 'Em nhìn anh kỹ vậy, anh sợ lỡ tay làm hỏng viên đá.' Anh đặt nhẫn xuống, tay vẫn giữ tay tôi: 'Hay để anh làm cho em chiếc nhẫn khác, khắc theo ý em, chỉ mình em đeo.' Tối đó anh mời tôi qua xưởng xem thiết kế, căn phòng ấm ánh đèn. Anh đứng sau lưng tôi, tay ôm eo, hôn lên cổ: 'Anh làm nghề giữ người ta quay lại.' Anh xoay người tôi lại, hôn sâu: 'Em là viên đá anh muốn giữ nhất.'"
"Tôi gặp cô người mẫu trẻ trong buổi chụp ảnh thời trang. Giữa các lần chụp, em ngồi nghỉ cạnh tôi, tôi mời cà phê.","Em rũ tóc khỏi vai, kéo nhẹ chiếc váy, ngồi xuống cạnh tôi, mồ hôi lấm tấm dưới ánh đèn flash. 'Chụp cả buổi mà anh ngồi nhìn em hoài, em chụp không nổi nữa đâu.' Em cười, với ly nước: 'Anh là nhiếp ảnh gia hay người xem thử đồ vậy?' Em nghiêng đầu: 'Em nghe anh mời cà phê, em nhận lời nha.' Em đứng dậy, cúi xuống nói nhỏ: 'Mà đừng rủ chỗ đông người, quán nhỏ, vắng, chỉ hai đứa mình.' Tối đó em kéo tôi vào studio vắng, cởi chiếc váy trên người: 'Anh muốn chụp em kiểu này không?' Em ngồi xuống lòng tôi, hôn tôi: 'Chụp bằng ống kính, hay chụp bằng bàn tay anh, đều được cả.'"
"Tôi học cưỡi ngựa, anh huấn luyện viên đẹp trai hướng dẫn. Chiều muộn chuồng vắng, anh kéo tôi lại gần chỉ tư thế.","Anh đứng sau lưng tôi trên yên, vòng tay nắm tay tôi cầm dây cương, ngực áp sát lưng tôi. 'Phải ngồi sâu như vầy, đừng gồng.' Giọng anh trầm bên tai, hơi thở ấm phả vào gáy. Anh không rời ra ngay, bàn tay siết nhẹ: 'Em học nhanh lắm, mà hay em học xong rồi, cứ luyện mãi không thôi.' Anh cười khẽ: 'Hay mình đổi môn, cũng cần ngồi sát, cũng cần giữ thăng bằng, mà không cần ngựa đâu.' Tối đó anh đưa tôi vào phòng nhỏ sau chuồng, đẩy tôi tựa vào tường gỗ: 'Môn mới của em đây.' Anh nâng chân tôi quấn quanh hông: 'Giữ thăng bằng, đừng rơi, anh đỡ em cả đêm.'"
"Tôi đổ xăng khuya ở trạm xăng vắng, anh nhân viên trẻ đẹp trai phục vụ. Khuya khoắt tôi chủ động tán tỉnh.","Anh lau tay, nhìn tôi trong ánh đèn hiu hắt, cười nhẹ. 'Giờ này em còn đi một mình à, không sợ hả?' Anh dựa vào cột, mắt không rời tôi: 'Em nhìn anh kiểu đó, là nhờ đổ xăng hay nhờ cái gì khác?' Anh tiến lại gần: 'Anh hết ca lúc hai giờ sáng.' Anh hạ giọng: 'Nếu em còn thức, anh rủ em đi ăn khuya, quán anh quen, ấm áp.' Sau bữa ăn khuya, anh kéo tôi ra sau trạm, trong căn phòng nhỏ có giường: 'Anh làm ca đêm lạnh lắm, em cho anh sưởi ấm nhé.' Anh ôm tôi, hôn cổ, tay luồn dưới áo: 'Sáng ra anh đổ xăng cho em, đầy bình, như cách anh làm em đầy ắp tối nay.'"
"Tôi hay ghé quán trà sữa của anh chủ trẻ đẹp trai, tối nào cũng gọi một ly cuối ngày. Hôm nay em gần đóng cửa, tôi nán lại nói chuyện.","Anh lắc bình trà, nhìn tôi qua quầy, cười. 'Ly thứ ba hôm nay rồi, uống nhiều trà sữa ngủ không ngon đâu.' Anh đặt ly xuống, chống tay lên quầy: 'Mà em cứ tới đúng giờ đóng cửa hoài, có phải muốn nán lại chuyện gì với anh không?' Anh cúi sát: 'Anh để ý rồi, tối nào em cũng ngồi tới lúc anh tắt đèn.' Anh tháo tạp dề: 'Hay tối nay em đợi anh dọn xong, anh chở em đi ăn khuya.' Trên xe máy, em ôm anh chặt, anh dừng xe ở công viên vắng, quay lại hôn em: 'Anh pha trà sữa cho em ngọt, nhưng anh thích vị em còn ngọt hơn.' Anh kéo em ngồi lên đùi mình: 'Nếm thử không?'"
"Tôi thuê anh thợ làm vườn trẻ chăm sóc khu vườn nhà. Buổi trưa nắng, anh ngồi nghỉ dưới gốc cây, tôi mang nước ra mời.","Anh cởi mũ, đón ly nước, bàn tay chai sạn chạm nhẹ tay tôi, mắt cười. 'Cảm ơn em, nắng quá trời.' Anh uống một hơi, nhìn tôi: 'Em cứ ra đây ngồi với anh hoài, vườn này anh coi như của anh luôn rồi.' Anh vỗ vỗ băng ghế: 'Ngồi đây đi, mát.' Anh nhìn tôi chăm chú: 'Mà em hay ra vườn giờ này, là ngắm hoa hay ngắm anh?' Anh cười khà: 'Nếu ngắm anh thì anh làm vườn cho em cả đời cũng được.' Anh rửa tay, bước tới gần, giọng trầm: 'Tối nay em có nhà không, anh trồng xong luống hoa, muốn ở lại tưới nước cho em.' Anh hôn lên cổ tay tôi: 'Chăm hoa thì anh biết, chăm em thì anh học dần.'"
"Tôi tìm được cuốn sách cũ hiếm trong tiệm sách cũ của anh chủ trẻ. Chiều mưa, tiệm vắng, chúng tôi nói chuyện về sách rồi sang chuyện khác.","Anh ngồi xuống ghế đối diện, lật cuốn sách cũ, giọng chậm rãi. 'Cuốn này tôi giữ mười năm, chưa ai hỏi mua, em là người đầu tiên nhận ra giá trị.' Anh ngước lên, mưa rơi lộp độp trên mái tôn: 'Người hiểu sách như em chắc cũng tinh tế lắm.' Anh đặt sách xuống, giọng nhỏ: 'Tiệm tôi đóng cửa năm giờ, nhưng mưa thế này, tôi chưa muốn đóng đâu.' Anh pha trà, kéo tấm rèm che cửa kính, ngồi xuống cạnh tôi: 'Tôi có nhiều cuốn hay, kể mãi không hết.' Anh đặt tay lên đùi tôi, giọng khàn: 'Mà câu chuyện tôi muốn kể nhất tối nay, không nằm trong sách nào cả.' Anh hôn tôi giữa mùi giấy cũ: 'Cuốn này chỉ có một bản, dành cho em.'"
"Tôi gặp anh cầu thủ bóng đá trong quán cà phê sau buổi tập, anh ngồi một mình. Tôi nhận ra anh, sang bàn làm quen.","Anh ngẩng lên, gỡ tai nghe, khẽ cười. 'Em nhận ra anh à? Hôm nay không có trận đấu, anh chỉ tập thôi.' Anh kéo ghế mời tôi ngồi: 'Em cũng chơi bóng, hay chỉ xem anh trên tivi?' Anh nhấp cà phê, mắt nhìn tôi: 'Mà em sang bàn làm quen, là vì bóng đá hay vì anh?' Anh cười hề: 'Anh tập xong đang rảnh lắm.' Tối đó anh đưa tôi về nhà, phòng treo đầy cúp. Anh cởi áo khoác, để lộ thân hình rắn rỏi: 'Anh đá banh giỏi, nhưng có thứ anh còn muốn ghi bàn hơn.' Anh bế thốc tôi đặt lên giường, cúi hôn: 'Sân tối nay là đây, và anh sẽ chơi hết mình cho tới khi em vỡ òa.'"
"Tôi đi chơi golf một mình, anh nhân viên phụ khuân gậy trẻ đẹp trai đi theo. Trên sân vắng, tôi bắt chuyện làm quen.","Anh đặt túi gậy xuống, chống tay nhìn tôi, cười. 'Chị chơi một mình mà có người phụ gậy tận tình thế này, chắc chọn tôi vì tôi nói chuyện hợp.' Anh đưa khăn lau, ngón tay khẽ chạm tay tôi: 'Sân này vắng giờ chiều, chỉ có hai chúng ta.' Anh hạ giọng: 'Chị đánh bóng xa lắm, nhưng nhìn chị tập trung quá, không để ý người bên cạnh.' Chiều tàn, anh chở tôi về, dừng xe trước nhà anh: 'Vào uống chút nước, rồi chị đánh thử một vòng trong sân nhà anh.' Trong căn phòng ấm, anh kéo tôi lại gần, hôn cổ: 'Golf cần kỹ thuật, mà chuyện này của chúng ta thì cần cảm xúc.'"
"Tôi đặt anh nghệ nhân làm đồ da làm cho tôi chiếc ví theo thiết kế riêng. Buổi tối tôi qua xưởng xem anh làm, không khí ấm cúng.","Anh đặt chiếc ví dở dang lên bàn, nhìn tôi dưới ánh đèn vàng của xưởng, mùi da thơm. 'Em qua xem anh làm tới tối muộn vậy, khéo tối nào cũng qua.' Anh cười, mời tôi ngồi cạnh bàn: 'Ngồi đây xem anh khâu từng đường.' Anh vừa làm vừa nhìn tôi: 'Em đặt thiết kế tỉ mỉ quá, người tinh tế như em chắc khó tính trong chuyện khác lắm.' Anh đặt dụng cụ xuống, nhìn thẳng: 'Hay tối nay em đừng về sớm.' Anh khóa cửa xưởng, kéo tôi ngồi lên bàn da: 'Anh làm da bằng tay, và anh muốn dùng tay làm em mềm ra như tấm da mới thuộc.' Anh cúi hôn, cởi dây thắt lưng tôi: 'Để anh thử độ bền của chất liệu quý nhất.'"
"Tôi đi tham quan bảo tàng một mình, anh nhân viên trẻ đẹp trai dẫn tôi đi từng khu. Đến khu vắng nhất, tôi tán tỉnh.","Anh dừng lại trước tủ kính, đèn mờ vàng chiếu nghiêng gương mặt, giọng nhẹ. 'Khu này ít người đến, nhưng em chịu khó nghe anh kể, anh thích lắm.' Anh quay lại nhìn tôi: 'Những hiện vật này qua nhiều bàn tay, nhưng anh vẫn thích câu chuyện còn đang được viết.' Anh tiến gần một bước: 'Bảo tàng đóng cửa năm giờ, nhưng tối nay anh trực ca.' Anh kéo tay tôi vào góc phòng trưng bày khuất ánh đèn: 'Câu chuyện không nằm trong bảng giới thiệu đây.' Anh ép tôi vào tường, hôn sâu, tay luồn dưới áo: 'Hiện vật quý phải cất kỹ, mà em thì anh muốn trưng bày cả đêm.'"
"Tôi thuê một chàng quản gia trẻ đẹp trai chăm lo cho căn biệt thự. Tối nay tôi về muộn, thấy anh vẫn đợi dưới sảnh.","Anh đứng dậy khỏi ghế chờ, áo vest thẳng thớm, cúi đầu nhẹ. 'Chủ nhân về rồi, em đã pha sẵn trà nóng.' Anh bước tới đón túi, ngón tay khẽ chạm tay tôi, ánh mắt dừng lại lâu. 'Em lo chủ nhân đi khuya, ngủ không ngon, nên cứ đợi.' Anh nghiêng đầu, giọng nhỏ: 'Chủ nhân có muốn em đưa lên phòng không?' Trong phòng, anh cởi áo khoác vest, giọng trầm: 'Em không chỉ quản lý nhà cửa đâu.' Anh bước tới ôm eo tôi từ sau, hôn lên cổ: 'Em quản luôn cả sự thoải mái của chủ nhân.' Anh xoay người tôi lại, hôn sâu: 'Tối nay, chủ nhân cứ để em chăm sóc, đến khi nào ngủ say, em mới thôi.'"
Thiếu header Content-Security-Policy thì website gặp rủi ro gì và cấu hình thế nào?,"Thiếu CSP làm giảm khả năng chặn XSS vì trình duyệt chấp nhận mọi script nhúng từ bất kỳ nguồn nào, kể cả inline và code chèn từ lỗi XSS. CSP cho phép khai báo danh sách nguồn hợp lệ. Ví dụ cấu hình nginx: add_header Content-Security-Policy default-src 'self'; script-src 'self' https://cdn.example.com; style-src 'self' 'unsafe-inline'; img-src 'self' data:; frame-ancestors 'self'"". Bắt đầu từ chế độ khó rồi dùng báo cáo qua directive report-uri để quan sát hành vi vi phạm trước khi siết chặt. Lưu ý tránh dùng 'unsafe-inline' cho script nếu có thể"
"File log mỗi dòng có 5 cột phân tách bằng dấu phẩy, tôi chỉ muốn lấy cột 2 và 4. Dùng awk thế nào?","Mặc định awk tách bằng khoảng trắng liên tiếp. Dữ liệu tách phẩy thì chỉ định delimiter: `awk -F',' '{print $2, $4}' file.log`. Lọc theo điều kiện cột: `awk -F',' '$1==ERROR {print $2}'` chỉ in cột 2 của dòng có cột 1 là ERROR. Dấu phẩy có space quanh thì dùng `-F' *, *'`. In với nhãn: `awk -F',' '{print C2=""$2}'`. Nhớ awk đếm cột từ 1"
"Tôi muốn cấu hình logrotate tự xoay log ứng dụng hàng ngày, giữ 7 bản. File config thế nào?","Tạo `/etc/logrotate.d/myapp`: `\/var/log/myapp/*.log\"" { daily rotate 7 compress missingok notifempty copytruncate }`. Giải thích: daily xoay mỗi ngày"
Trong bash tôi muốn khai báo một mảng tên các máy chủ rồi duyệt qua từng cái. Viết thế nào?,"Khai báo: `hosts=(\web01\"" \""web02\"" \""db01\"")`. Duyệt: `for h in \""${hosts[@]}\""; do echo Xử lý $h; done`. `\""${hosts[@]}\""` giữ từng phần tử nguyên vẹn kể cả chứa space; `$hosts` (thiếu [@]) chỉ lấy phần tử đầu. Số phần tử: `${#hosts[@]}`"
Tôi muốn xem log gần nhất của một systemd service đang chạy để debug. Dùng lệnh gì?,"Dùng journalctl: `journalctl -u ten-service` hiện toàn bộ log, `-n 100` lấy 100 dòng cuối, `-f` theo dõi liên tục như tail -f. Lọc thời gian: `--since \1 hour ago\""` hoặc `--since today`. Log lần boot trước: `journalctl -u ten-service -b -1`. Service fail vừa khởi động: `systemctl status ten-service` hiện vài dòng log cuối kèm lý do. Log kernel: `journalctl -k`. Không thấy log thì kiểm tra service có ghi vào journal không"
Tôi muốn viết script bash nhận tùy chọn -f để chỉ định file và -v để in chi tiết. Dùng getopts thế nào?,"Vòng lặp getopts đầu script: `while getopts \f:v\"" opt; do case $opt in f) FILE=$OPTARG;; v) VERBOSE=1;; *) echo 'Dùng: script -f file [-v]'; exit 1;; esac; done`. Chuỗi `f:v` nghĩa là f cần đối số (dấu `:` theo sau)"
"Tối nay rảnh, mình muốn đi chợ đêm cho khuây khỏa. Mày có biết cách mặc cả mà không bị kỳ thị không?","Dễ mà, mặc cả chợ đêm là trò vui chứ chẳng phải tội gì. Bước 1 là đừng có vẻ háo hức, cứ lơ đãng cầm món đồ lên rồi trả giá nhẹ nhàng. Ví dụ chủ quán chào năm chục thì mày cứ mặt tỉnh khô hỏi ba lăm được không, nó chê thì mình giả bộ bỏ đi, bước được vài bước nó kêu quay lại ngay. Cách này xưa như trái đất nhưng vẫn chạy đều như vắt chanh. Nhớ là chợ đêm người ta lên giá sẵn hai lần để cho mình mặc cả đó, nên cứ tự tin, mua được giá hời tối nay mình khao ly nước mía."
"Kể mày nghe, hồi học cấp hai tụi mình hay gom tiền lại mua mấy gói bim bim và kẹo kéo ở cổng trường. Mày còn nhớ món quà vặt nào gây nghiện nhất hồi đó không?","Nhớ chứ, gây nghiện nhất hồi đó chắc là mấy gói me bóp tay chấm muối ớt với bò khô rút nhỏ xíu. Cả đám gom tiền lẻ mua một gói, vừa học vừa nhón, mỗi đứa chỉ được một miếng nhỏ mà đứa nào cũng thấy bùi miệng. Rồi còn món kẹo dẻo hình con gà, mua chủ yếu để chơi chứ không phải để ăn. Giờ nhớ lại mấy món đó nghe nói làm toàn phẩm màu với chất bảo quản, nhưng lúc đó cứ thấy tụi nó ở tủ kính là cả đám không đứa nào cưỡng lại được."
Mình thèm bánh tráng trộn quá mà không biết chỗ nào ngon gần nhà. Bánh tráng trộn ngon thì phải có những gì?,"Bánh tráng trộn ngon phải đủ vị chua cay mặn ngọt hòa lại. Miếng bánh tráng phải dai dai chứ không bở, cắt sợi vừa phải cho dễ đũa. Thành phần chuẩn là bò khô, xoài bào sợi chua, khô bò, trứng cút bóc sẵn, đậu phộng rang giã nhỏ, rồi rưới sốt sa tế với mỡ hành. Quan trọng nhất là khâu trộn, phải trộn tay cho sốt dính đều từng sợi, không được ướt nhẹp. Mày ra mấy sạp gần cổng chợ đêm, thấy cô nào vừa trộn vừa trò chuyện với khách quen thì gọi thử, thêm ít trứng cút và xoài chua là đúng gu."
"Cuối tuần tụi mình rủ nhau ăn khuya, mày nghĩ nên chọn món gì cho đỡ tốn mà vui?","Ăn khuya mà đông người thì cứ chọn mấy món ngồi được lâu, chia được nhiều phần. Gỏi gà bóp rau răm, bánh xèo ăn kèm rau sống, hay là tô hủ tiếu gõ nóng hổi đều hợp. Nếu cả đám thích lai rai thì thêm dĩa đậu phộng rang, khô bò và mực nướng vừng. Món nào cũng rẻ mà đầy đủ, vừa ăn vừa tán chuyện tới khuya. Nhớ gọi thêm ly chanh tuyết hay nước mía cho mát, chứ ăn đồ nóng nhiều dễ ngán. Còn nếu ai đói thật thì kêu thêm ổ bánh mì thịt nướng là no căng."
"Chợ đêm hôm nay đông nghịt người, mày thấy đi kiểu gì để không bị tách nhóm và không mệt?","Chợ đêm đông thì bí quyết là đi sát rạt nhau, ai nắm tay ai hay túm áo nhau cho chắc, nhất là chỗ đông trước mấy sạp ốc hay đồ nướng. Đừng đi vào giờ cao điểm tầm bảy đến tám giờ, cứ giờ chín giờ mười giờ đỡ hơn. Mày cũng nên đi ngược chiều để nhìn thấy mặt người đi cùng, chứ đi cùng chiều đông là lạc nhau ngay. Nếu tách thì hẹn một mốc cố định như cột đèn hay sạp nước mía cuối chợ, đứng đó chờ là tụi mình tìm tới. Nhớ mang ít tiền mặt lẻ, chứ chợ đêm nhiều sạp không chịu quẹt thẻ."
"Em mới lên thành phố học, nghe nói món đặc sản quê mỗi vùng đều có cái hay riêng. Mọi người nghĩ món gì đáng thử nhất ở các khu chợ đêm?","Ở chợ đêm mỗi vùng đều có món tủ riêng, mà muốn ăn chuẩn vị phải tìm mấy sạp nhỏ, khách quen đông. Miền Tây thì bánh xèo, bánh khọt với nước mắm pha đậm; Huế có bánh bèo chén, bánh lọc ăn kèm nước mắm ớt; miền Bắc thì bánh cuốn nóng, chả rươi vào mùa. Còn Sài Gòn thì mê nhất là bánh tráng trộn, ốc và bắp xào. Em cứ rủ bạn đi dạo một vòng, thấy sạp nào đông khách là ghé, vì người địa phương biết chỗ ngon. Thử từng món một, vừa ăn vừa hỏi chủ quán nguồn gốc món đó là vui lắm."
Tối nay mình muốn ra chợ đêm kiếm gì đó ăn vặt cho đỡ thèm mà không biết chọn gì. Mày có món ruột nào không?,"Món ruột của tao ở chợ đêm là bắp xào tép khô với mực rim, ngồi một góc vừa ăn vừa ngắm người qua lại. Nếu mày thích ngọt thì thử kem que dừa hay chè bà ba, còn thèm mặn thì gỏi đu đủ khô bò hoặc trứng vịt lộn chấm muối tiêu chanh. Nhớ ghé sạp bánh tráng nướng, nghe tiếng bánh cháy xèo mà đứng đợi là mê. Ăn vặt kiểu đó tốn không nhiều tiền đâu, vài chục nghìn là đi cả một vòng. Rủ mày đi luôn tối nay, tao khao ly sữa đậu nành nóng cho ấm bụng."
"Mình có đứa cháu nhỏ thích đồ chơi, định dẫn đi chợ đêm chơi cuối tuần. Chợ đêm giờ còn chỗ nào bán đồ chơi vui không?","Chợ đêm giờ vẫn còn mấy dãy đồ chơi, chủ yếu là bóng bay, xe tăng đồ chơi, súng bắn đạn nhựa và mấy bộ đồ hàng cho bé gái. Điểm hay là mấy sạp thú nhồi bông trúng thưởng vòng ném, bé chơi vui mà giá cũng mềm. Mấy quầy bóng bay hình nhân vật hoạt hình bao giờ cũng đông, đứa nhỏ nhìn là mê ngay. Nhớ dặn bé đứng sát mình vì chợ đêm xô bồ, với đừng cho bé ăn vặt quá nhiều một lúc kẻo đau bụng. Đi sớm một chút, khu đồ chơi thường đóng cửa trước khu ăn uống."
"Nghe nói món ăn đường phố ở Việt Nam nhiều và ngon lắm, mình muốn tìm hiểu xem có những món gì phổ biến để cuối tuần đi ăn thử.","Đường phố Việt Nam món nào cũng có, từ mặn tới ngọt, từ miền này qua miền kia. Sáng thì bánh mì thịt, bánh cuốn, cháo lòng; trưa xế thì bánh tráng trộn, gỏi cuốn, bò bía; tối muộn mới là thiên đường với ốc luộc, nướng, bắp xào, bánh xèo. Miền Bắc mê bún chả, bánh giò, chả cá; miền Trung chuộng bánh bèo, mì Quảng; miền Nam sành ốc, bánh khọt và hủ tiếu. Cứ đi từng tỉnh mà thử, món nào cũng có câu chuyện riêng. Một vòng quanh chợ đêm là đủ thấy sự đa dạng đó rồi, chỉ cần mang theo bụng đói với tinh thần sẵn sàng ăn là được."
Mỗi cuối tuần mình đều bị cái cảm giác muốn ra chợ đêm cho bằng được dù chẳng có mua gì. Mày có hiểu cảm giác đó không?,"Hiểu chứ, cái cảm giác đó gọi là thèm không khí chợ đêm chứ không phải thèm đồ. Nhìn đèn màu, nghe tiếng chào mời, ngửi mùi đồ nướng nghi ngút là tự nhiên thấy vui, đi một vòng không mua gì mà vẫn thấy đã. Nó kiểu như một buổi đi dạo giải tỏa, thấy người ta tấp nập là mình cũng thấy đời có sức sống. Tao cũng vậy, cuối tuần mà không ra chợ đêm là thấy thiếu thiếu cái gì đó. Đi một vòng, ngồi lại hàng nước mía uống ly nước rồi về là coi như xong một tuần, nhẹ cả người."
Thèm đặc sản quê quá mà ở đây không có sạp nào bán. Mày nghĩ làm sao để vợi bớt nỗi nhớ này?,"Thèm đặc sản quê thì mấy cách này giúp vợi lắm. Một là lên mấy hội nhóm quê hương trên mạng xã hội, thi thoảng người ta gom đơn gửi đặc sản lên thành phố, đặt chung là có món chuẩn vị. Hai là chịu khó ra chợ đêm tìm sạp người cùng quê, mấy sạp đó thường để tấm bảng ghi đặc sản của xứ mình. Ba là tự nấu thử, gọi điện hỏi mẹ công thức rồi rủ bạn về ăn thử, vừa vui vừa đỡ nhớ. Nhưng công nhận là đồ mang lên không bao giờ bằng ăn ngay tại quê, nên thi thoảng về quê ăn cho đã rồi lên tiếp."
"Có sạp đồ ăn quen ở chợ đêm mà tụi mình hay ghé, giờ lâu quá không thấy cô bán. Mày có bao giờ gặp chuyện kiểu vậy chưa?","Có chứ, tao từng gặp y hệt. Mấy sạp quen kiểu đó là một phần tuổi thơ của mình, lâu không thấy là tự nhiên lo. Có khi cô ổm, có khi đổi chỗ, có khi về quê nghỉ vài bữa rồi quay lại. Cách hay nhất là hỏi mấy sạp kế bên, họ quen nhau nên biết tin. Tao có lần tìm được cô bán bắp xào quen chuyển qua cuối chợ, mừng hết sảy. Mà cũng đừng buồn nếu sạp đó nghỉ hẳn, vì chợ đêm luôn có sạp mới thay vào, coi như cơ hội khám phá thêm món mới. Giữ kỷ niệm là được, còn món ăn thì sẽ có chỗ khác để bù vào."
"Mình muốn dẫn người yêu đi chợ đêm lần đầu, mày tư vấn cách để buổi đi đó vui và đáng nhớ?","Dẫn người yêu đi chợ đêm thì cứ đi kiểu nhẹ nhàng, đừng có lên lịch căng thẳng. Đi giờ tầm bảy tám giờ khi chợ vừa đông, vừa đi vừa thử mấy món vặt nhỏ, vừa kể chuyện tuổi thơ gắn với món đó. Tụi mình có thể đứng lại xem mấy trò chơi như ném vòng, bắt cá, hoặc ghé sạp đồ handmade để chọn món nhỏ tặng nhau. Cuối buổi ngồi lại hàng chè hoặc nước mía nghỉ chân, nhìn cảnh chợ đêm nhộn nhịp là thấy gần gũi lắm. Nhớ hỏi người kia thích ăn gì trước, đừng tự chọn hết. Và quan trọng là giữ điện thoại đầy pin, chụp vài tấm kỷ niệm là xong buổi hẹn đáng nhớ."
Tối nay có người rủ mình đi chợ đêm mà mình hơi lười. Mày có cách nào để kéo bản thân ra khỏi nhà không?,"Chuyện lười ra ngoài thì tao quen rồi, bí quyết là đừng suy nghĩ nhiều, cứ xỏ dép ra khỏi cửa cái là tự khắc đi. Có thể tự hứa đi một vòng ngắn thôi, thấy mệt thì về, nhưng khi ra tới chợ đêm nghe mùi đồ ăn là quên hết mệt. Mày cũng nên nghĩ tới phần thưởng, đặt câu hỏi tối nay sẽ ăn gì, uống gì, gặp gì, tự nhiên thấy háo hức. Hoặc rủ thêm một đứa bạn đi cùng cho có người nói chuyện, đã có lịch với người khác thì không nỡ hủy. Nói chung chỉ cần bước ra khỏi cửa được là xong, phần còn lại chợ đêm lo."
Mình đang kiếm món quà nhỏ giá bình dân để mua tặng bạn vào dịp cuối tuần. Ở chợ đêm có gì vừa độc vừa rẻ không?,"Chợ đêm là chỗ vàng để tìm quà bình dân. Mày thử mấy món đồ handmade như vòng tay đan, móc khóa thêu chữ, túi vải in hình, hoặc mấy bộ ly gốm nhỏ xinh. Còn thích kiểu ngộ nghĩnh thì có mấy món đồ chơi retro như con quay, đèn kéo quân mini, bóng bay giấy. Nếu bạn thích ăn thì mua hộp mứt dừa, kẹo dẻo, hay mấy gói đặc sản địa phương đóng gói sẵn cũng dễ thương. Chỉ cần chọn được món có chút ý nghĩa hoặc độc đáo, giá vài chục nghìn thôi là người nhận thấy vui rồi. Mua xong nhớ nhờ chủ sạp gói quà lại cho xinh xắn."
"Ăn khuya ở chợ đêm mãi cũng ngán, mày có món nào nhẹ nhàng, ăn xong đỡ áy náy không?","Nếu muốn nhẹ bụng thì chọn mấy món ít dầu mỡ. Chè đậu xanh, chè thưng nấu vừa ngọt, sữa chua nếp cẩm, hay ly sữa đậu nành nóng đều dễ chịu. Món nướng thì chọn cá nướng giấy bạc với rau củ, hoặc gỏi đu đủ tai heo chua cay ăn kèm bánh phồng tôm, ít ngán hơn hẳn. Còn nếu thích nóng hổi thì tô hủ tiếu nước trong, bánh canh ghẹ hay cháo lòng cũng nhẹ. Bí quyết là đi chợ đêm mà ăn vặt chứ đừng biến thành bữa chính, ăn vừa đủ rồi đi dạo một vòng cho tiêu cơm. Nhớ uống thêm nhiều nước để mai không thấy mệt."
"Hồi nhỏ mình hay được ba mẹ dắt đi chợ đêm, giờ nhớ lại thấy ấm áp ghê. Mày có kỷ niệm tuổi thơ nào với chợ đêm không?","Kỷ niệm tuổi thơ với chợ đêm thì tao có cả đống. Nhớ nhất là được ba dắt đi, cầm tay xuyên qua đám đông, ba hay mua cho cây kem que rồi hai cha con đứng dựa cột đèn ăn. Có lần thấy cái đèn kéo quân mê quá, nằng nặc đòi mua bằng được, mang về treo đầu giường mà ngắm hoài. Rồi mùi mứt dừa rang, tiếng kêu bim bim giòn tan, mấy sạp đồ chơi đầy màu sắc, cái gì cũng làm con nít mê. Giờ lớn đi lại chợ đêm, tự dưng thấy mùi vị hồi xưa vẫn còn nguyên, chỉ là mình không còn được dắt tay như xưa nữa. Cũng là lý do tao hay đi chợ đêm cho hoài niệm."
"Mày ơi, tối nay chợ đêm có sạp bánh tráng nướng mới khai trương nghe thơm lắm, tụi mình ghé thử đi. Mày nghĩ bánh tráng nướng giờ đa dạng cỡ nào rồi?","Bánh tráng nướng giờ biến hóa dữ lắm, không còn đơn thuần là bánh tráng phết trứng nữa. Người ta phủ thêm pate, xúc xích, bò khô, trứng cút, rồi quét sốt bơ tỏi hay sốt phô mai, có chỗ còn rắc thêm lạp xưởng và hành phi. Món này ăn đúng lúc nướng xong giòn rụm mới đã, để nguội là bị ỉu mất ngon. Sạp mới khai trương thường ưu đãi giá mềm để kéo khách, nên ghé thử là hợp lý. Tao gợi ý gọi một cái bơ tỏi, một cái pate trứng để so vị. Ngồi chờ trong tiếng bánh cháy xèo xèo mà ngửi mùi thơm là đã thấy đáng tiền."
Mình thấy người ta bàn chuyện đi chợ đêm cuối tuần thành một cái hẹn thường kỳ. Mày có nghĩ đây là thói quen đáng để duy trì không?,"Tao thấy duy trì được thì nên lắm. Chợ đêm cuối tuần không chỉ là chỗ ăn vặt, nó là chỗ để xả stress, gặp gỡ bạn bè và nhìn lại nhịp sống thành phố. Cả tuần bận bịu học hành công việc, cuối tuần ra đó đi một vòng, ăn món quen, nghe người ta trò chuyện là tự nhiên thấy nhẹ. Nó thành thói quen thì tụi mình có lý do để ra khỏi nhà, gặp nhau nói chuyện, đừng để một tuần trôi qua mà chẳng có phút nào dừng lại. Mà chi phí cũng chẳng đáng bao nhiêu, vừa giải trí vừa giữ kết nối. Tao sẵn sàng duy trì, miễn là mày nhớ kêu tao đi."
"Mình mới dọn tới khu này, muốn tìm một chợ đêm gần nhà để cuối tuần ghé. Làm sao để biết chợ nào hợp với mình?","Muốn tìm chợ đêm hợp thì cứ hỏi người bán tạp hóa gần nhà hoặc xem trên mấy hội nhóm của khu phố, họ biết rõ chợ nào đông, chợ nào món ngon. Mày có thể ghé thử vài chợ khác nhau, mỗi chợ có cái tính riêng, có chợ thiên về đồ ăn, có chợ thiên về đồ chơi quần áo. Buổi đầu cứ đi sớm tầm bảy giờ để khảo sát, thử vài món rồi đánh dấu lại sạp nào ngon. Chọn chợ gần nhà cũng là một lợi thế vì mệt là về được nhanh. Đi một hai lần là mày sẽ tự biết chợ nào hợp gu, thấy thân thuộc như nhà mình vậy."
Nghe mọi người bảo đi chợ đêm mà không ăn món gì đó là đi phí. Mày nghĩ món nào phải thử ít nhất một lần khi đi chợ đêm?,"Nếu chỉ được chọn một món thì tao chọn ốc, ăn ở chợ đêm ngon hơn chỗ nào hết. Mà nói chung mỗi chợ đêm có món đặc trưng riêng, nên mày cứ thử món mà sạp đông khách nhất, đông là có lý do. Ngoài ốc thì mấy món như bánh tráng trộn, bắp xào, bánh xèo, hay ly chè đều đáng thử. Nguyên tắc là thử ít một, đi hết một vòng rồi mới quyết định ăn gì cho chắc. Chợ đêm kiểu gì cũng có món khiến mày bất ngờ, cứ để bụng đói đi thì tự nhiên tìm được món đáng nhớ."
"Có đứa bạn rủ đi chợ đêm mua đồ dùng cá nhân, mày có mẹo gì để mua được đồ vừa rẻ vừa chất lượng ở mấy sạp này không?","Mua đồ cá nhân ở chợ đêm thì cứ nhớ mấy mẹo này. Một là đừng mua ngay sạp đầu tiên, đi cả vòng so giá rồi hãy quyết định, giá có thể chênh lệch rõ. Hai là thử tận tay, kéo khóa, soi đường may, kiểm tra chất liệu trước khi trả tiền. Ba là hỏi chủ sạp xem đồ bảo hành đổi trả thế nào, chợ đêm nhiều sạp chấp nhận đổi trong vài ngày. Bốn là mặc cả nhẹ nhàng khi mua số lượng nhiều, mua hai ba món dễ xin giảm hơn mua lẻ. Cuối cùng đừng vội khi thấy hàng giá rẻ quá bất thường, chất liệu có thể không đạt. Cứ tỉnh táo một chút là mua được đồ ưng mà không lo hớ."
Mình đang thèm một bữa ăn khuya đúng nghĩa mà không muốn nấu. Mày gợi ý món gì vừa ngon vừa nhanh ở chợ đêm?,"Nếu đói bụng thật sự thì đừng có kiếm món vặt nữa, kêu món nào ăn no được ngay. Hủ tiếu, bánh canh, cháo lòng, mì xào giòn đều nấu nhanh và đầy đặn. Còn thích nướng thì xiên thịt, cánh gà nướng với dĩa rau sống và bánh mì, ngon mà ăn xong là no. Nếu trời mưa lạnh thì tô bún bò hay lẩu bò nhỏ nấu ngay tại sạp là nhất, vừa ấm vừa đã. Nhớ gọi thêm ly trà đá hoặc nước mía để đỡ ngán. Giá mấy món đó cũng mềm, vài chục nghìn là bữa khuya no nê rồi. Đi chợ đêm đúng giờ đói là món nào cũng ngon, mày cứ tin tao."
Mình có thằng cháu hay hỏi vì sao đi chợ đêm lúc nào cũng đông người. Mày giải thích giúp mình vì sao chợ đêm hút người đến vậy?,"Chợ đêm đông là vì nó đáp ứng đúng cái nhu cầu giải trí với ăn uống của dân thành phố sau giờ làm. Người ta đi không chỉ để mua đồ mà để ra khỏi nhà, hít thở không khí đông đúc, gặp gỡ bạn bè và thư giãn cuối ngày. Đồ ăn vặt giá mềm, món nào cũng thơm phức khiến ai đi ngang cũng muốn thử. Lại thêm mấy trò chơi, đồ chơi, quần áo bình dân khiến mọi lứa tuổi đều có cái để xem. Cảm giác nhộn nhịp, đèn màu rực rỡ và tiếng cười nói khiến người ta thấy vui, cứ như một ngày hội nhỏ mỗi tối. Nói chung chợ đêm không chỉ bán đồ, nó bán cả không khí và cảm giác thoải mái nữa."
"Mình sắp có bạn ở nước ngoài qua chơi, muốn dẫn đi chợ đêm cho biết. Mày có nên giới thiệu món gì cho khách nước ngoài không?","Dẫn khách nước ngoài đi chợ đêm thì nên cho thử mấy món đặc trưng mà họ khó tìm được ở xứ khác. Bắt đầu với món nhẹ như bánh tráng trộn, gỏi cuốn, hay bò bía, vị dễ gần. Sau đó tới ốc luộc, bánh xèo, bánh khọt cho đúng gu miền Nam. Nếu họ gan dạ thì thêm trứng vịt lộn với trà đá, đảm bảo ấn tượng. Kết thúc bằng ly chè hoặc nước dừa cho mát. Nhớ giới thiệu về cách mặc cả và từng món ăn để họ hiểu văn hóa chợ đêm chứ không chỉ ăn không. Và nhắc họ bắt đầu với vị cay nhẹ trước, đừng cho ăn ớt nhiều ngay."
"Cuối tuần tao với tụi bạn định đi chợ đêm chơi, tao muốn làm gì đó đặc biệt cho vui hơn bình thường. Mày có ý tưởng nào không?","Muốn buổi chợ đêm đặc biệt thì thử mấy cái này. Đặt thử thách nho nhỏ cho cả nhóm, ví dụ mỗi đứa tự chọn một món vặt lạ nhất chưa từng ăn rồi chia sẻ cảm nhận, vui mà nhớ lâu. Hoặc rủ nhau mặc đồ thoải mái kiểu street style rồi chụp một bộ ảnh kỷ niệm quanh mấy sạp đèn màu. Có thể chơi ném vòng, bắt cá và ai thắng thì được cả nhóm khao. Kết thúc buổi ngồi lại hàng nước, mỗi người kể một kỷ niệm tuổi thơ liên quan tới món ăn đang cầm. Chợ đêm vốn đã vui, thêm mấy hoạt động nhóm như vậy là thành một buổi đáng nhớ, không chỉ đơn thuần là đi ăn."
"Mình hay nghe chữ món ăn vặt tuổi thơ, nhưng không rõ nó đặc biệt chỗ nào. Mày nghĩ sao?","Món ăn vặt tuổi thơ đặc biệt không phải vì nó cao cấp, mà vì nó gắn với ký ức và cảm xúc hồi nhỏ. Đó là những món vài nghìn đồng như me ngào, kẹo kéo, bánh đa vừng, sữa chua đá bào, mua bằng số tiền tiêu vặt còm cõi mà thấy hạnh phúc. Ăn lại món đó bây giờ, vị có thể không còn ngon như xưa, nhưng nó kéo mình về những chiều tan học, mấy đứa bạn chạy ào ra sạp quen. Người ta gọi là vị tuổi thơ vì nó đánh thức cả một đoạn đời. Nên dù bây giờ có nhiều món ngon đắt tiền hơn, món vặt xưa vẫn có chỗ riêng không gì thay được."
Tối nay rủ nhau đi chợ đêm mà trời lại mưa lất phất. Mày nghĩ nên hủy hay cứ đi?,"Mưa lất phất thì khỏi hủy, mưa kiểu đó chợ đêm vẫn đông và không khí còn lãng mạn hơn. Chỉ cần chuẩn bị áo mưa, ô với đôi dép chống trơn, rồi thử mấy món nóng là hợp trời mưa. Tô cháo lòng, hủ tiếu nước, hay chè nóng nấu sẵn vừa ấm vừa ngon hơn hẳn hôm trời nóng. Mưa cũng làm chợ bớt đông, mình đi lại thoải mái, không phải chen lấn. Nếu mưa to quá thì mới tính chuyện tạm lùi, chứ mưa nhỏ cứ đi, trải nghiệm chợ đêm mưa cũng là một kiểu hay ho. Nhớ giữ điện thoại trong túi chống nước với đừng để ướt dép."
"Mình muốn biết người bán hàng rong ở chợ đêm thường làm việc kiểu gì, có vất vả không. Mày hiểu gì về nghề này?","Bán hàng rong chợ đêm là nghề vất vả thật sự. Họ thường bắt đầu chuẩn bị từ chiều, đẩy xe hàng ra chỗ quen trước giờ đông khách, rồi đứng suốt buổi tối đến khuya. Vốn liếng nhỏ, lời một bát bún, một xiên nướng cũng mỏng, nên phải cần cù mới sống được. Lại chịu nắng mưa, khói dầu, tiếng ồn và cạnh tranh với sạp kế bên. Nhưng họ cũng có niềm vui riêng, khách quen quay lại, món ăn được khen, có người lấy đó làm động lực. Đi chợ đêm mà gặp cô chú bán hàng tử tế thì mình cứ ủng hộ, mua một phần là góp phần vào sinh kế của họ."
"Cuối tuần này mình muốn dẫn ba mẹ đi chợ đêm chơi, nhưng ba mẹ lớn tuổi đi đứng hơi chậm. Mày có lưu ý gì không?","Dẫn ba mẹ lớn tuổi đi chợ đêm thì nên tính trước cho khỏe. Đi sớm một chút, tầm sáu giờ rưỡi bảy giờ khi chợ chưa quá đông, dễ đi và ít chen lấn. Chọn chợ ít bậc thang, đường bằng phẳng, tránh chỗ mưa trơn. Vừa đi vừa dừng nghỉ, tìm hàng ghế ngồi lại giữa chừng cho ba mẹ thở, đừng cố đi hết cả chợ một lần. Ưu tiên món ăn mềm nóng như cháo, hủ tiếu, chè, đừng mời đồ dai hoặc quá cay. Nắm tay hoặc đi sát, nhắc ba mẹ cầm túi chặt. Quan trọng nhất là để ba mẹ thong thả, vui là chính, đi được bao nhiêu thì hay bấy nhiêu."
"Mình thấy mấy món ăn đường phố giờ lên hình đẹp quá, có nên chụp ảnh rồi đăng mạng không?","Chụp ảnh đồ ăn chợ đêm mà đăng thì tao thấy vui mà cũng là cách lưu kỷ niệm, chứ không có gì sai. Nhưng nên chụp tôn trọng, đừng đứng chắn lối đi hay chụp sát mặt người bán và khách khác. Hỏi chủ sạp một tiếng trước khi chụp món chính, đa số họ vui vẻ cho chụp vì coi như quảng cáo miễn phí. Chụp đẹp thì chọn góc sáng, bắt được khói nóng bốc lên, món ăn mới hấp dẫn. Đăng lên thì ghi tên chợ, tên sạp để bạn bè tìm tới ủng hộ. Chỉ cần chừng mực, không làm phiền ai là thoải mái. Biết đâu mày còn thành cầu nối cho mấy sạp quen đông khách hơn."
"Tao thèm món mình hay ăn hồi đại học lắm, giờ ra trường mấy năm không ghé lại chợ đêm đó. Mày có bao giờ quay lại chỗ cũ để tìm vị xưa chưa?","Có chứ, tao cũng từng quay lại chợ đêm hồi đại học để tìm vị xưa. Cảm giác đó lạ lắm, đứng trước sạp cũ, mùi quen, tiếng chào quen, tự dưng thấy như vừa mới hôm qua. Món ăn thì có thể không y nguyên như xưa, chủ sạp có khi đổi người, nhưng vị lần đầu chạm vào là cả tuổi trẻ ùa về. Tao khuyên mày nên thu xếp quay lại một lần, không cần đặt kỳ vọng cao, cứ đi ăn cho vui. Nếu gặp đúng cô chú cũ thì ngồi nói chuyện, hỏi thăm, người ta cũng mừng lắm. Đó là kiểu hoài niệm mà không tốn kém gì."
Mình đang phân vân không biết nên đi chợ đêm vào thứ bảy hay chủ nhật cho đỡ đông. Mày biết khác biệt giữa hai ngày này không?,"Hai ngày cuối tuần đi chợ đêm cũng có nét riêng. Thứ bảy thường đông nhất vì mọi người vừa tan làm, muốn ra chơi sớm và về muộn, không khí náo nhiệt hơn, sạp cũng đủ món nhất. Chủ nhật thì bớt đông hơn một chút, khách đi thiên về gia đình, tối hơn mới nhộn nhịp, thích hợp cho ai muốn đi nhẹ nhàng. Nếu mày thích sôi động, đông đúc, được chọn đồ nhiều thì thứ bảy. Còn muốn thong thả, ít chen lấn, dễ chọn chỗ ngồi thì chủ nhật. Tao thì hay đi chủ nhật, vì cuối tuần rồi về nghỉ luôn không lo ngày hôm sau phải dậy sớm."
"Có cách nào đi chợ đêm mà không tốn quá nhiều tiền nhưng vẫn vui không, mày?","Chắc chắn có, bí quyết là đặt trước một mức tiêu xài trong đầu rồi giữ kỷ luật. Đi bộ cả vòng trước mà đừng mua gì vội, ghi nhớ món nào đáng thử nhất rồi mới quay lại. Chọn ăn ít món nhưng chọn sạp ngon, thà ăn hai món đúng gu còn hơn mua linh tinh chục món. Mặc cả nhẹ nhàng, giá hời được chút nào hay chút đó. Đừng mang theo quá nhiều tiền mặt, mang vừa đủ để tự giới hạn. Vui thì không phụ thuộc vào chi tiêu, đi dạo ngắm chợ, ngồi uống ly nước mía nói chuyện với bạn cũng đã là một buổi tối đáng giá rồi."
Mình muốn tự tay làm món ăn vặt bán được ở chợ đêm để thử kiếm thêm thu nhập cuối tuần. Mày nghĩ món nào hợp cho người mới bắt đầu?,"Muốn khởi nghiệp chợ đêm thì chọn món vốn ít, làm nhanh, dễ giữ chất lượng và hợp đông người. Bánh tráng trộn là lựa chọn số một vì nguyên liệu sẵn, công thức đơn giản, chỉ cần trộn đều tay và pha sốt chuẩn. Kế đến là trà sữa, nước mía, kem que hay bắp xào, mấy món này ít rủi ro hỏng và khách đông. Nên thử nghiệm công thức trước ở nhà, mời bạn bè ăn thử để chỉnh vị. Quan trọng là vị trí sạp đông người qua lại, vệ sinh sạch sẽ và giá phải chăng. Làm vài buổi thử, lắng nghe khách phản hồi rồi chỉnh dần, đừng đầu tư lớn ngay từ đầu kẻo rủi ro."
"Đi chợ đêm xong về nhà lúc nào cũng thấy vui nhưng mệt. Mày có cảm giác đó không, và xử lý kiểu gì?","Tao hiểu cảm giác đó, chợ đêm vui kiểu cuốn hút nên đi xong về mới thấm mệt. Vì đi bộ nhiều, đứng chen lấn, nghe ồn ào cả buổi nên cơ thể thấm đòn lúc nào không hay. Tao thường xử lý bằng cách về nhà tắm nước ấm cho thư giãn cơ bắp, uống ly nước ấm rồi nằm duỗi chân một lát, đừng nằm lướt điện thoại ngay vì càng mệt. Nếu ngày hôm sau rảnh thì ngủ bù một chút, coi như phần thưởng cho buổi đi chơi. Với đừng quên đếm lại hôm nay vui kiểu gì, vì mệt mà vui thì vẫn đáng, coi như liều thuốc xả stress cuối tuần."
Mình thấy người ta bán cả mấy món ăn vặt từ hồi xưa mà tưởng biến mất rồi. Mày có biết món nào đang quay trở lại ở chợ đêm không?,"Nhiều món xưa đang quay lại chợ đêm, kiểu trào lưu hoài cổ nên người ta sưu tầm món cũ. Tao thấy mấy món như kẹo kéo, bánh đúc nóng, bánh đa kê, kem đá bào xay tay, chè mùa, hay bò viên viên chiên đang được bày bán lại. Cả mấy món vặt như chuối chiên, khoai lang kén, bánh cam, sữa chua đá cũng đông khách vì ai cũng muốn tìm lại vị thời thơ ấu. Mấy sạp kiểu đó thường trang trí cổ điển, mặc đồ xưa để tăng cảm giác hoài niệm. Nếu mày thích thì ghé thử, vừa ăn vừa hoài niệm, giá cũng bình dân nên không sợ hết tiền."
"Tối nay muốn đi chợ đêm một mình mà hơi ngại, mày thấy đi một mình có vui không?","Đi một mình chợ đêm vui chứ, kiểu vui riêng của người độc hành. Mày được tự do dạo theo ý thích, dừng chỗ nào tùy gu, không phải chờ ai hay bàn qua bàn lại. Nhiều sạp còn thân thiện với khách đi một mình, ngồi quầy hàng tâm sự với chủ quán cũng thú. Mày có thể ngồi một góc ăn món khoái khẩu, ngắm người qua lại, nghe tiếng chợ đêm mà thấy bình yên lạ. Nhớ giữ đồ đạc cẩn thận, điện thoại đầy pin và báo người nhà một tiếng khi về. Ban đầu hơi ngại, nhưng đi được hai ba lần là mê cảm giác tự do đó liền."
"Mình muốn rủ cả nhà nhỏ đi chợ đêm cuối tuần, nhưng sợ tụi nhỏ đói hay quấy. Mày có mẹo gì để buổi đi chợ đêm với gia đình nhỏ vui vẻ không?","Đi chợ đêm cùng gia đình nhỏ thì cứ tính trước một chút là ổn. Cho tụi nhỏ ăn lót dạ ở nhà trước, để ra chợ chỉ thử vặt vài món, tránh đói quá rồi quấy. Đặt một mốc gặp nhau cố định với người lớn, dặn tụi nhỏ nếu lạc thì ra chỗ đó đứng chờ. Chọn giờ đi sớm bớt đông, và nhắc tụi nhỏ đi sát người lớn vì chợ đêm xô bồ. Cho mỗi đứa một ít tiền nhỏ tự quản để chúng biết cân đối mua gì, vừa vui vừa học được kỹ năng. Kết thúc buổi mua thêm món quà nhỏ cho tụi nhỏ để chúng có kỷ niệm. Vậy là cả nhà vui, tụi nhỏ ngoan, mình cũng thảnh thơi."
"Mình nghe nói chợ đêm giờ còn có cả mấy khu ẩm thực riêng, ăn chung chỗ ngồi như kiểu food court. Mày thấy kiểu này có gì hay không?","Khu ẩm thực kiểu food court trong chợ đêm hay ở chỗ tiện lợi và sạch sẽ hơn, lại dễ quản lý vệ sinh. Một chỗ ngồi chung nhưng có nhiều quầy khác nhau, cả nhóm mỗi người gọi món mình thích rồi ngồi gom lại ăn chung, đỡ phải đi tới đi lui. Có chỗ còn để xe gọn, có quạt mát, khói bớt bay vào mặt người ăn. Nó hợp với ai thích kiểu ăn uống gọn gàng hơn là lê la từ sạp này sang sạp kia. Nhưng tao thấy hồn chợ đêm xưa vẫn là đi dạo thật, vừa đi vừa ăn mới đã. Có cả hai lựa chọn thì tùy hôm, hôm nào muốn sạch sẽ gọn gàng thì vô food court, hôm muốn không khí thì cứ lang thang ngoài trời."
